case_id,no_of_dependents,education,self_employed,income_annum,loan_amount,loan_term,cibil_score,residential_assets_value,commercial_assets_value,luxury_assets_value,bank_asset_value,loan_status
1,0.4,1,0,0.9690721649484536,0.7551020408163265,0.5555555555555556,0.7966666666666669,0.0824742268041237,0.9072164948453608,0.5758354755784062,0.54421768707483,1
2,0.0,0,1,0.4020618556701031,0.3035714285714285,0.3333333333333333,0.195,0.0927835051546391,0.1134020618556701,0.2185089974293059,0.2244897959183673,0
3,0.6000000000000001,1,0,0.9175257731958762,0.7499999999999999,1.0,0.3433333333333334,0.2439862542955326,0.2319587628865979,0.8483290488431877,0.870748299319728,0
4,0.6000000000000001,1,0,0.8247422680412371,0.7755102040816326,0.3333333333333333,0.2783333333333334,0.6254295532646048,0.1701030927835051,0.5912596401028278,0.5374149659863946,0
5,1.0,0,1,0.9896907216494844,0.6096938775510203,1.0,0.1366666666666667,0.4261168384879725,0.422680412371134,0.7480719794344474,0.3401360544217687,0
6,0.0,1,1,0.4742268041237113,0.336734693877551,0.4444444444444445,0.0316666666666667,0.2336769759450171,0.4278350515463917,0.3444730077120823,0.3469387755102041,0
7,1.0,1,0,0.8762886597938143,0.8341836734693877,0.1111111111111111,0.6300000000000001,0.7731958762886598,0.7628865979381443,0.7429305912596402,0.2925170068027211,1
8,0.4,1,1,0.5670103092783505,0.375,1.0,0.1366666666666667,0.4536082474226804,0.2938144329896907,0.2956298200514138,0.4081632653061224,0
9,0.0,1,1,0.0618556701030927,0.048469387755102,1.0,0.8033333333333335,0.0446735395189003,0.0412371134020618,0.0642673521850899,0.0408163265306122,1
10,1.0,0,0,0.0927835051546391,0.1020408163265306,0.4444444444444445,0.1466666666666667,0.1099656357388316,0.0721649484536082,0.0771208226221079,0.108843537414966,0
11,0.8,1,1,0.2783505154639175,0.2780612244897959,0.0,0.4116666666666667,0.2783505154639175,0.2422680412371134,0.2365038560411311,0.2108843537414966,1
12,0.4,0,1,0.6701030927835051,0.5714285714285714,0.8888888888888888,0.3966666666666667,0.5257731958762887,0.2989690721649484,0.5167095115681235,0.435374149659864,0
13,0.6000000000000001,0,1,0.4948453608247422,0.288265306122449,0.7777777777777777,0.0183333333333333,0.2199312714776632,0.4948453608247422,0.3676092544987147,0.2925170068027211,0
14,0.4,1,1,0.9175257731958762,0.7959183673469387,0.6666666666666665,0.6316666666666668,0.3711340206185567,0.8556701030927835,0.5295629820051414,0.3401360544217687,1
15,0.2,0,0,0.1752577319587628,0.1811224489795918,0.2222222222222222,0.2816666666666667,0.0652920962199312,0.0618556701030927,0.1439588688946015,0.1292517006802721,0
16,1.0,0,0,0.4639175257731959,0.2653061224489796,0.4444444444444445,0.8233333333333335,0.1958762886597938,0.2010309278350515,0.4138817480719794,0.2993197278911564,1
17,0.4,1,1,0.0309278350515463,0.0331632653061224,0.1111111111111111,0.605,0.0446735395189003,0.0051546391752577,0.0257069408740359,0.0476190476190476,1
18,0.8,0,1,0.2783505154639175,0.2321428571428571,0.6666666666666665,0.8,0.0996563573883161,0.1443298969072164,0.1645244215938303,0.2925170068027211,1
19,0.4,1,0,0.2577319587628866,0.2551020408163265,0.4444444444444445,0.7266666666666668,0.0343642611683848,0.0,0.1516709511568123,0.2244897959183673,1
20,1.0,1,0,0.6288659793814433,0.3647959183673469,0.5555555555555556,0.5866666666666667,0.3539518900343642,0.1804123711340206,0.596401028277635,0.4013605442176871,1
21,0.4,1,0,0.4948453608247422,0.4872448979591837,0.5555555555555556,0.025,0.3264604810996563,0.0824742268041237,0.455012853470437,0.4149659863945578,0
22,0.8,1,0,0.5773195876288659,0.3494897959183674,0.7777777777777777,0.3833333333333334,0.1305841924398625,0.5824742268041236,0.5629820051413882,0.3673469387755102,0
23,0.8,1,1,0.6494845360824741,0.6479591836734693,0.8888888888888888,0.0183333333333333,0.4501718213058419,0.0876288659793814,0.493573264781491,0.5782312925170069,0
24,0.0,0,1,0.0309278350515463,0.0280612244897959,0.0,0.4183333333333334,0.0309278350515463,0.0309278350515463,0.0205655526992287,0.0204081632653061,1
25,0.0,0,0,0.4845360824742268,0.2423469387755102,0.7777777777777777,0.04,0.1305841924398625,0.4484536082474226,0.2493573264781491,0.2244897959183673,0
26,1.0,0,0,0.2989690721649484,0.2346938775510204,1.0,0.3566666666666667,0.2714776632302405,0.1597938144329896,0.1619537275064267,0.1768707482993197,0
27,0.8,1,0,0.8247422680412371,0.7091836734693877,0.5555555555555556,0.6600000000000001,0.3951890034364261,0.5463917525773195,0.6426735218508998,0.489795918367347,1
28,0.8,0,1,0.2268041237113401,0.135204081632653,0.1111111111111111,0.6033333333333335,0.1546391752577319,0.2164948453608247,0.1311053984575835,0.1700680272108843,1
29,1.0,0,1,0.7010309278350515,0.6045918367346939,0.2222222222222222,0.06,0.0790378006872852,0.61340206185567,0.699228791773779,0.6598639455782314,0
30,0.6000000000000001,0,1,0.9072164948453608,0.7959183673469387,0.4444444444444445,0.9166666666666669,0.7491408934707904,0.6391752577319587,0.8586118251928021,0.54421768707483,1
31,0.4,0,0,0.9896907216494844,0.6377551020408162,0.5555555555555556,0.0216666666666667,0.6941580756013745,0.268041237113402,0.647814910025707,0.6326530612244898,0
32,0.4,1,0,0.5670103092783505,0.298469387755102,0.2222222222222222,0.1050000000000001,0.1237113402061855,0.3814432989690721,0.5501285347043703,0.2925170068027211,0
33,0.2,0,1,0.0618556701030927,0.0331632653061224,0.4444444444444445,0.2266666666666666,0.0240549828178694,0.0103092783505154,0.0488431876606683,0.0680272108843537,0
34,1.0,0,1,0.845360824742268,0.5535714285714285,0.0,0.8833333333333335,0.1305841924398625,0.2010309278350515,0.5038560411311055,0.3673469387755102,1
35,0.6000000000000001,1,0,0.4845360824742268,0.2959183673469387,0.3333333333333333,0.52,0.3333333333333333,0.0618556701030927,0.480719794344473,0.3945578231292517,1
36,0.4,1,1,0.1546391752577319,0.0790816326530612,0.3333333333333333,0.6516666666666668,0.0927835051546391,0.1443298969072164,0.1465295629820051,0.0612244897959183,1
37,0.6000000000000001,0,0,0.1443298969072164,0.1505102040816326,0.8888888888888888,0.56,0.1168384879725085,0.0360824742268041,0.1285347043701799,0.0952380952380952,1
38,1.0,1,1,0.8041237113402061,0.6862244897959183,0.2222222222222222,0.08,0.2199312714776632,0.0154639175257731,0.4215938303341902,0.4829931972789116,0
39,1.0,1,0,0.3505154639175258,0.1887755102040816,0.7777777777777777,0.8833333333333335,0.2405498281786941,0.0670103092783505,0.2493573264781491,0.1972789115646258,1
40,0.6000000000000001,0,1,0.134020618556701,0.1224489795918367,0.2222222222222222,0.0866666666666666,0.0034364261168384,0.0103092783505154,0.1362467866323907,0.0612244897959183,0
41,0.2,1,0,0.7835051546391752,0.4540816326530612,0.0,0.6866666666666668,0.2955326460481099,0.5773195876288659,0.5501285347043703,0.6122448979591837,1
42,0.4,0,0,0.9175257731958762,0.6275510204081632,0.7777777777777777,0.8700000000000001,0.7663230240549828,0.6237113402061856,0.7892030848329049,0.3537414965986394,1
43,0.6000000000000001,1,0,0.1237113402061855,0.0790816326530612,0.2222222222222222,0.4,0.0068728522336769,0.0773195876288659,0.0925449871465295,0.054421768707483,0
44,0.4,1,1,0.0618556701030927,0.0510204081632653,0.5555555555555556,0.07,0.0756013745704467,0.0670103092783505,0.0385604113110539,0.054421768707483,0
45,1.0,1,0,0.6494845360824741,0.3341836734693877,0.8888888888888888,0.8116666666666668,0.6254295532646048,0.0154639175257731,0.4087403598971722,0.3673469387755102,1
46,0.8,1,0,0.8041237113402061,0.7015306122448979,0.7777777777777777,0.0516666666666667,0.4467353951890034,0.3247422680412371,0.5424164524421594,0.7414965986394558,0
47,0.6000000000000001,0,1,0.4123711340206186,0.3647959183673469,0.2222222222222222,0.6316666666666668,0.0824742268041237,0.3556701030927835,0.2159383033419023,0.3333333333333333,1
48,0.2,1,1,0.4845360824742268,0.4795918367346938,0.6666666666666665,0.6283333333333334,0.1855670103092783,0.4690721649484536,0.4473007712082262,0.4421768707482993,1
49,0.6000000000000001,0,0,0.5463917525773195,0.5153061224489796,0.5555555555555556,0.5566666666666666,0.0274914089347079,0.4432989690721649,0.467866323907455,0.5578231292517007,1
50,0.2,0,1,0.958762886597938,0.4795918367346938,0.7777777777777777,0.6033333333333335,0.0034364261168384,0.5412371134020618,0.961439588688946,0.7959183673469389,1
51,0.8,1,0,0.7319587628865979,0.6403061224489796,0.7777777777777777,0.3366666666666666,0.0171821305841924,0.0927835051546391,0.519280205655527,0.7142857142857143,0
52,0.4,1,0,0.8762886597938143,0.6224489795918366,0.4444444444444445,0.2250000000000001,0.2336769759450171,0.1804123711340206,0.5526992287917738,0.7687074829931974,0
53,1.0,0,0,0.3711340206185567,0.1862244897959183,0.1111111111111111,0.6483333333333334,0.2989690721649484,0.0051546391752577,0.2313624678663239,0.2312925170068027,1
54,0.2,0,1,0.845360824742268,0.5790816326530611,0.5555555555555556,0.595,0.5292096219931272,0.7628865979381443,0.8123393316195373,0.5578231292517007,1
55,0.4,1,1,0.5051546391752577,0.4948979591836734,1.0,0.4833333333333334,0.2542955326460481,0.479381443298969,0.4910025706940874,0.2312925170068027,1
56,1.0,0,0,0.6701030927835051,0.6173469387755102,0.5555555555555556,0.8633333333333335,0.0412371134020618,0.2886597938144329,0.4113110539845758,0.4217687074829932,1
57,0.4,0,0,0.422680412371134,0.2627551020408163,0.8888888888888888,0.2183333333333333,0.0721649484536082,0.0773195876288659,0.2313624678663239,0.3537414965986394,0
58,1.0,1,1,0.9381443298969072,0.770408163265306,0.8888888888888888,0.9016666666666668,0.6632302405498282,0.5309278350515464,0.8817480719794345,0.5918367346938775,1
59,0.2,1,0,0.7422680412371133,0.461734693877551,1.0,0.2016666666666666,0.6357388316151202,0.4690721649484536,0.442159383033419,0.2789115646258503,0
60,0.8,0,1,0.5463917525773195,0.4566326530612244,0.7777777777777777,0.8283333333333334,0.0,0.2525773195876288,0.4704370179948586,0.326530612244898,1
61,0.4,0,0,0.8556701030927835,0.4744897959183673,0.8888888888888888,0.2966666666666667,0.8178694158075601,0.8402061855670103,0.6580976863753214,0.7755102040816327,0
62,0.6000000000000001,0,1,0.9690721649484536,0.770408163265306,0.8888888888888888,0.615,0.1615120274914089,0.0979381443298969,0.673521850899743,0.6326530612244898,1
63,1.0,0,1,0.8865979381443299,0.7295918367346939,0.2222222222222222,0.1083333333333333,0.8384879725085911,0.4432989690721649,0.6966580976863754,0.3197278911564626,0
64,0.6000000000000001,0,1,0.3195876288659794,0.183673469387755,1.0,0.4766666666666667,0.0549828178694158,0.2886597938144329,0.2622107969151671,0.1972789115646258,1
65,0.8,1,1,0.3814432989690722,0.3061224489795918,0.8888888888888888,0.8066666666666666,0.2611683848797251,0.3556701030927835,0.3290488431876606,0.1904761904761905,1
66,0.2,1,0,0.4020618556701031,0.2551020408163265,0.5555555555555556,0.1066666666666666,0.3264604810996563,0.3144329896907216,0.3753213367609254,0.1904761904761905,0
67,0.6000000000000001,0,0,0.8350515463917525,0.7346938775510203,0.4444444444444445,0.6916666666666667,0.2096219931271477,0.61340206185567,0.6118251928020566,0.8095238095238095,1
68,0.0,0,1,0.2577319587628866,0.2499999999999999,1.0,0.655,0.0068728522336769,0.0876288659793814,0.1439588688946015,0.0952380952380952,0
69,0.8,1,0,0.556701030927835,0.3086734693877551,0.1111111111111111,0.7950000000000002,0.1890034364261168,0.1597938144329896,0.2956298200514138,0.3741496598639456,1
70,0.0,1,0,0.1752577319587628,0.1198979591836734,0.5555555555555556,0.02,0.1374570446735395,0.1443298969072164,0.1182519280205655,0.163265306122449,0
71,0.8,0,1,0.0309278350515463,0.0306122448979591,1.0,0.0666666666666666,0.0034364261168384,0.0103092783505154,0.0411311053984575,0.0408163265306122,0
72,1.0,1,1,0.5257731958762886,0.4668367346938775,0.1111111111111111,0.1433333333333334,0.0927835051546391,0.5,0.2982005141388175,0.2857142857142857,1
73,1.0,0,0,0.7010309278350515,0.4591836734693877,0.1111111111111111,0.1966666666666666,0.6323024054982818,0.6030927835051546,0.544987146529563,0.5170068027210885,0
74,0.6000000000000001,0,1,0.5773195876288659,0.4183673469387755,0.7777777777777777,0.7250000000000001,0.134020618556701,0.4845360824742268,0.3161953727506427,0.380952380952381,1
75,0.4,0,0,0.2474226804123711,0.2066326530612244,0.2222222222222222,0.3233333333333333,0.2233676975945017,0.1958762886597938,0.1362467866323907,0.1360544217687075,0
76,0.4,0,0,0.1752577319587628,0.1581632653061224,0.8888888888888888,0.6183333333333334,0.0206185567010309,0.1288659793814432,0.1156812339331619,0.0748299319727891,1
77,0.8,1,0,0.5670103092783505,0.3698979591836734,0.7777777777777777,0.6616666666666668,0.4914089347079037,0.4020618556701031,0.3239074550128534,0.4285714285714286,1
78,0.0,1,0,0.9072164948453608,0.846938775510204,0.3333333333333333,0.8350000000000002,0.3986254295532646,0.4587628865979381,0.9023136246786632,0.7551020408163266,1
79,0.4,0,0,0.8556701030927835,0.7423469387755102,0.5555555555555556,0.4600000000000001,0.6048109965635738,0.2886597938144329,0.6401028277634963,0.6122448979591837,1
80,0.0,0,0,0.0515463917525773,0.0280612244897959,0.6666666666666665,0.5650000000000002,0.0652920962199312,0.0360824742268041,0.0539845758354755,0.0612244897959183,1
81,0.8,1,0,0.3402061855670103,0.2193877551020407,0.1111111111111111,0.2833333333333334,0.0446735395189003,0.1134020618556701,0.3084832904884318,0.1360544217687075,0
82,0.0,0,0,0.8865979381443299,0.7882653061224489,0.1111111111111111,0.8766666666666667,0.0996563573883161,0.0257731958762886,0.8483290488431877,0.5850340136054423,1
83,0.4,0,1,1.0,0.5331632653061223,0.7777777777777777,0.1050000000000001,0.8762886597938144,0.5876288659793815,0.6760925449871465,0.4625850340136054,0
84,0.6000000000000001,1,0,0.3505154639175258,0.211734693877551,1.0,0.5216666666666667,0.3230240549828179,0.0154639175257731,0.2570694087403599,0.2244897959183673,1
85,0.6000000000000001,0,1,0.288659793814433,0.2015306122448979,0.7777777777777777,0.6883333333333335,0.1821305841924398,0.2989690721649484,0.2750642673521851,0.2312925170068027,1
86,0.4,1,0,0.6804123711340205,0.5331632653061223,0.7777777777777777,0.2316666666666667,0.5876288659793815,0.2422680412371134,0.5912596401028278,0.2448979591836735,0
87,1.0,0,1,0.0927835051546391,0.0892857142857142,0.8888888888888888,0.145,0.0446735395189003,0.0618556701030927,0.0899742930591259,0.108843537414966,0
88,0.2,0,1,0.8762886597938143,0.7142857142857142,0.3333333333333333,0.17,0.7010309278350515,0.7010309278350515,0.7095115681233933,0.6938775510204083,0
89,0.8,1,1,0.1855670103092783,0.1964285714285714,0.2222222222222222,0.895,0.1752577319587628,0.134020618556701,0.0925449871465295,0.1972789115646258,1
90,0.4,0,0,0.9896907216494844,0.951530612244898,0.4444444444444445,0.5683333333333334,0.8281786941580755,0.0,0.5938303341902315,0.5170068027210885,1
91,0.8,1,0,0.5670103092783505,0.5306122448979591,0.8888888888888888,0.315,0.0171821305841924,0.2216494845360824,0.313624678663239,0.4081632653061224,0
92,0.8,1,0,0.8865979381443299,0.520408163265306,0.8888888888888888,0.4,0.6597938144329897,0.1649484536082474,0.5681233933161954,0.8639455782312926,0
93,0.8,1,0,0.3711340206185567,0.2193877551020407,0.1111111111111111,0.9066666666666668,0.3127147766323024,0.1804123711340206,0.3290488431876606,0.3197278911564626,1
94,0.2,1,0,0.1546391752577319,0.1556122448979591,0.4444444444444445,0.2533333333333334,0.0309278350515463,0.056701030927835,0.1362467866323907,0.1428571428571428,0
95,0.4,1,0,0.0824742268041237,0.0433673469387755,0.4444444444444445,0.1099999999999999,0.0412371134020618,0.0206185567010309,0.0745501285347043,0.0884353741496598,0
96,1.0,1,0,0.0103092783505154,0.0204081632653061,0.0,0.0,0.0034364261168384,0.0257731958762886,0.0102827763496143,0.0272108843537415,1
97,0.4,1,1,0.6597938144329897,0.375,0.8888888888888888,0.2833333333333334,0.0412371134020618,0.2474226804123711,0.4601542416452442,0.4761904761904762,0
98,0.4,0,0,0.8762886597938143,0.6301020408163265,1.0,0.935,0.5051546391752577,0.4381443298969072,0.5886889460154242,0.4965986394557823,1
99,0.8,1,0,0.9484536082474226,0.7423469387755102,0.5555555555555556,0.4366666666666667,0.8900343642611683,0.7835051546391752,0.9280205655526992,0.4829931972789116,1
100,0.0,1,0,0.4329896907216495,0.2678571428571428,0.6666666666666665,0.2716666666666667,0.0824742268041237,0.2474226804123711,0.3470437017994858,0.3197278911564626,0
101,0.8,0,0,0.0206185567010309,0.0153061224489795,0.5555555555555556,0.2966666666666667,0.0240549828178694,0.0051546391752577,0.0231362467866323,0.0068027210884353,0
102,0.4,0,1,0.0103092783505154,0.0204081632653061,0.0,0.6700000000000002,0.0103092783505154,0.0103092783505154,0.0051413881748071,0.0136054421768707,1
103,0.4,0,1,0.422680412371134,0.3214285714285714,1.0,0.53,0.3917525773195876,0.1855670103092783,0.2853470437017995,0.163265306122449,1
104,0.8,1,0,0.1443298969072164,0.1071428571428571,0.5555555555555556,0.5550000000000002,0.0240549828178694,0.0876288659793814,0.0976863753213367,0.1292517006802721,1
105,1.0,0,1,0.6185567010309277,0.5943877551020408,0.4444444444444445,0.0516666666666667,0.6357388316151202,0.5309278350515464,0.6041131105398458,0.5918367346938775,0
106,0.6000000000000001,0,1,0.4123711340206186,0.2397959183673469,0.7777777777777777,0.9016666666666668,0.268041237113402,0.0154639175257731,0.4215938303341902,0.3469387755102041,1
107,0.8,0,1,0.9072164948453608,0.4540816326530612,0.5555555555555556,0.7733333333333334,0.0206185567010309,0.8505154639175257,0.5269922879177379,0.7891156462585035,1
108,0.0,1,0,0.2577319587628866,0.2627551020408163,0.2222222222222222,0.4850000000000001,0.0446735395189003,0.1391752577319587,0.2467866323907455,0.1224489795918367,1
109,0.2,1,1,0.979381443298969,0.9081632653061223,0.0,0.6983333333333335,0.6735395189003436,0.3917525773195876,0.5167095115681235,0.7414965986394558,1
110,0.4,1,0,0.3195876288659794,0.1658163265306122,0.6666666666666665,0.0283333333333333,0.1168384879725085,0.0154639175257731,0.2930591259640103,0.2448979591836735,0
111,0.0,0,0,0.0103092783505154,0.0204081632653061,0.3333333333333333,0.7966666666666669,0.0274914089347079,0.0103092783505154,0.0154241645244215,0.0068027210884353,1
112,0.6000000000000001,1,1,0.7422680412371133,0.4566326530612244,0.6666666666666665,0.0033333333333334,0.1924398625429553,0.1597938144329896,0.4524421593830334,0.3401360544217687,0
113,1.0,0,0,0.7113402061855669,0.4948979591836734,0.3333333333333333,0.3366666666666666,0.2508591065292096,0.2886597938144329,0.6426735218508998,0.6666666666666667,0
114,1.0,0,1,0.7319587628865979,0.5561224489795917,0.8888888888888888,0.965,0.6701030927835051,0.5463917525773195,0.4884318766066838,0.6666666666666667,1
115,0.2,0,0,0.845360824742268,0.5892857142857142,0.6666666666666665,0.2283333333333334,0.5292096219931272,0.2989690721649484,0.8508997429305913,0.5510204081632654,0
116,0.0,0,1,0.3195876288659794,0.2678571428571428,0.5555555555555556,0.8283333333333334,0.0206185567010309,0.3092783505154639,0.1902313624678663,0.2244897959183673,1
117,0.8,0,1,0.5773195876288659,0.5841836734693877,0.8888888888888888,0.26,0.5532646048109966,0.2164948453608247,0.5732647814910027,0.5102040816326531,0
118,0.0,0,0,0.0412371134020618,0.0331632653061224,0.2222222222222222,0.5783333333333334,0.0515463917525773,0.0309278350515463,0.0308483290488431,0.0476190476190476,1
119,0.0,0,0,0.7216494845360825,0.3954081632653061,0.5555555555555556,0.1316666666666667,0.436426116838488,0.6288659793814433,0.544987146529563,0.2448979591836735,0
120,0.2,0,1,0.9175257731958762,0.8316326530612244,0.0,0.6950000000000001,0.0756013745704467,0.1030927835051546,0.5989717223650386,0.4013605442176871,1
121,1.0,1,0,0.0721649484536082,0.0510204081632653,0.7777777777777777,0.4083333333333334,0.0034364261168384,0.0103092783505154,0.0616966580976863,0.054421768707483,0
122,0.4,1,0,0.0618556701030927,0.0739795918367346,0.3333333333333333,0.0283333333333333,0.0103092783505154,0.0515463917525773,0.0437017994858611,0.0612244897959183,0
123,0.2,0,0,0.8556701030927835,0.8316326530612244,0.4444444444444445,0.45,0.1752577319587628,0.3195876288659793,0.519280205655527,0.3741496598639456,1
124,0.0,0,1,0.9072164948453608,0.4693877551020408,0.8888888888888888,0.9416666666666668,0.9209621993127148,0.0,0.5295629820051414,0.7687074829931974,1
125,0.6000000000000001,1,0,0.7010309278350515,0.4897959183673469,0.6666666666666665,0.6983333333333335,0.4192439862542955,0.5309278350515464,0.4601542416452442,0.6938775510204083,1
126,0.6000000000000001,1,0,0.0,0.0076530612244897,0.7777777777777777,0.8683333333333334,0.0137457044673539,0.0051546391752577,0.0051413881748071,0.0068027210884353,1
127,0.8,0,1,0.0206185567010309,0.0127551020408163,0.4444444444444445,0.9316666666666668,0.0309278350515463,0.0257731958762886,0.0128534704370179,0.0136054421768707,1
128,0.6000000000000001,0,0,0.5051546391752577,0.4566326530612244,0.4444444444444445,0.1583333333333333,0.0034364261168384,0.4123711340206185,0.390745501285347,0.4285714285714286,0
129,0.4,0,1,0.0515463917525773,0.058673469387755,0.5555555555555556,0.215,0.0549828178694158,0.0670103092783505,0.0616966580976863,0.054421768707483,0
130,0.6000000000000001,1,0,0.0206185567010309,0.0229591836734693,0.5555555555555556,0.935,0.0068728522336769,0.0309278350515463,0.0205655526992287,0.0136054421768707,1
131,0.0,0,1,0.958762886597938,0.5229591836734693,0.6666666666666665,0.4416666666666667,0.5189003436426116,0.61340206185567,0.8637532133676094,0.9115646258503404,1
132,1.0,1,0,0.8865979381443299,0.568877551020408,0.4444444444444445,0.095,0.2714776632302405,0.4432989690721649,0.4601542416452442,0.3333333333333333,0
133,0.6000000000000001,0,1,0.1649484536082474,0.0841836734693877,0.8888888888888888,0.275,0.0206185567010309,0.0257731958762886,0.1311053984575835,0.1768707482993197,0
134,0.8,0,1,0.6804123711340205,0.3469387755102041,0.3333333333333333,0.2983333333333333,0.4020618556701031,0.4690721649484536,0.6529562982005142,0.653061224489796,0
135,0.6000000000000001,0,0,0.134020618556701,0.1326530612244897,0.7777777777777777,0.6950000000000001,0.0721649484536082,0.0412371134020618,0.1053984575835475,0.0884353741496598,1
136,0.6000000000000001,1,0,0.1443298969072164,0.1326530612244897,0.5555555555555556,0.2083333333333333,0.0206185567010309,0.0412371134020618,0.1311053984575835,0.0612244897959183,0
137,0.4,0,0,0.4536082474226804,0.4183673469387755,0.0,0.81,0.0068728522336769,0.3041237113402061,0.3496143958868895,0.4149659863945578,1
138,1.0,0,1,0.2061855670103092,0.1632653061224489,0.2222222222222222,0.1366666666666667,0.1512027491408934,0.0670103092783505,0.2133676092544987,0.0748299319727891,0
139,0.6000000000000001,0,1,0.2783505154639175,0.2091836734693877,0.5555555555555556,0.44,0.0343642611683848,0.1597938144329896,0.1850899742930591,0.1224489795918367,1
140,0.0,1,0,0.0,0.010204081632653,0.3333333333333333,0.3350000000000001,0.0171821305841924,0.0103092783505154,0.0102827763496143,0.0068027210884353,0
141,0.4,0,1,0.2371134020618556,0.2321428571428571,0.4444444444444445,0.7116666666666667,0.2268041237113402,0.211340206185567,0.2365038560411311,0.2244897959183673,1
142,0.8,0,0,0.3505154639175258,0.183673469387755,0.2222222222222222,0.99,0.0378006872852233,0.3350515463917525,0.1825192802056555,0.1904761904761905,1
143,0.0,1,1,0.5463917525773195,0.4183673469387755,0.8888888888888888,0.8816666666666668,0.1890034364261168,0.0670103092783505,0.3213367609254499,0.4013605442176871,1
144,0.8,0,0,0.6597938144329897,0.4362244897959184,1.0,0.3433333333333334,0.0893470790378006,0.5154639175257731,0.6580976863753214,0.489795918367347,0
145,0.4,1,1,0.8659793814432989,0.8112244897959183,0.2222222222222222,0.8366666666666667,0.3230240549828179,0.8608247422680412,0.622107969151671,0.6666666666666667,1
146,1.0,0,0,0.0412371134020618,0.0306122448979591,0.6666666666666665,0.405,0.0103092783505154,0.0463917525773195,0.0462724935732647,0.0204081632653061,0
147,0.6000000000000001,1,1,0.1237113402061855,0.0739795918367346,1.0,0.7866666666666668,0.0824742268041237,0.0463917525773195,0.1233933161953727,0.108843537414966,1
148,0.6000000000000001,1,0,0.3917525773195876,0.2755102040816327,0.5555555555555556,0.4533333333333333,0.3333333333333333,0.0051546391752577,0.313624678663239,0.163265306122449,1
149,0.0,0,1,0.4845360824742268,0.2959183673469387,0.7777777777777777,0.6816666666666666,0.5017182130584192,0.0463917525773195,0.467866323907455,0.2585034013605442,1
150,1.0,1,0,0.1855670103092783,0.1505102040816326,0.8888888888888888,0.17,0.1374570446735395,0.1082474226804123,0.1773778920308483,0.0748299319727891,0
151,0.2,0,1,0.5154639175257731,0.4846938775510204,0.3333333333333333,0.3016666666666667,0.4914089347079037,0.4896907216494845,0.4755784061696658,0.2857142857142857,0
152,1.0,1,1,0.8969072164948453,0.7270408163265305,0.2222222222222222,0.7866666666666668,0.4673539518900343,0.2835051546391752,0.5167095115681235,0.5714285714285715,1
153,0.2,1,1,0.6494845360824741,0.5178571428571428,0.0,0.01,0.5463917525773195,0.0979381443298969,0.4575835475578406,0.217687074829932,1
154,0.4,0,0,0.1134020618556701,0.1071428571428571,0.2222222222222222,0.1916666666666667,0.0,0.0463917525773195,0.0668380462724935,0.0816326530612245,0
155,0.6000000000000001,0,0,0.9484536082474226,0.885204081632653,0.7777777777777777,0.4133333333333334,0.6254295532646048,0.2268041237113402,0.9203084832904884,0.326530612244898,0
156,1.0,0,0,0.4948453608247422,0.2780612244897959,0.3333333333333333,0.6683333333333334,0.3127147766323024,0.0257731958762886,0.352185089974293,0.3129251700680272,1
157,0.4,1,0,0.288659793814433,0.1887755102040816,0.5555555555555556,0.9833333333333334,0.1615120274914089,0.2216494845360824,0.2082262210796915,0.1428571428571428,1
158,1.0,0,1,1.0,0.8418367346938774,0.2222222222222222,0.1066666666666666,0.1821305841924398,0.963917525773196,0.7069408740359898,0.5646258503401361,0
159,1.0,1,1,0.0515463917525773,0.0255102040816326,1.0,0.6733333333333333,0.0549828178694158,0.0,0.0488431876606683,0.0408163265306122,1
160,0.6000000000000001,1,1,0.3917525773195876,0.2627551020408163,0.4444444444444445,0.03,0.0515463917525773,0.2628865979381443,0.1979434447300771,0.3333333333333333,0
161,1.0,0,0,0.2989690721649484,0.2372448979591836,0.0,0.7683333333333333,0.1993127147766323,0.0927835051546391,0.2596401028277635,0.2857142857142857,1
162,0.8,0,0,0.4432989690721649,0.3775510204081632,0.2222222222222222,0.655,0.127147766323024,0.0773195876288659,0.4498714652956298,0.4081632653061224,1
163,0.6000000000000001,0,0,0.979381443298969,0.5178571428571428,0.7777777777777777,0.3733333333333334,0.831615120274914,0.5721649484536082,0.6966580976863754,0.4149659863945578,0
164,0.4,0,1,0.1855670103092783,0.1275510204081632,0.4444444444444445,0.635,0.1683848797250859,0.0721649484536082,0.1028277634961439,0.1972789115646258,1
165,0.4,1,1,0.8144329896907216,0.5612244897959183,0.8888888888888888,0.7283333333333335,0.7663230240549828,0.6494845360824743,0.686375321336761,0.4965986394557823,1
166,0.0,0,0,0.5670103092783505,0.3979591836734694,0.7777777777777777,0.5633333333333335,0.0034364261168384,0.4896907216494845,0.4113110539845758,0.3061224489795918,1
167,0.8,0,0,0.5773195876288659,0.3188775510204081,0.0,0.5933333333333335,0.0171821305841924,0.2577319587628865,0.403598971722365,0.1904761904761905,1
168,0.2,1,0,0.1649484536082474,0.1581632653061224,0.2222222222222222,0.4,0.0859106529209622,0.1649484536082474,0.1208226221079691,0.0748299319727891,0
169,0.8,0,1,0.9175257731958762,0.8903061224489796,0.2222222222222222,0.0683333333333333,0.0343642611683848,0.0154639175257731,0.5861182519280206,0.5578231292517007,0
170,0.0,0,1,0.4742268041237113,0.4387755102040816,0.0,0.1183333333333334,0.4020618556701031,0.3505154639175257,0.4730077120822622,0.2380952380952381,1
171,0.6000000000000001,0,1,0.3711340206185567,0.2602040816326531,0.5555555555555556,0.9766666666666668,0.1374570446735395,0.0257731958762886,0.3753213367609254,0.1564625850340136,1
172,0.0,0,0,0.1752577319587628,0.096938775510204,0.8888888888888888,0.8350000000000002,0.0137457044673539,0.0412371134020618,0.1156812339331619,0.0816326530612245,1
173,0.6000000000000001,0,1,0.3505154639175258,0.2346938775510204,0.7777777777777777,0.7466666666666668,0.2646048109965636,0.1237113402061855,0.2416452442159383,0.1768707482993197,1
174,0.4,0,1,0.7422680412371133,0.711734693877551,0.3333333333333333,0.1266666666666667,0.7525773195876289,0.2577319587628865,0.4395886889460154,0.3537414965986394,0
175,0.8,0,1,0.6597938144329897,0.3571428571428571,0.3333333333333333,0.1183333333333334,0.3711340206185567,0.4896907216494845,0.467866323907455,0.5034013605442177,0
176,0.4,1,0,0.1649484536082474,0.1275510204081632,0.2222222222222222,0.8766666666666667,0.1546391752577319,0.0360824742268041,0.1593830334190231,0.0884353741496598,1
177,0.8,0,0,0.9278350515463916,0.6862244897959183,0.5555555555555556,0.955,0.1546391752577319,0.0927835051546391,0.8611825192802057,0.7755102040816327,1
178,1.0,0,1,0.2268041237113401,0.211734693877551,0.3333333333333333,0.015,0.0171821305841924,0.0309278350515463,0.1388174807197943,0.1904761904761905,0
179,0.8,0,0,0.556701030927835,0.3316326530612244,1.0,0.9483333333333336,0.1134020618556701,0.3865979381443299,0.506426735218509,0.4421768707482993,1
180,1.0,1,0,0.3711340206185567,0.3469387755102041,0.5555555555555556,0.39,0.1615120274914089,0.1494845360824742,0.2030848329048843,0.1904761904761905,0
181,0.6000000000000001,0,1,0.4432989690721649,0.4489795918367347,0.2222222222222222,0.8116666666666668,0.3367697594501718,0.1855670103092783,0.3598971722365038,0.2857142857142857,1
182,0.0,1,1,0.0721649484536082,0.048469387755102,0.7777777777777777,0.4433333333333333,0.0034364261168384,0.0360824742268041,0.0437017994858611,0.0408163265306122,1
183,0.0,0,0,0.268041237113402,0.2448979591836734,0.3333333333333333,0.7366666666666668,0.1683848797250859,0.0670103092783505,0.1645244215938303,0.1156462585034013,1
184,0.4,0,0,0.7525773195876289,0.5816326530612245,0.1111111111111111,0.8733333333333335,0.415807560137457,0.5618556701030928,0.6683804627249358,0.6462585034013606,1
185,0.8,1,0,0.1237113402061855,0.0714285714285714,0.6666666666666665,0.4583333333333333,0.1030927835051546,0.1082474226804123,0.1182519280205655,0.0952380952380952,1
186,0.4,1,1,0.3711340206185567,0.2704081632653061,0.4444444444444445,0.7766666666666668,0.0652920962199312,0.2010309278350515,0.2133676092544987,0.2040816326530612,1
187,0.2,0,1,0.1546391752577319,0.1198979591836734,0.4444444444444445,0.9800000000000002,0.0996563573883161,0.0463917525773195,0.0976863753213367,0.1496598639455782,1
188,0.6000000000000001,1,1,0.9072164948453608,0.7678571428571428,0.2222222222222222,0.5633333333333335,0.5773195876288659,0.5670103092783505,0.6838046272493574,0.6258503401360545,1
189,1.0,0,1,0.7319587628865979,0.586734693877551,0.2222222222222222,0.5366666666666666,0.2439862542955326,0.5979381443298969,0.6709511568123394,0.7142857142857143,1
190,0.2,0,0,0.7422680412371133,0.4974489795918367,0.8888888888888888,0.2633333333333334,0.4329896907216495,0.3195876288659793,0.7043701799485862,0.272108843537415,0
191,0.2,0,0,0.9072164948453608,0.711734693877551,0.7777777777777777,0.045,0.0584192439862542,0.1185567010309278,0.609254498714653,0.761904761904762,0
192,0.0,0,0,0.288659793814433,0.1581632653061224,0.0,0.52,0.3024054982817869,0.1752577319587628,0.1645244215938303,0.1156462585034013,1
193,0.2,1,0,0.0618556701030927,0.0663265306122449,0.3333333333333333,0.6366666666666667,0.0756013745704467,0.056701030927835,0.0668380462724935,0.0476190476190476,1
194,0.4,1,0,0.4742268041237113,0.3290816326530612,0.0,0.4716666666666667,0.4707903780068728,0.2989690721649484,0.2365038560411311,0.3537414965986394,1
195,1.0,0,0,0.6391752577319587,0.4591836734693877,0.3333333333333333,0.6616666666666668,0.3436426116838488,0.1855670103092783,0.5706940874035991,0.2448979591836735,1
196,0.6000000000000001,1,0,0.9278350515463916,0.6836734693877551,0.5555555555555556,0.01,0.1993127147766323,0.5927835051546392,0.712082262210797,0.653061224489796,0
197,0.8,0,1,0.0206185567010309,0.0306122448979591,0.0,0.615,0.0,0.0309278350515463,0.0154241645244215,0.0340136054421768,1
198,0.4,0,0,0.268041237113402,0.1454081632653061,0.8888888888888888,0.8600000000000001,0.2164948453608247,0.2164948453608247,0.1979434447300771,0.2312925170068027,1
199,0.8,0,1,0.8556701030927835,0.7295918367346939,1.0,0.2583333333333334,0.5223367697594502,0.2989690721649484,0.5706940874035991,0.6394557823129252,0
200,0.6000000000000001,1,1,0.4639175257731959,0.4107142857142857,0.4444444444444445,0.03,0.3917525773195876,0.4175257731958763,0.4087403598971722,0.2925170068027211,0
201,0.8,0,1,0.9896907216494844,0.5331632653061223,1.0,0.0916666666666666,0.7560137457044673,0.4587628865979381,0.8097686375321338,0.979591836734694,0
202,0.4,0,1,0.3711340206185567,0.2193877551020407,0.7777777777777777,0.1483333333333334,0.0068728522336769,0.2886597938144329,0.3059125964010282,0.1496598639455782,0
203,0.4,1,0,0.0309278350515463,0.0306122448979591,0.0,0.9800000000000002,0.0515463917525773,0.0154639175257731,0.0308483290488431,0.0408163265306122,1
204,0.4,1,1,0.6907216494845361,0.3903061224489796,0.2222222222222222,0.0866666666666666,0.4467353951890034,0.2731958762886597,0.5732647814910027,0.6802721088435375,0
205,0.8,0,1,0.9690721649484536,0.760204081632653,0.5555555555555556,0.9500000000000002,0.0103092783505154,0.345360824742268,0.974293059125964,0.380952380952381,1
206,0.6000000000000001,0,0,0.2783505154639175,0.1581632653061224,0.8888888888888888,0.8783333333333334,0.2852233676975945,0.0309278350515463,0.2596401028277635,0.217687074829932,1
207,0.4,1,0,0.9896907216494844,0.5255102040816326,0.5555555555555556,0.78,0.1168384879725085,0.5257731958762887,0.9845758354755784,0.9115646258503404,1
208,0.0,1,0,0.7113402061855669,0.3852040816326531,0.8888888888888888,0.6783333333333335,0.3539518900343642,0.5567010309278351,0.4961439588688945,0.3945578231292517,1
209,0.2,0,1,0.7731958762886597,0.4795918367346938,0.4444444444444445,0.0916666666666666,0.3883161512027491,0.2525773195876288,0.5552699228791774,0.4489795918367347,0
210,0.6000000000000001,1,0,0.1237113402061855,0.0765306122448979,0.0,0.5866666666666667,0.0034364261168384,0.1082474226804123,0.0822622107969151,0.1292517006802721,1
211,0.6000000000000001,1,0,0.7835051546391752,0.3979591836734694,0.0,0.6083333333333334,0.4948453608247422,0.0463917525773195,0.6915167095115682,0.3673469387755102,1
212,1.0,0,1,0.1546391752577319,0.1454081632653061,0.8888888888888888,0.2,0.0171821305841924,0.0824742268041237,0.0874035989717223,0.1564625850340136,0
213,0.4,0,0,0.8556701030927835,0.8265306122448979,0.8888888888888888,0.285,0.4329896907216495,0.4845360824742268,0.8637532133676094,0.8503401360544218,0
214,1.0,0,0,0.1752577319587628,0.183673469387755,1.0,0.6916666666666667,0.1752577319587628,0.1443298969072164,0.1593830334190231,0.1904761904761905,1
215,0.4,0,1,0.6701030927835051,0.3801020408163265,0.4444444444444445,0.6483333333333334,0.0,0.422680412371134,0.377892030848329,0.4625850340136054,1
216,0.6000000000000001,1,1,0.6907216494845361,0.4107142857142857,0.1111111111111111,0.8116666666666668,0.3814432989690721,0.3144329896907216,0.6709511568123394,0.2585034013605442,1
217,0.4,1,0,0.2474226804123711,0.1913265306122449,0.1111111111111111,0.865,0.1065292096219931,0.2216494845360824,0.1388174807197943,0.1020408163265306,1
218,0.8,1,1,0.9690721649484536,0.5306122448979591,0.2222222222222222,0.8483333333333334,0.5532646048109966,0.4896907216494845,0.8843187660668381,0.5918367346938775,1
219,0.2,0,1,0.6804123711340205,0.4260204081632653,0.0,0.74,0.5326460481099656,0.2010309278350515,0.6015424164524422,0.2380952380952381,1
220,0.0,0,0,0.3092783505154639,0.2806122448979591,0.2222222222222222,0.3066666666666667,0.120274914089347,0.2835051546391752,0.2107969151670951,0.1428571428571428,0
221,0.8,0,0,0.2783505154639175,0.2576530612244898,0.2222222222222222,0.6216666666666668,0.1752577319587628,0.0876288659793814,0.2647814910025707,0.1156462585034013,1
222,0.6000000000000001,1,1,0.7938144329896907,0.5331632653061223,0.8888888888888888,0.6583333333333334,0.4742268041237113,0.5463917525773195,0.5526992287917738,0.3333333333333333,1
223,0.8,0,1,0.3814432989690722,0.3086734693877551,0.5555555555555556,0.2883333333333333,0.2199312714776632,0.2422680412371134,0.3290488431876606,0.2585034013605442,0
224,0.8,1,1,0.4536082474226804,0.2729591836734694,0.0,0.3183333333333333,0.3092783505154639,0.2061855670103092,0.4061696658097686,0.2380952380952381,0
225,0.6000000000000001,0,1,0.0515463917525773,0.0357142857142857,0.3333333333333333,0.7216666666666667,0.0412371134020618,0.0412371134020618,0.0539845758354755,0.0340136054421768,1
226,0.0,0,0,0.5154639175257731,0.3903061224489796,1.0,0.2233333333333333,0.4845360824742268,0.2989690721649484,0.4575835475578406,0.3741496598639456,0
227,0.6000000000000001,0,1,0.5876288659793814,0.5178571428571428,0.4444444444444445,0.7950000000000002,0.0652920962199312,0.2371134020618556,0.5372750642673523,0.435374149659864,1
228,0.8,1,0,0.7216494845360825,0.4795918367346938,0.1111111111111111,0.79,0.3230240549828179,0.3608247422680412,0.4524421593830334,0.2448979591836735,1
229,0.2,0,1,0.8762886597938143,0.6811224489795917,0.4444444444444445,0.6950000000000001,0.8762886597938144,0.4432989690721649,0.442159383033419,0.6190476190476191,1
230,0.6000000000000001,0,1,0.0927835051546391,0.0816326530612245,0.5555555555555556,0.3383333333333334,0.1030927835051546,0.0206185567010309,0.0488431876606683,0.0816326530612245,0
231,0.2,1,1,0.3917525773195876,0.2704081632653061,0.6666666666666665,0.4966666666666667,0.1237113402061855,0.3402061855670103,0.3419023136246786,0.2993197278911564,1
232,0.4,1,0,0.9896907216494844,0.818877551020408,0.0,0.405,0.831615120274914,0.9020618556701032,0.6529562982005142,0.5238095238095238,1
233,0.0,0,1,0.2577319587628866,0.1658163265306122,1.0,0.8266666666666667,0.0240549828178694,0.2164948453608247,0.1722365038560411,0.1292517006802721,1
234,0.6000000000000001,0,1,0.8865979381443299,0.8749999999999999,0.3333333333333333,0.1433333333333334,0.5085910652920962,0.8505154639175257,0.4652956298200514,0.4081632653061224,0
235,1.0,0,1,0.3195876288659794,0.1913265306122449,0.7777777777777777,0.5533333333333335,0.2920962199312715,0.0257731958762886,0.1748071979434447,0.3333333333333333,1
236,0.2,1,1,0.6907216494845361,0.5892857142857142,0.1111111111111111,0.3016666666666667,0.6426116838487972,0.056701030927835,0.5938303341902315,0.6938775510204083,1
237,0.6000000000000001,1,1,0.0721649484536082,0.0816326530612245,0.1111111111111111,0.7833333333333334,0.0240549828178694,0.0,0.0437017994858611,0.0408163265306122,0
238,0.6000000000000001,1,1,0.4020618556701031,0.3877551020408163,0.2222222222222222,0.6116666666666668,0.0962199312714776,0.0824742268041237,0.3701799485861182,0.272108843537415,1
239,0.6000000000000001,0,1,0.4639175257731959,0.4387755102040816,0.3333333333333333,0.4750000000000001,0.0412371134020618,0.1597938144329896,0.2390745501285347,0.3333333333333333,1
240,1.0,1,1,0.3298969072164948,0.288265306122449,0.7777777777777777,0.2983333333333333,0.3161512027491409,0.2938144329896907,0.2802056555269923,0.163265306122449,0
241,0.4,1,0,0.9690721649484536,0.5663265306122448,0.8888888888888888,0.9183333333333334,0.2542955326460481,0.8350515463917526,0.6169665809768639,0.8639455782312926,1
242,0.6000000000000001,0,1,0.7010309278350515,0.4056122448979591,0.2222222222222222,0.13,0.6872852233676976,0.6494845360824743,0.5141388174807199,0.3741496598639456,0
243,1.0,1,0,0.5670103092783505,0.3214285714285714,0.8888888888888888,0.8450000000000002,0.140893470790378,0.0463917525773195,0.4704370179948586,0.3741496598639456,1
244,0.2,0,1,0.8247422680412371,0.818877551020408,0.8888888888888888,0.885,0.7835051546391752,0.634020618556701,0.4473007712082262,0.5306122448979592,1
245,0.4,0,0,0.1958762886597938,0.1224489795918367,0.5555555555555556,0.6233333333333333,0.0756013745704467,0.1649484536082474,0.1568123393316195,0.163265306122449,1
246,0.2,0,1,0.8041237113402061,0.7091836734693877,0.8888888888888888,0.7083333333333335,0.0652920962199312,0.6597938144329897,0.5835475578406171,0.5102040816326531,1
247,0.4,0,0,0.8041237113402061,0.7397959183673468,0.1111111111111111,0.5,0.5670103092783505,0.6804123711340206,0.7480719794344474,0.4421768707482993,1
248,0.0,0,1,0.9484536082474226,0.6811224489795917,0.4444444444444445,0.3933333333333334,0.1512027491408934,0.0876288659793814,0.8611825192802057,0.326530612244898,0
249,0.0,1,0,0.845360824742268,0.5178571428571428,0.4444444444444445,0.295,0.0515463917525773,0.0773195876288659,0.634961439588689,0.8095238095238095,0
250,0.2,0,1,0.1752577319587628,0.1198979591836734,0.2222222222222222,0.4333333333333333,0.0343642611683848,0.0979381443298969,0.1542416452442159,0.0952380952380952,1
251,0.0,0,1,0.4123711340206186,0.4107142857142857,1.0,0.3983333333333334,0.3264604810996563,0.1082474226804123,0.2853470437017995,0.2108843537414966,0
252,1.0,1,0,0.2474226804123711,0.2244897959183673,0.3333333333333333,0.9200000000000002,0.127147766323024,0.0360824742268041,0.2570694087403599,0.2244897959183673,1
253,0.6000000000000001,0,0,0.3608247422680412,0.2091836734693877,1.0,0.9216666666666667,0.2852233676975945,0.2938144329896907,0.1850899742930591,0.3333333333333333,1
254,0.0,1,0,0.8865979381443299,0.7806122448979591,0.5555555555555556,0.7150000000000001,0.0584192439862542,0.0360824742268041,0.6529562982005142,0.7755102040816327,1
255,0.4,0,0,0.1958762886597938,0.1122448979591836,0.0,0.41,0.2061855670103092,0.1649484536082474,0.1388174807197943,0.1020408163265306,0
256,0.6000000000000001,1,1,0.0721649484536082,0.0535714285714285,0.4444444444444445,0.315,0.0274914089347079,0.0,0.0642673521850899,0.0340136054421768,0
257,0.6000000000000001,1,1,0.9896907216494844,0.895408163265306,0.2222222222222222,0.9483333333333336,0.4948453608247422,0.845360824742268,0.5784061696658098,0.7006802721088435,1
258,0.4,0,0,0.8041237113402061,0.5025510204081632,0.0,0.3366666666666666,0.140893470790378,0.1134020618556701,0.8046272493573265,0.6734693877551021,0
259,0.0,1,0,0.9896907216494844,0.9821428571428572,0.3333333333333333,0.5866666666666667,0.7972508591065292,0.979381443298969,0.7557840616966581,0.3673469387755102,1
260,0.0,0,1,0.0103092783505154,0.0204081632653061,0.3333333333333333,0.8150000000000002,0.0137457044673539,0.0051546391752577,0.0128534704370179,0.0272108843537415,1
261,0.8,0,0,0.2577319587628866,0.1989795918367346,0.1111111111111111,0.0416666666666667,0.1718213058419244,0.0412371134020618,0.2467866323907455,0.2312925170068027,1
262,0.6000000000000001,1,1,0.7422680412371133,0.4923469387755102,0.0,0.6933333333333334,0.140893470790378,0.4587628865979381,0.7403598971722366,0.2857142857142857,1
263,0.6000000000000001,1,0,0.9278350515463916,0.8673469387755102,0.8888888888888888,0.3716666666666667,0.8797250859106529,0.2061855670103092,0.7403598971722366,0.5986394557823129,0
264,1.0,0,0,0.958762886597938,0.5586734693877551,1.0,0.0866666666666666,0.8419243986254296,0.0,0.7840616966580978,0.4761904761904762,0
265,1.0,1,1,0.3711340206185567,0.3596938775510204,0.0,0.075,0.1134020618556701,0.0412371134020618,0.3264781491002571,0.3197278911564626,1
266,0.0,1,0,0.8350515463917525,0.4872448979591837,0.8888888888888888,0.5816666666666668,0.0859106529209622,0.8298969072164948,0.6169665809768639,0.7687074829931974,1
267,0.4,1,1,0.268041237113402,0.1811224489795918,0.8888888888888888,0.6100000000000001,0.0034364261168384,0.1185567010309278,0.1542416452442159,0.2312925170068027,1
268,0.0,1,0,0.8659793814432989,0.5255102040816326,0.4444444444444445,0.855,0.3883161512027491,0.61340206185567,0.660668380462725,0.326530612244898,1
269,0.0,0,0,0.5360824742268041,0.4209183673469387,0.4444444444444445,0.4983333333333334,0.1821305841924398,0.3814432989690721,0.365038560411311,0.5170068027210885,1
270,1.0,1,1,0.4123711340206186,0.2321428571428571,0.2222222222222222,0.6300000000000001,0.1615120274914089,0.2835051546391752,0.2467866323907455,0.3877551020408163,1
271,1.0,0,0,0.5154639175257731,0.3035714285714285,1.0,0.3550000000000001,0.4604810996563573,0.1030927835051546,0.4241645244215938,0.3673469387755102,0
272,1.0,1,0,0.9484536082474226,0.7040816326530611,0.1111111111111111,0.9500000000000002,0.0378006872852233,0.0103092783505154,0.750642673521851,0.7074829931972789,1
273,0.6000000000000001,1,0,0.8865979381443299,0.5127551020408163,0.3333333333333333,0.305,0.1099656357388316,0.5876288659793815,0.7172236503856042,0.8027210884353743,0
274,0.2,1,1,0.5876288659793814,0.4183673469387755,0.7777777777777777,0.0133333333333334,0.1993127147766323,0.4536082474226804,0.4832904884318766,0.3605442176870748,0
275,0.6000000000000001,1,1,0.1546391752577319,0.1173469387755102,0.7777777777777777,0.4850000000000001,0.1615120274914089,0.0515463917525773,0.1028277634961439,0.0952380952380952,1
276,0.2,0,0,0.7010309278350515,0.5790816326530611,0.4444444444444445,0.9766666666666668,0.4810996563573883,0.190721649484536,0.6786632390745502,0.2448979591836735,1
277,0.8,0,0,0.1546391752577319,0.0943877551020408,0.2222222222222222,0.8816666666666668,0.0,0.0824742268041237,0.1259640102827763,0.1156462585034013,1
278,0.0,0,0,0.134020618556701,0.1173469387755102,0.5555555555555556,0.585,0.0549828178694158,0.1443298969072164,0.1105398457583547,0.054421768707483,1
279,0.8,0,0,0.1855670103092783,0.1122448979591836,0.8888888888888888,0.7216666666666667,0.127147766323024,0.190721649484536,0.1722365038560411,0.1904761904761905,1
280,1.0,1,1,0.3814432989690722,0.3877551020408163,0.5555555555555556,0.2216666666666666,0.3264604810996563,0.2783505154639175,0.1953727506426735,0.3129251700680272,0
281,0.2,1,1,0.0721649484536082,0.0841836734693877,0.6666666666666665,0.6883333333333335,0.0446735395189003,0.0515463917525773,0.0385604113110539,0.0816326530612245,1
282,0.2,1,0,0.6907216494845361,0.5663265306122448,0.8888888888888888,0.1716666666666667,0.0274914089347079,0.4329896907216495,0.4267352185089974,0.4285714285714286,0
283,0.0,1,1,0.268041237113402,0.1913265306122449,0.4444444444444445,0.175,0.268041237113402,0.1288659793814432,0.1748071979434447,0.2312925170068027,0
284,0.6000000000000001,1,1,0.6804123711340205,0.4999999999999999,0.4444444444444445,0.3600000000000001,0.549828178694158,0.3092783505154639,0.660668380462725,0.5782312925170069,0
285,0.8,0,1,0.0412371134020618,0.0382653061224489,0.3333333333333333,0.195,0.0584192439862542,0.0360824742268041,0.0385604113110539,0.054421768707483,0
286,0.2,0,0,0.4639175257731959,0.3494897959183674,0.2222222222222222,0.28,0.3883161512027491,0.0927835051546391,0.2647814910025707,0.3129251700680272,0
287,1.0,1,1,0.288659793814433,0.2933673469387755,0.4444444444444445,0.6200000000000001,0.2989690721649484,0.1855670103092783,0.2442159383033419,0.2789115646258503,1
288,1.0,0,0,0.3917525773195876,0.3469387755102041,0.2222222222222222,0.3833333333333334,0.2061855670103092,0.2886597938144329,0.313624678663239,0.4081632653061224,0
289,0.2,0,1,0.2989690721649484,0.2806122448979591,0.6666666666666665,0.8733333333333335,0.127147766323024,0.3092783505154639,0.2750642673521851,0.2993197278911564,1
290,0.2,0,1,0.7731958762886597,0.6428571428571428,0.5555555555555556,0.415,0.6219931271477663,0.5463917525773195,0.519280205655527,0.4761904761904762,0
291,1.0,0,1,0.422680412371134,0.2295918367346938,0.4444444444444445,0.25,0.0721649484536082,0.345360824742268,0.2493573264781491,0.2789115646258503,0
292,0.2,1,1,0.5773195876288659,0.4897959183673469,1.0,0.2183333333333333,0.4742268041237113,0.2577319587628865,0.3933161953727506,0.2244897959183673,0
293,0.6000000000000001,1,1,0.3505154639175258,0.2653061224489796,0.7777777777777777,0.02,0.0790378006872852,0.0824742268041237,0.3290488431876606,0.3537414965986394,0
294,0.0,0,1,0.2783505154639175,0.1862244897959183,0.3333333333333333,0.0333333333333333,0.274914089347079,0.2886597938144329,0.2390745501285347,0.2108843537414966,0
295,0.0,1,0,0.8865979381443299,0.5076530612244897,0.1111111111111111,0.2216666666666666,0.549828178694158,0.2164948453608247,0.776349614395887,0.8435374149659864,0
296,0.2,0,1,0.0103092783505154,0.0178571428571428,0.4444444444444445,0.2183333333333333,0.0137457044673539,0.0257731958762886,0.0154241645244215,0.0068027210884353,0
297,1.0,0,1,0.8659793814432989,0.7295918367346939,0.3333333333333333,0.3600000000000001,0.3402061855670103,0.0927835051546391,0.7686375321336761,0.4625850340136054,0
298,0.4,0,1,0.3402061855670103,0.298469387755102,0.6666666666666665,0.2933333333333333,0.0378006872852233,0.3505154639175257,0.3110539845758355,0.1972789115646258,0
299,1.0,1,0,0.0618556701030927,0.058673469387755,0.2222222222222222,0.4333333333333333,0.0034364261168384,0.0103092783505154,0.0694087403598971,0.0680272108843537,1
300,0.4,1,0,0.8041237113402061,0.6836734693877551,0.5555555555555556,0.6233333333333333,0.4948453608247422,0.0206185567010309,0.6426735218508998,0.435374149659864,1
301,0.0,0,1,1.0,0.9668367346938774,0.2222222222222222,0.455,0.5910652920962199,0.5154639175257731,0.5089974293059126,0.4013605442176871,1
302,0.4,0,0,0.3195876288659794,0.1607142857142857,0.2222222222222222,0.0516666666666667,0.2164948453608247,0.1030927835051546,0.2210796915167095,0.1836734693877551,0
303,0.8,1,1,0.1855670103092783,0.1632653061224489,0.5555555555555556,0.5550000000000002,0.0034364261168384,0.0412371134020618,0.1156812339331619,0.1360544217687075,1
304,0.6000000000000001,0,0,0.4845360824742268,0.3214285714285714,0.8888888888888888,0.9616666666666668,0.0618556701030927,0.3608247422680412,0.4524421593830334,0.2244897959183673,1
305,1.0,0,1,0.9278350515463916,0.5943877551020408,0.5555555555555556,0.5933333333333335,0.0481099656357388,0.5773195876288659,0.9280205655526992,0.3333333333333333,1
306,0.0,0,0,0.7525773195876289,0.4566326530612244,0.2222222222222222,0.8033333333333335,0.2542955326460481,0.6185567010309279,0.5012853470437019,0.2789115646258503,1
307,1.0,0,0,0.9072164948453608,0.7397959183673468,0.1111111111111111,0.385,0.3573883161512027,0.4896907216494845,0.9048843187660668,0.3945578231292517,1
308,0.6000000000000001,0,0,0.1237113402061855,0.096938775510204,0.3333333333333333,0.2583333333333334,0.1030927835051546,0.0721649484536082,0.0668380462724935,0.1428571428571428,0
309,0.6000000000000001,1,0,0.9690721649484536,0.4999999999999999,0.6666666666666665,0.2533333333333334,0.1443298969072164,0.8350515463917526,0.724935732647815,0.4489795918367347,0
310,0.4,1,0,0.845360824742268,0.8392857142857142,0.6666666666666665,0.29,0.6735395189003436,0.7731958762886598,0.6452442159383034,0.7823129251700681,0
311,0.6000000000000001,0,0,0.6391752577319587,0.6147959183673468,0.1111111111111111,0.305,0.268041237113402,0.1237113402061855,0.4832904884318766,0.3061224489795918,1
312,0.8,1,0,0.5876288659793814,0.4209183673469387,0.3333333333333333,0.3016666666666667,0.2371134020618556,0.5876288659793815,0.493573264781491,0.2244897959183673,0
313,0.4,1,1,0.2061855670103092,0.1224489795918367,1.0,0.9316666666666668,0.1305841924398625,0.0618556701030927,0.1568123393316195,0.2108843537414966,1
314,0.8,1,1,0.556701030927835,0.3520408163265306,0.6666666666666665,0.6600000000000001,0.3092783505154639,0.4742268041237113,0.416452442159383,0.4625850340136054,1
315,0.8,0,0,0.9896907216494844,0.7244897959183673,0.2222222222222222,0.7966666666666669,0.570446735395189,0.3814432989690721,0.7557840616966581,0.7551020408163266,1
316,0.8,1,0,0.4329896907216495,0.3647959183673469,0.1111111111111111,0.3316666666666666,0.0446735395189003,0.3350515463917525,0.4061696658097686,0.3877551020408163,1
317,0.4,0,1,0.2268041237113401,0.1173469387755102,0.1111111111111111,0.9800000000000002,0.2199312714776632,0.2216494845360824,0.1233933161953727,0.2312925170068027,1
318,0.2,1,0,0.4329896907216495,0.2678571428571428,0.5555555555555556,0.6233333333333333,0.3298969072164948,0.1391752577319587,0.4344473007712082,0.3605442176870748,1
319,0.8,1,0,0.3608247422680412,0.3290816326530612,0.1111111111111111,0.8366666666666667,0.3367697594501718,0.1237113402061855,0.313624678663239,0.2925170068027211,1
320,0.8,0,1,0.2164948453608247,0.1913265306122449,0.3333333333333333,0.4,0.0515463917525773,0.1752577319587628,0.1131105398457583,0.1904761904761905,0
321,0.8,1,1,0.5876288659793814,0.4923469387755102,0.3333333333333333,0.7100000000000002,0.5979381443298969,0.3505154639175257,0.5089974293059126,0.54421768707483,1
322,0.8,0,1,0.6391752577319587,0.5918367346938774,0.0,0.3083333333333333,0.2508591065292096,0.1391752577319587,0.5989717223650386,0.2653061224489796,1
323,0.8,1,1,0.4845360824742268,0.4285714285714285,0.2222222222222222,0.52,0.0446735395189003,0.3608247422680412,0.493573264781491,0.3401360544217687,1
324,0.6000000000000001,0,1,0.958762886597938,0.6096938775510203,0.3333333333333333,0.965,0.1065292096219931,0.8865979381443299,0.6709511568123394,0.8639455782312926,1
325,0.4,0,0,0.5670103092783505,0.4107142857142857,0.5555555555555556,0.6800000000000002,0.127147766323024,0.0412371134020618,0.377892030848329,0.2993197278911564,1
326,0.4,0,1,0.2577319587628866,0.1377551020408163,0.3333333333333333,0.9166666666666669,0.120274914089347,0.2577319587628865,0.2622107969151671,0.2653061224489796,1
327,0.4,0,1,0.3814432989690722,0.2806122448979591,0.5555555555555556,0.3600000000000001,0.1065292096219931,0.0,0.2596401028277635,0.3129251700680272,0
328,0.0,0,0,0.7835051546391752,0.7270408163265305,0.5555555555555556,0.275,0.1615120274914089,0.3865979381443299,0.7326478149100257,0.5034013605442177,0
329,0.0,1,0,0.0927835051546391,0.0739795918367346,1.0,0.6933333333333334,0.0618556701030927,0.0721649484536082,0.0848329048843187,0.1020408163265306,1
330,0.8,0,0,0.0,0.0076530612244897,0.4444444444444445,0.1733333333333333,0.0,0.0051546391752577,0.0025706940874035,0.0,0
331,0.0,0,1,0.4639175257731959,0.2627551020408163,1.0,0.3533333333333334,0.2886597938144329,0.2061855670103092,0.3084832904884318,0.4761904761904762,0
332,0.6000000000000001,0,1,0.8247422680412371,0.5178571428571428,0.4444444444444445,0.2350000000000001,0.5532646048109966,0.5876288659793815,0.7403598971722366,0.4149659863945578,0
333,0.4,0,1,0.4536082474226804,0.461734693877551,0.0,0.425,0.2646048109965636,0.1237113402061855,0.3573264781491002,0.2857142857142857,1
334,1.0,0,0,0.1649484536082474,0.1709183673469387,0.8888888888888888,0.2766666666666667,0.0893470790378006,0.1082474226804123,0.1465295629820051,0.1292517006802721,0
335,0.6000000000000001,1,1,0.3092783505154639,0.211734693877551,0.0,0.2116666666666666,0.134020618556701,0.0927835051546391,0.1748071979434447,0.3197278911564626,0
336,0.8,0,1,0.5463917525773195,0.5025510204081632,0.6666666666666665,0.4883333333333334,0.5189003436426116,0.1391752577319587,0.5038560411311055,0.3333333333333333,1
337,0.6000000000000001,1,0,0.7938144329896907,0.4591836734693877,0.4444444444444445,0.7183333333333335,0.1443298969072164,0.1752577319587628,0.5629820051413882,0.5714285714285715,1
338,0.2,1,1,0.3917525773195876,0.2499999999999999,0.7777777777777777,0.2516666666666667,0.2405498281786941,0.2010309278350515,0.3598971722365038,0.2653061224489796,0
339,0.6000000000000001,0,1,0.6804123711340205,0.423469387755102,0.8888888888888888,0.5466666666666666,0.1237113402061855,0.0463917525773195,0.3933161953727506,0.3333333333333333,1
340,0.2,0,0,0.2577319587628866,0.2321428571428571,0.8888888888888888,0.6733333333333333,0.1821305841924398,0.1185567010309278,0.1568123393316195,0.163265306122449,1
341,0.4,0,0,0.6804123711340205,0.5918367346938774,0.5555555555555556,0.0683333333333333,0.6632302405498282,0.6082474226804123,0.3598971722365038,0.5782312925170069,0
342,1.0,1,0,0.8659793814432989,0.5280612244897959,0.3333333333333333,0.275,0.4020618556701031,0.768041237113402,0.493573264781491,0.6734693877551021,0
343,0.8,1,0,0.8041237113402061,0.760204081632653,0.1111111111111111,0.2183333333333333,0.40893470790378,0.711340206185567,0.4755784061696658,0.7823129251700681,1
344,0.2,1,1,0.3608247422680412,0.3137755102040816,0.4444444444444445,0.2066666666666666,0.1855670103092783,0.056701030927835,0.3573264781491002,0.2993197278911564,0
345,0.0,1,0,0.2474226804123711,0.1224489795918367,0.6666666666666665,0.6300000000000001,0.0171821305841924,0.0618556701030927,0.1465295629820051,0.2108843537414966,1
346,0.8,1,0,0.4123711340206186,0.4209183673469387,0.2222222222222222,0.135,0.3298969072164948,0.1958762886597938,0.3727506426735218,0.4013605442176871,0
347,1.0,1,1,0.8041237113402061,0.7066326530612245,0.4444444444444445,0.2483333333333334,0.6357388316151202,0.0773195876288659,0.4395886889460154,0.2653061224489796,0
348,0.2,0,0,0.7113402061855669,0.5918367346938774,0.5555555555555556,0.78,0.2199312714776632,0.6237113402061856,0.5681233933161954,0.4965986394557823,1
349,0.0,0,0,0.1855670103092783,0.1709183673469387,0.2222222222222222,0.6100000000000001,0.0,0.0618556701030927,0.1028277634961439,0.0952380952380952,0
350,0.8,0,1,0.5773195876288659,0.3316326530612244,0.6666666666666665,0.7366666666666668,0.5532646048109966,0.479381443298969,0.4113110539845758,0.4761904761904762,1
351,0.6000000000000001,0,1,0.6701030927835051,0.3954081632653061,0.1111111111111111,0.2416666666666667,0.3608247422680412,0.3917525773195876,0.3547557840616966,0.6190476190476191,0
352,0.4,1,0,0.7319587628865979,0.7244897959183673,0.6666666666666665,0.5566666666666666,0.2027491408934708,0.1958762886597938,0.5372750642673523,0.7346938775510204,1
353,0.8,0,0,0.3195876288659794,0.2397959183673469,0.6666666666666665,0.8033333333333335,0.0859106529209622,0.0,0.2596401028277635,0.1496598639455782,1
354,0.0,1,0,0.288659793814433,0.1709183673469387,0.4444444444444445,0.8016666666666667,0.2474226804123711,0.0309278350515463,0.2930591259640103,0.1836734693877551,1
355,0.8,0,0,0.7938144329896907,0.4311224489795918,0.6666666666666665,0.03,0.4879725085910653,0.4896907216494845,0.5886889460154242,0.6122448979591837,0
356,1.0,0,0,0.7628865979381443,0.6071428571428571,0.8888888888888888,0.7016666666666667,0.7525773195876289,0.5927835051546392,0.5809768637532134,0.489795918367347,1
357,1.0,0,0,0.3608247422680412,0.2423469387755102,0.1111111111111111,0.4383333333333333,0.3264604810996563,0.2628865979381443,0.2802056555269923,0.2040816326530612,1
358,0.4,0,0,0.845360824742268,0.6632653061224489,0.1111111111111111,0.1983333333333333,0.7869415807560137,0.4072164948453608,0.7429305912596402,0.4217687074829932,1
359,0.0,1,1,0.8247422680412371,0.5229591836734693,0.6666666666666665,0.12,0.1305841924398625,0.0051546391752577,0.6632390745501286,0.3537414965986394,0
360,0.0,0,0,0.2783505154639175,0.2346938775510204,0.8888888888888888,0.975,0.1477663230240549,0.1185567010309278,0.1593830334190231,0.2380952380952381,1
361,0.2,0,1,1.0,0.971938775510204,0.5555555555555556,0.4933333333333334,0.3436426116838488,0.479381443298969,0.9305912596401028,0.4625850340136054,1
362,0.0,1,0,0.4329896907216495,0.3520408163265306,0.0,0.0816666666666666,0.1134020618556701,0.0670103092783505,0.2185089974293059,0.4217687074829932,1
363,0.2,0,1,0.9072164948453608,0.8137755102040816,0.7777777777777777,0.28,0.1546391752577319,0.845360824742268,0.7275064267352186,0.7414965986394558,0
364,0.6000000000000001,0,1,0.6804123711340205,0.6785714285714285,0.7777777777777777,0.8633333333333335,0.5051546391752577,0.5360824742268041,0.6683804627249358,0.4965986394557823,1
365,0.4,0,0,0.8762886597938143,0.7066326530612245,0.5555555555555556,0.405,0.5807560137457044,0.3092783505154639,0.5809768637532134,0.4557823129251701,0
366,0.6000000000000001,1,0,0.9484536082474226,0.5510204081632653,0.7777777777777777,0.6416666666666668,0.2783505154639175,0.2886597938144329,0.8791773778920309,0.3401360544217687,1
367,0.6000000000000001,0,1,0.5979381443298969,0.3112244897959184,0.8888888888888888,0.9183333333333334,0.5017182130584192,0.2577319587628865,0.4241645244215938,0.3401360544217687,1
368,0.2,0,1,0.9484536082474226,0.7525510204081632,0.4444444444444445,0.1283333333333334,0.8281786941580755,0.9536082474226804,0.7866323907455014,0.7959183673469389,0
369,0.0,0,1,0.0824742268041237,0.0943877551020408,0.4444444444444445,0.5333333333333334,0.0824742268041237,0.0670103092783505,0.0874035989717223,0.0748299319727891,1
370,0.6000000000000001,1,1,0.0721649484536082,0.0510204081632653,1.0,0.5183333333333333,0.0206185567010309,0.0773195876288659,0.0411311053984575,0.0340136054421768,1
371,0.8,0,0,0.1958762886597938,0.1887755102040816,0.1111111111111111,0.7783333333333333,0.0412371134020618,0.0876288659793814,0.1696658097686375,0.0884353741496598,1
372,1.0,1,1,0.0927835051546391,0.0739795918367346,1.0,0.4866666666666667,0.1099656357388316,0.0360824742268041,0.0822622107969151,0.0340136054421768,1
373,0.0,1,1,0.0412371134020618,0.0510204081632653,0.1111111111111111,0.0316666666666667,0.0549828178694158,0.0412371134020618,0.0514138817480719,0.0476190476190476,1
374,0.8,0,1,0.9278350515463916,0.6428571428571428,0.4444444444444445,1.0,0.3230240549828179,0.5412371134020618,0.6966580976863754,0.870748299319728,1
375,0.4,0,1,0.3505154639175258,0.3188775510204081,0.8888888888888888,0.8566666666666667,0.2955326460481099,0.211340206185567,0.2570694087403599,0.2789115646258503,1
376,1.0,0,1,0.1134020618556701,0.1198979591836734,0.4444444444444445,0.7583333333333333,0.0721649484536082,0.1134020618556701,0.1156812339331619,0.1292517006802721,1
377,1.0,1,1,0.7731958762886597,0.4209183673469387,1.0,0.4733333333333334,0.2955326460481099,0.2474226804123711,0.5938303341902315,0.54421768707483,1
378,0.8,1,1,0.958762886597938,0.5918367346938774,0.6666666666666665,0.1333333333333334,0.7869415807560137,0.345360824742268,0.6375321336760926,0.4965986394557823,0
379,0.4,0,1,0.4948453608247422,0.4413265306122449,1.0,0.275,0.2130584192439862,0.268041237113402,0.416452442159383,0.3537414965986394,0
380,0.0,0,0,0.0309278350515463,0.0382653061224489,0.0,0.385,0.0446735395189003,0.0257731958762886,0.0411311053984575,0.0476190476190476,1
381,0.2,1,1,0.8350515463917525,0.8112244897959183,0.7777777777777777,0.8566666666666667,0.6357388316151202,0.1391752577319587,0.7352185089974294,0.5102040816326531,1
382,0.0,1,0,0.5257731958762886,0.4489795918367347,0.2222222222222222,0.6300000000000001,0.1615120274914089,0.2010309278350515,0.3624678663239074,0.2448979591836735,1
383,0.4,0,1,0.9381443298969072,0.7321428571428571,0.5555555555555556,0.5916666666666668,0.2714776632302405,0.3505154639175257,0.7609254498714654,0.3333333333333333,1
384,0.6000000000000001,0,0,0.2164948453608247,0.1811224489795918,0.0,0.6366666666666667,0.2233676975945017,0.1237113402061855,0.1876606683804627,0.1428571428571428,1
385,0.2,0,0,0.0206185567010309,0.0255102040816326,0.2222222222222222,0.6583333333333334,0.0068728522336769,0.0257731958762886,0.0128534704370179,0.0068027210884353,1
386,0.6000000000000001,0,0,0.3092783505154639,0.2678571428571428,0.1111111111111111,0.8883333333333334,0.0893470790378006,0.0515463917525773,0.2159383033419023,0.1768707482993197,1
387,1.0,0,1,0.9484536082474226,0.8928571428571428,0.7777777777777777,0.0033333333333334,0.140893470790378,0.6443298969072164,0.9434447300771208,0.8775510204081634,0
388,0.2,1,0,0.2164948453608247,0.1607142857142857,0.0,0.095,0.2027491408934708,0.0103092783505154,0.1465295629820051,0.1496598639455782,0
389,1.0,0,0,0.422680412371134,0.3622448979591837,0.5555555555555556,0.0033333333333334,0.4295532646048109,0.2216494845360824,0.313624678663239,0.3469387755102041,0
390,0.0,1,1,0.6185567010309277,0.5637755102040816,0.8888888888888888,0.955,0.5395189003436426,0.3402061855670103,0.3984575835475578,0.5578231292517007,1
391,0.0,0,1,0.7216494845360825,0.4974489795918367,0.5555555555555556,0.5966666666666667,0.436426116838488,0.4175257731958763,0.634961439588689,0.4965986394557823,1
392,1.0,1,1,0.2268041237113401,0.2142857142857142,0.8888888888888888,0.9616666666666668,0.0962199312714776,0.1494845360824742,0.1748071979434447,0.0748299319727891,1
393,0.6000000000000001,0,0,0.2783505154639175,0.1530612244897959,0.3333333333333333,0.5800000000000001,0.1168384879725085,0.1752577319587628,0.1876606683804627,0.0952380952380952,1
394,0.2,1,0,0.1237113402061855,0.1249999999999999,0.5555555555555556,0.7166666666666668,0.0996563573883161,0.0,0.0874035989717223,0.0476190476190476,1
395,0.8,0,1,0.2061855670103092,0.2015306122448979,0.6666666666666665,0.7283333333333335,0.1993127147766323,0.1443298969072164,0.2030848329048843,0.0952380952380952,1
396,0.4,1,1,0.0618556701030927,0.0739795918367346,0.4444444444444445,0.4733333333333334,0.0,0.0103092783505154,0.0462724935732647,0.0476190476190476,0
397,0.0,1,0,0.0412371134020618,0.0357142857142857,0.0,0.5350000000000001,0.0137457044673539,0.0206185567010309,0.0437017994858611,0.0136054421768707,1
398,0.8,1,1,0.0515463917525773,0.0612244897959183,0.7777777777777777,0.4716666666666667,0.0378006872852233,0.0618556701030927,0.0282776349614395,0.0204081632653061,1
399,0.4,0,0,0.845360824742268,0.6530612244897959,0.7777777777777777,0.5350000000000001,0.2955326460481099,0.6907216494845361,0.853470437017995,0.2857142857142857,1
400,0.4,0,0,0.7113402061855669,0.5408163265306122,0.7777777777777777,0.5166666666666668,0.1993127147766323,0.6237113402061856,0.3573264781491002,0.6326530612244898,1
401,0.8,1,0,0.5360824742268041,0.3928571428571428,0.8888888888888888,0.2533333333333334,0.4707903780068728,0.134020618556701,0.416452442159383,0.4489795918367347,0
402,1.0,1,0,0.3608247422680412,0.1785714285714285,0.8888888888888888,0.065,0.3195876288659793,0.0051546391752577,0.3496143958868895,0.3605442176870748,0
403,0.6000000000000001,1,1,0.5154639175257731,0.3801020408163265,0.7777777777777777,0.5833333333333335,0.0446735395189003,0.2938144329896907,0.3393316195372751,0.2789115646258503,1
404,0.8,0,1,0.0,0.010204081632653,0.4444444444444445,0.6200000000000001,0.0068728522336769,0.0103092783505154,0.0,0.0204081632653061,1
405,0.6000000000000001,1,0,0.0309278350515463,0.0178571428571428,1.0,0.3350000000000001,0.0274914089347079,0.0412371134020618,0.0154241645244215,0.0136054421768707,0
406,0.4,0,1,0.1649484536082474,0.1377551020408163,0.1111111111111111,0.8483333333333334,0.0412371134020618,0.0979381443298969,0.1542416452442159,0.163265306122449,1
407,1.0,1,1,0.9278350515463916,0.7423469387755102,0.3333333333333333,0.03,0.6185567010309279,0.3041237113402061,0.8611825192802057,0.3673469387755102,0
408,0.8,0,0,0.0721649484536082,0.0765306122448979,0.4444444444444445,0.5816666666666668,0.0,0.0206185567010309,0.0385604113110539,0.0816326530612245,1
409,0.6000000000000001,0,0,0.7525773195876289,0.7142857142857142,0.5555555555555556,0.1116666666666666,0.3161512027491409,0.5824742268041236,0.5758354755784062,0.4761904761904762,0
410,1.0,0,0,0.288659793814433,0.2933673469387755,0.2222222222222222,0.9116666666666668,0.281786941580756,0.1134020618556701,0.1748071979434447,0.1564625850340136,1
411,1.0,1,0,0.7113402061855669,0.4744897959183673,0.5555555555555556,0.1,0.3676975945017182,0.056701030927835,0.5012853470437019,0.5782312925170069,0
412,0.2,1,1,0.3402061855670103,0.1760204081632652,0.0,0.9416666666666668,0.140893470790378,0.1649484536082474,0.2982005141388175,0.2857142857142857,1
413,0.8,0,0,0.4845360824742268,0.4719387755102041,0.7777777777777777,0.9666666666666668,0.1443298969072164,0.2422680412371134,0.3316195372750642,0.1768707482993197,1
414,0.2,1,0,0.4020618556701031,0.2066326530612244,1.0,0.5133333333333334,0.0481099656357388,0.4123711340206185,0.2493573264781491,0.2993197278911564,1
415,0.0,1,1,0.0618556701030927,0.0459183673469387,0.2222222222222222,0.7666666666666668,0.0103092783505154,0.0051546391752577,0.0334190231362467,0.0408163265306122,1
416,0.6000000000000001,1,1,0.1546391752577319,0.1096938775510204,0.5555555555555556,0.1416666666666667,0.0515463917525773,0.0670103092783505,0.1259640102827763,0.1156462585034013,0
417,0.0,1,1,0.6082474226804123,0.586734693877551,0.5555555555555556,0.2966666666666667,0.1305841924398625,0.1185567010309278,0.4473007712082262,0.3333333333333333,0
418,0.2,1,1,0.1958762886597938,0.1887755102040816,0.7777777777777777,0.045,0.1718213058419244,0.0257731958762886,0.1131105398457583,0.1564625850340136,0
419,0.0,1,0,0.2989690721649484,0.2295918367346938,0.2222222222222222,0.605,0.0446735395189003,0.0721649484536082,0.2005141388174807,0.2585034013605442,1
420,0.4,0,1,0.1546391752577319,0.0816326530612245,1.0,0.655,0.0756013745704467,0.0721649484536082,0.1156812339331619,0.1156462585034013,1
421,0.6000000000000001,1,0,0.1546391752577319,0.1301020408163265,0.2222222222222222,0.6833333333333333,0.1649484536082474,0.0360824742268041,0.1413881748071979,0.1156462585034013,1
422,0.8,0,1,0.3917525773195876,0.3622448979591837,0.2222222222222222,0.685,0.0824742268041237,0.2938144329896907,0.2724935732647814,0.2789115646258503,1
423,1.0,1,0,0.556701030927835,0.461734693877551,0.3333333333333333,0.1433333333333334,0.3883161512027491,0.345360824742268,0.2827763496143959,0.380952380952381,0
424,0.8,1,1,0.3814432989690722,0.2959183673469387,0.4444444444444445,0.925,0.3505154639175257,0.2061855670103092,0.2544987146529563,0.1904761904761905,1
425,0.8,1,1,0.6082474226804123,0.3826530612244898,0.6666666666666665,0.455,0.0378006872852233,0.5103092783505154,0.3341902313624678,0.5714285714285715,1
426,0.0,1,1,0.0927835051546391,0.0637755102040816,0.8888888888888888,0.2183333333333333,0.0171821305841924,0.0154639175257731,0.1028277634961439,0.0952380952380952,0
427,0.4,1,0,0.5463917525773195,0.3698979591836734,0.3333333333333333,0.1066666666666666,0.4467353951890034,0.2319587628865979,0.3161953727506427,0.3061224489795918,0
428,0.8,1,1,0.0927835051546391,0.0841836734693877,0.6666666666666665,0.685,0.0859106529209622,0.0257731958762886,0.0848329048843187,0.0408163265306122,1
429,0.8,0,1,0.0206185567010309,0.0153061224489795,1.0,0.7850000000000001,0.0343642611683848,0.0257731958762886,0.0334190231362467,0.0340136054421768,1
430,0.6000000000000001,1,0,0.9278350515463916,0.9209183673469388,0.8888888888888888,0.615,0.1065292096219931,0.654639175257732,0.7866323907455014,0.8367346938775511,1
431,0.8,0,1,0.9381443298969072,0.693877551020408,0.8888888888888888,0.0633333333333333,0.7388316151202748,0.0257731958762886,0.8894601542416454,0.4489795918367347,0
432,0.2,1,0,0.0927835051546391,0.0816326530612245,0.3333333333333333,0.4366666666666667,0.0790378006872852,0.0618556701030927,0.0745501285347043,0.0340136054421768,1
433,0.6000000000000001,0,0,0.556701030927835,0.4693877551020408,0.0,0.7816666666666667,0.274914089347079,0.422680412371134,0.4370179948586118,0.326530612244898,1
434,0.0,1,1,0.6288659793814433,0.5408163265306122,0.3333333333333333,0.5483333333333333,0.0206185567010309,0.1752577319587628,0.557840616966581,0.3537414965986394,1
435,0.6000000000000001,1,0,0.8865979381443299,0.4540816326530612,0.2222222222222222,0.665,0.2199312714776632,0.1082474226804123,0.467866323907455,0.6394557823129252,1
436,0.0,0,0,0.845360824742268,0.5229591836734693,1.0,0.4833333333333334,0.1752577319587628,0.4587628865979381,0.8174807197943446,0.7346938775510204,1
437,0.6000000000000001,1,1,0.1443298969072164,0.1377551020408163,0.1111111111111111,0.6783333333333335,0.1134020618556701,0.1391752577319587,0.1516709511568123,0.1564625850340136,1
438,0.6000000000000001,0,1,0.4432989690721649,0.2831632653061224,0.3333333333333333,0.1516666666666667,0.2920962199312715,0.3505154639175257,0.2467866323907455,0.3061224489795918,0
439,1.0,0,0,0.6494845360824741,0.4642857142857143,0.1111111111111111,0.985,0.4673539518900343,0.1701030927835051,0.5989717223650386,0.4829931972789116,1
440,0.6000000000000001,1,1,0.958762886597938,0.5178571428571428,0.0,0.7183333333333335,0.4604810996563573,0.1958762886597938,0.5244215938303343,0.6258503401360545,1
441,0.6000000000000001,0,0,0.4639175257731959,0.4183673469387755,0.5555555555555556,0.7916666666666667,0.1374570446735395,0.0876288659793814,0.4370179948586118,0.2380952380952381,1
442,1.0,1,1,0.9690721649484536,0.818877551020408,0.0,0.995,0.120274914089347,0.7938144329896907,0.6812339331619538,0.4217687074829932,1
443,1.0,1,0,0.8041237113402061,0.673469387755102,1.0,0.8233333333333335,0.274914089347079,0.7577319587628866,0.7609254498714654,0.5306122448979592,1
444,0.4,1,0,0.7731958762886597,0.4183673469387755,0.2222222222222222,0.425,0.4432989690721649,0.1494845360824742,0.4575835475578406,0.5782312925170069,1
445,0.2,0,1,0.3505154639175258,0.2551020408163265,0.5555555555555556,0.3933333333333334,0.2336769759450171,0.0257731958762886,0.3059125964010282,0.1836734693877551,0
446,0.4,0,0,0.0515463917525773,0.0357142857142857,0.4444444444444445,0.8983333333333334,0.0034364261168384,0.0360824742268041,0.0437017994858611,0.0612244897959183,1
447,0.0,1,1,0.1237113402061855,0.1224489795918367,0.2222222222222222,0.9833333333333334,0.140893470790378,0.0979381443298969,0.1259640102827763,0.1292517006802721,1
448,0.2,1,1,0.8659793814432989,0.7040816326530611,1.0,0.1916666666666667,0.4192439862542955,0.7628865979381443,0.6889460154241646,0.5374149659863946,0
449,0.8,1,0,0.4639175257731959,0.3928571428571428,0.1111111111111111,0.9466666666666668,0.1134020618556701,0.1288659793814432,0.3470437017994858,0.326530612244898,1
450,0.6000000000000001,1,1,0.2783505154639175,0.1403061224489795,0.5555555555555556,0.0883333333333333,0.2886597938144329,0.134020618556701,0.2519280205655527,0.2108843537414966,0
451,0.8,0,0,0.9072164948453608,0.7321428571428571,0.7777777777777777,0.4833333333333334,0.1580756013745704,0.8041237113402062,0.7429305912596402,0.8367346938775511,1
452,1.0,1,1,0.0309278350515463,0.0153061224489795,0.8888888888888888,0.53,0.0481099656357388,0.0309278350515463,0.0231362467866323,0.0272108843537415,1
453,0.4,0,1,0.0515463917525773,0.0357142857142857,0.4444444444444445,0.3983333333333334,0.0481099656357388,0.0515463917525773,0.0411311053984575,0.0612244897959183,0
454,0.0,1,0,0.6804123711340205,0.6811224489795917,0.1111111111111111,0.215,0.5876288659793815,0.3917525773195876,0.5424164524421594,0.6394557823129252,1
455,0.4,1,0,0.1649484536082474,0.1122448979591836,0.3333333333333333,0.8200000000000001,0.1546391752577319,0.0618556701030927,0.0976863753213367,0.1496598639455782,1
456,0.0,0,0,0.5979381443298969,0.3086734693877551,0.0,0.5133333333333334,0.1030927835051546,0.1082474226804123,0.4524421593830334,0.4625850340136054,1
457,0.8,1,1,0.5360824742268041,0.5408163265306122,0.6666666666666665,0.425,0.1477663230240549,0.0773195876288659,0.3598971722365038,0.5102040816326531,1
458,1.0,1,1,0.845360824742268,0.4387755102040816,0.5555555555555556,0.5333333333333334,0.5257731958762887,0.7010309278350515,0.660668380462725,0.3945578231292517,1
459,0.0,1,0,0.7422680412371133,0.5255102040816326,0.2222222222222222,0.5583333333333333,0.5360824742268041,0.7216494845360825,0.532133676092545,0.489795918367347,1
460,0.4,1,0,0.3092783505154639,0.3112244897959184,0.4444444444444445,0.2616666666666667,0.2096219931271477,0.1030927835051546,0.2030848329048843,0.2925170068027211,0
461,0.2,1,1,0.5360824742268041,0.5382653061224489,0.3333333333333333,0.0833333333333333,0.0893470790378006,0.0515463917525773,0.4987146529562982,0.4625850340136054,0
462,1.0,1,1,0.0824742268041237,0.0561224489795918,0.6666666666666665,0.975,0.0756013745704467,0.0051546391752577,0.0514138817480719,0.0748299319727891,1
463,0.0,1,0,0.4329896907216495,0.3673469387755102,0.7777777777777777,0.5633333333333335,0.1374570446735395,0.1391752577319587,0.3624678663239074,0.1836734693877551,1
464,0.2,1,1,0.3711340206185567,0.2602040816326531,0.5555555555555556,0.6833333333333333,0.0618556701030927,0.3195876288659793,0.313624678663239,0.1700680272108843,1
465,0.6000000000000001,0,1,0.6082474226804123,0.5255102040816326,0.8888888888888888,0.2833333333333334,0.0171821305841924,0.4381443298969072,0.455012853470437,0.5102040816326531,0
466,1.0,0,1,0.5463917525773195,0.4336734693877551,0.7777777777777777,0.9566666666666668,0.0343642611683848,0.1494845360824742,0.3444730077120823,0.5374149659863946,1
467,1.0,0,1,0.0309278350515463,0.0382653061224489,0.8888888888888888,0.185,0.0343642611683848,0.0257731958762886,0.0257069408740359,0.0136054421768707,0
468,0.0,0,1,0.0103092783505154,0.0204081632653061,0.0,0.3033333333333333,0.0068728522336769,0.0051546391752577,0.0205655526992287,0.0272108843537415,1
469,0.2,1,1,0.6185567010309277,0.423469387755102,0.0,0.16,0.3642611683848797,0.3865979381443299,0.6015424164524422,0.5170068027210885,0
470,0.0,0,0,0.0103092783505154,0.0153061224489795,1.0,0.2266666666666666,0.0,0.0206185567010309,0.0077120822622107,0.0136054421768707,0
471,0.0,0,1,0.6907216494845361,0.5561224489795917,1.0,0.005,0.4673539518900343,0.2371134020618556,0.557840616966581,0.4693877551020408,0
472,0.8,1,0,0.3608247422680412,0.2831632653061224,0.5555555555555556,0.7133333333333334,0.1443298969072164,0.2989690721649484,0.1799485861182519,0.1564625850340136,1
473,0.6000000000000001,0,1,0.8865979381443299,0.721938775510204,0.4444444444444445,0.7916666666666667,0.1786941580756013,0.2577319587628865,0.8149100257069409,0.653061224489796,1
474,1.0,1,1,0.8247422680412371,0.5918367346938774,0.5555555555555556,0.17,0.5189003436426116,0.0773195876288659,0.6169665809768639,0.3945578231292517,0
475,0.2,0,1,0.9278350515463916,0.7959183673469387,0.8888888888888888,0.6633333333333333,0.1821305841924398,0.3144329896907216,0.5167095115681235,0.5646258503401361,1
476,0.0,0,0,0.2268041237113401,0.1913265306122449,0.6666666666666665,0.6083333333333334,0.1786941580756013,0.1494845360824742,0.1516709511568123,0.1972789115646258,1
477,0.8,0,0,0.4020618556701031,0.336734693877551,0.8888888888888888,0.3166666666666667,0.1615120274914089,0.3195876288659793,0.3496143958868895,0.1360544217687075,0
478,0.2,1,0,0.8041237113402061,0.8061224489795917,0.5555555555555556,0.3400000000000001,0.8178694158075601,0.0773195876288659,0.5604113110539847,0.4081632653061224,0
479,0.6000000000000001,0,1,0.3505154639175258,0.211734693877551,0.3333333333333333,0.8166666666666667,0.1855670103092783,0.3041237113402061,0.2442159383033419,0.3537414965986394,1
480,0.2,0,1,0.0515463917525773,0.0612244897959183,1.0,0.615,0.0034364261168384,0.0515463917525773,0.0591259640102827,0.0340136054421768,1
481,0.8,0,0,0.8350515463917525,0.7755102040816326,0.2222222222222222,0.135,0.7457044673539519,0.1185567010309278,0.6786632390745502,0.3129251700680272,0
482,0.0,1,1,0.5257731958762886,0.375,0.0,1.0,0.0584192439862542,0.1082474226804123,0.532133676092545,0.3945578231292517,1
483,0.8,1,0,0.8350515463917525,0.6275510204081632,0.7777777777777777,0.3433333333333334,0.5292096219931272,0.2886597938144329,0.6786632390745502,0.4761904761904762,0
484,0.6000000000000001,0,1,0.2371134020618556,0.2168367346938775,0.5555555555555556,0.3966666666666667,0.1683848797250859,0.0927835051546391,0.2262210796915167,0.2244897959183673,0
485,0.6000000000000001,1,1,0.5360824742268041,0.3596938775510204,0.3333333333333333,0.6283333333333334,0.3780068728522336,0.4072164948453608,0.5269922879177379,0.2108843537414966,1
486,0.8,1,0,0.1443298969072164,0.1173469387755102,0.3333333333333333,0.6416666666666668,0.1099656357388316,0.1030927835051546,0.0899742930591259,0.1020408163265306,1
487,0.4,0,0,0.2268041237113401,0.1505102040816326,0.5555555555555556,0.9333333333333332,0.1683848797250859,0.190721649484536,0.2365038560411311,0.0748299319727891,1
488,1.0,0,0,0.6288659793814433,0.3698979591836734,0.2222222222222222,0.5133333333333334,0.5532646048109966,0.5412371134020618,0.5526992287917738,0.3673469387755102,1
489,0.8,1,1,0.2371134020618556,0.1275510204081632,0.4444444444444445,0.4,0.0790378006872852,0.1443298969072164,0.1748071979434447,0.1156462585034013,0
490,0.0,1,1,0.7525773195876289,0.4209183673469387,0.7777777777777777,0.32,0.7388316151202748,0.2474226804123711,0.6452442159383034,0.7551020408163266,0
491,0.6000000000000001,0,0,0.2783505154639175,0.2091836734693877,0.6666666666666665,0.8900000000000001,0.0412371134020618,0.2319587628865979,0.2185089974293059,0.1224489795918367,1
492,0.6000000000000001,1,1,0.0824742268041237,0.0816326530612245,0.7777777777777777,0.8900000000000001,0.0274914089347079,0.0876288659793814,0.0694087403598971,0.0476190476190476,1
493,0.4,1,1,0.8659793814432989,0.7270408163265305,0.3333333333333333,0.9833333333333334,0.8006872852233676,0.3041237113402061,0.5372750642673523,0.489795918367347,1
494,0.2,0,0,0.0103092783505154,0.0204081632653061,0.5555555555555556,0.2383333333333334,0.0206185567010309,0.0206185567010309,0.0231362467866323,0.0136054421768707,0
495,1.0,0,0,0.2164948453608247,0.1377551020408163,0.8888888888888888,0.0483333333333333,0.1924398625429553,0.1701030927835051,0.1182519280205655,0.1836734693877551,0
496,0.4,0,1,0.2268041237113401,0.1301020408163265,0.5555555555555556,0.7316666666666667,0.0103092783505154,0.1288659793814432,0.1208226221079691,0.2040816326530612,1
497,1.0,1,1,0.9896907216494844,0.7653061224489796,0.2222222222222222,0.945,0.7147766323024055,0.8247422680412371,0.7686375321336761,0.5170068027210885,1
498,0.4,0,0,0.8144329896907216,0.6249999999999999,0.2222222222222222,0.0116666666666667,0.0068728522336769,0.2061855670103092,0.7917737789203085,0.7142857142857143,0
499,0.6000000000000001,1,0,0.6701030927835051,0.3877551020408163,0.8888888888888888,0.32,0.0721649484536082,0.1030927835051546,0.6683804627249358,0.6394557823129252,0
500,0.2,0,1,0.845360824742268,0.6224489795918366,0.8888888888888888,0.6633333333333333,0.7903780068728522,0.6804123711340206,0.8329048843187662,0.8299319727891157,1
501,0.4,1,0,0.0,0.010204081632653,0.3333333333333333,0.9183333333333334,0.0137457044673539,0.0103092783505154,0.0128534704370179,0.0136054421768707,1
502,0.4,1,0,0.4639175257731959,0.3112244897959184,0.6666666666666665,0.125,0.0446735395189003,0.3247422680412371,0.2519280205655527,0.3673469387755102,0
503,0.0,1,1,0.422680412371134,0.3571428571428571,0.6666666666666665,0.5016666666666667,0.1305841924398625,0.0463917525773195,0.4215938303341902,0.3877551020408163,1
504,0.8,0,0,0.2061855670103092,0.1709183673469387,1.0,0.76,0.1237113402061855,0.2010309278350515,0.1388174807197943,0.0816326530612245,1
505,0.8,1,1,0.8659793814432989,0.4821428571428571,0.1111111111111111,0.9466666666666668,0.7010309278350515,0.0773195876288659,0.8354755784061697,0.6326530612244898,1
506,0.8,1,1,0.1855670103092783,0.1760204081632652,0.4444444444444445,0.8966666666666667,0.0859106529209622,0.0154639175257731,0.1876606683804627,0.0680272108843537,1
507,0.8,0,1,0.4123711340206186,0.3979591836734694,0.6666666666666665,0.125,0.2474226804123711,0.4072164948453608,0.4087403598971722,0.2040816326530612,0
508,0.0,0,1,0.5051546391752577,0.3112244897959184,0.8888888888888888,0.7966666666666669,0.1134020618556701,0.0515463917525773,0.3727506426735218,0.217687074829932,1
509,0.4,1,1,0.4020618556701031,0.2780612244897959,0.2222222222222222,0.2366666666666667,0.4192439862542955,0.211340206185567,0.2493573264781491,0.3061224489795918,0
510,0.2,1,1,1.0,1.0,0.5555555555555556,0.8466666666666667,0.4054982817869416,0.190721649484536,0.7686375321336761,0.9183673469387756,1
511,0.2,0,1,0.3092783505154639,0.221938775510204,1.0,0.12,0.0927835051546391,0.1443298969072164,0.1773778920308483,0.2585034013605442,0
512,0.4,1,0,0.5463917525773195,0.4770408163265306,0.1111111111111111,0.4950000000000001,0.0378006872852233,0.2061855670103092,0.4730077120822622,0.3605442176870748,1
513,0.0,1,1,0.7835051546391752,0.7346938775510203,1.0,0.2250000000000001,0.7250859106529209,0.6701030927835051,0.4370179948586118,0.6598639455782314,0
514,0.6000000000000001,1,1,0.3298969072164948,0.2397959183673469,1.0,0.7133333333333334,0.0515463917525773,0.0773195876288659,0.1799485861182519,0.163265306122449,1
515,0.8,1,1,0.7938144329896907,0.6530612244897959,0.6666666666666665,0.1216666666666667,0.3745704467353952,0.7371134020618556,0.7043701799485862,0.5170068027210885,0
516,0.6000000000000001,1,1,0.8969072164948453,0.4642857142857143,0.4444444444444445,0.1116666666666666,0.2096219931271477,0.0,0.8149100257069409,0.7006802721088435,0
517,0.4,1,0,0.7319587628865979,0.4795918367346938,0.6666666666666665,0.42,0.0687285223367697,0.6907216494845361,0.4241645244215938,0.272108843537415,1
518,0.8,0,1,0.3195876288659794,0.2627551020408163,0.3333333333333333,0.275,0.0171821305841924,0.2268041237113402,0.1799485861182519,0.1904761904761905,0
519,0.8,1,1,0.2783505154639175,0.2602040816326531,0.3333333333333333,0.5116666666666667,0.1512027491408934,0.2835051546391752,0.1876606683804627,0.2585034013605442,1
520,0.4,1,1,0.0309278350515463,0.0255102040816326,0.1111111111111111,0.2116666666666666,0.0481099656357388,0.0257731958762886,0.0385604113110539,0.0408163265306122,0
521,0.6000000000000001,0,0,0.7216494845360825,0.5331632653061223,0.1111111111111111,0.685,0.3711340206185567,0.2164948453608247,0.6323907455012854,0.3877551020408163,1
522,0.6000000000000001,0,0,0.8350515463917525,0.6071428571428571,0.6666666666666665,0.8716666666666668,0.2027491408934708,0.0360824742268041,0.609254498714653,0.5238095238095238,1
523,0.2,0,1,0.8762886597938143,0.5153061224489796,0.2222222222222222,0.3716666666666667,0.6632302405498282,0.3350515463917525,0.6015424164524422,0.326530612244898,0
524,0.8,0,1,0.7113402061855669,0.7040816326530611,0.4444444444444445,0.0466666666666667,0.3092783505154639,0.6907216494845361,0.673521850899743,0.5238095238095238,0
525,0.6000000000000001,1,1,0.9896907216494844,0.711734693877551,0.5555555555555556,0.7016666666666667,0.5429553264604811,0.3350515463917525,0.5552699228791774,0.653061224489796,1
526,0.0,1,1,0.6907216494845361,0.4260204081632653,1.0,0.4983333333333334,0.6219931271477663,0.4845360824742268,0.6760925449871465,0.2925170068027211,1
527,0.0,0,0,0.2268041237113401,0.1198979591836734,0.6666666666666665,0.4666666666666667,0.2027491408934708,0.2268041237113402,0.1336760925449871,0.217687074829932,1
528,0.2,0,1,0.1958762886597938,0.1173469387755102,0.4444444444444445,0.74,0.0068728522336769,0.1030927835051546,0.1311053984575835,0.0680272108843537,1
529,0.4,1,1,0.7216494845360825,0.6020408163265305,0.1111111111111111,0.4316666666666667,0.1443298969072164,0.6288659793814433,0.4498714652956298,0.7346938775510204,1
530,0.4,1,0,0.4536082474226804,0.336734693877551,0.7777777777777777,0.4783333333333334,0.2646048109965636,0.3041237113402061,0.2647814910025707,0.3401360544217687,1
531,1.0,1,1,1.0,0.8035714285714285,0.8888888888888888,0.8616666666666668,0.8041237113402062,0.0360824742268041,0.8303341902313626,0.7823129251700681,1
532,0.8,0,1,0.0103092783505154,0.0178571428571428,1.0,0.5916666666666668,0.0,0.0051546391752577,0.0205655526992287,0.0272108843537415,1
533,1.0,1,1,0.6907216494845361,0.6020408163265305,0.2222222222222222,0.1366666666666667,0.5876288659793815,0.3556701030927835,0.544987146529563,0.6054421768707483,0
534,0.4,1,1,0.1546391752577319,0.1020408163265306,0.2222222222222222,0.7750000000000001,0.1718213058419244,0.0773195876288659,0.0796915167095115,0.0612244897959183,1
535,0.4,1,1,0.4329896907216495,0.2474489795918367,1.0,0.3600000000000001,0.2542955326460481,0.3917525773195876,0.3059125964010282,0.3469387755102041,0
536,0.8,0,1,0.422680412371134,0.375,0.3333333333333333,0.1383333333333334,0.1615120274914089,0.0051546391752577,0.2236503856041131,0.3333333333333333,0
537,0.4,0,0,0.3608247422680412,0.3520408163265306,0.2222222222222222,0.5550000000000002,0.0274914089347079,0.0103092783505154,0.2827763496143959,0.2312925170068027,1
538,0.2,1,0,0.5876288659793814,0.3801020408163265,0.0,0.4116666666666667,0.5876288659793815,0.1030927835051546,0.3701799485861182,0.2448979591836735,0
539,1.0,0,1,0.8659793814432989,0.6632653061224489,0.4444444444444445,0.905,0.8006872852233676,0.5051546391752577,0.4575835475578406,0.7687074829931974,1
540,0.6000000000000001,0,1,0.3298969072164948,0.3290816326530612,0.3333333333333333,0.8050000000000002,0.2233676975945017,0.0154639175257731,0.3264781491002571,0.3333333333333333,1
541,0.6000000000000001,0,1,0.0824742268041237,0.0739795918367346,0.6666666666666665,0.8166666666666667,0.0652920962199312,0.0051546391752577,0.0848329048843187,0.0748299319727891,1
542,0.2,0,1,0.4329896907216495,0.3545918367346938,0.7777777777777777,0.1816666666666667,0.436426116838488,0.0670103092783505,0.3161953727506427,0.3061224489795918,0
543,0.0,0,0,0.3505154639175258,0.1913265306122449,0.6666666666666665,0.1266666666666667,0.3367697594501718,0.3556701030927835,0.2982005141388175,0.2040816326530612,0
544,0.6000000000000001,0,0,0.1237113402061855,0.0612244897959183,0.3333333333333333,0.5416666666666667,0.1065292096219931,0.0927835051546391,0.0796915167095115,0.0680272108843537,1
545,0.0,0,0,0.5257731958762886,0.2704081632653061,0.8888888888888888,0.6783333333333335,0.4432989690721649,0.134020618556701,0.3187660668380462,0.5170068027210885,1
546,0.6000000000000001,1,1,0.9484536082474226,0.5153061224489796,0.2222222222222222,0.5750000000000002,0.5979381443298969,0.6701030927835051,0.622107969151671,0.6938775510204083,1
547,0.8,0,1,0.6597938144329897,0.5561224489795917,0.2222222222222222,0.9783333333333336,0.1237113402061855,0.1804123711340206,0.5012853470437019,0.3197278911564626,1
548,1.0,1,0,0.9896907216494844,0.951530612244898,0.8888888888888888,0.0316666666666667,0.6597938144329897,0.2628865979381443,0.5038560411311055,0.3469387755102041,0
549,0.2,0,0,0.1752577319587628,0.1173469387755102,1.0,0.5783333333333334,0.140893470790378,0.1082474226804123,0.1670951156812339,0.1156462585034013,1
550,0.4,0,1,0.5773195876288659,0.5663265306122448,0.2222222222222222,0.9800000000000002,0.40893470790378,0.134020618556701,0.4318766066838046,0.326530612244898,1
551,0.4,0,0,0.2989690721649484,0.2576530612244898,0.4444444444444445,0.2,0.2371134020618556,0.3041237113402061,0.2493573264781491,0.2380952380952381,0
552,0.0,1,0,0.6804123711340205,0.461734693877551,0.0,0.8183333333333334,0.1374570446735395,0.0463917525773195,0.5115681233933163,0.6734693877551021,1
553,1.0,0,0,0.4536082474226804,0.4056122448979591,0.5555555555555556,0.985,0.2027491408934708,0.0618556701030927,0.2699228791773779,0.2517006802721088,1
554,0.4,0,1,0.0,0.010204081632653,0.7777777777777777,0.5683333333333334,0.0206185567010309,0.0103092783505154,0.0077120822622107,0.0068027210884353,1
555,0.6000000000000001,0,1,0.958762886597938,0.5739795918367346,0.2222222222222222,0.0316666666666667,0.0068728522336769,0.9690721649484536,0.8688946015424165,0.6394557823129252,0
556,1.0,0,1,0.6185567010309277,0.5586734693877551,1.0,0.865,0.4639175257731958,0.3402061855670103,0.5501285347043703,0.5918367346938775,1
557,0.8,0,1,0.979381443298969,0.8163265306122448,0.8888888888888888,0.145,0.3986254295532646,0.7371134020618556,0.506426735218509,0.3673469387755102,0
558,1.0,1,1,0.4123711340206186,0.3061224489795918,0.0,0.6433333333333333,0.3608247422680412,0.0103092783505154,0.3933161953727506,0.2857142857142857,1
559,0.2,1,1,0.5670103092783505,0.298469387755102,0.1111111111111111,0.1916666666666667,0.5395189003436426,0.0463917525773195,0.4370179948586118,0.5034013605442177,0
560,0.4,1,1,0.0,0.0051020408163265,0.2222222222222222,0.975,0.0,0.0,0.0,0.0136054421768707,0
561,0.8,1,0,0.8041237113402061,0.6428571428571428,0.1111111111111111,0.7033333333333334,0.5910652920962199,0.7164948453608248,0.6658097686375322,0.3333333333333333,1
562,0.8,1,0,0.5154639175257731,0.5127551020408163,1.0,0.7683333333333333,0.1615120274914089,0.0824742268041237,0.3598971722365038,0.4217687074829932,1
563,0.2,1,1,0.7113402061855669,0.3801020408163265,0.3333333333333333,0.1483333333333334,0.2027491408934708,0.0463917525773195,0.6169665809768639,0.4013605442176871,0
564,0.2,1,1,0.9381443298969072,0.7040816326530611,0.5555555555555556,0.5,0.0721649484536082,0.2164948453608247,0.737789203084833,0.4489795918367347,1
565,1.0,1,0,0.1855670103092783,0.1479591836734693,0.0,0.1783333333333333,0.0652920962199312,0.0979381443298969,0.1105398457583547,0.1360544217687075,1
566,0.6000000000000001,1,1,0.3814432989690722,0.3494897959183674,0.8888888888888888,0.8816666666666668,0.1786941580756013,0.2061855670103092,0.2904884318766066,0.1836734693877551,1
567,0.4,0,0,0.268041237113402,0.1428571428571428,0.2222222222222222,0.9916666666666668,0.0343642611683848,0.2010309278350515,0.2724935732647814,0.1020408163265306,1
568,1.0,1,1,0.288659793814433,0.2755102040816327,0.5555555555555556,0.2350000000000001,0.2920962199312715,0.1288659793814432,0.1799485861182519,0.1360544217687075,0
569,0.8,0,0,0.4432989690721649,0.2423469387755102,0.7777777777777777,0.9916666666666668,0.3367697594501718,0.422680412371134,0.3496143958868895,0.3741496598639456,1
570,0.8,1,0,0.1752577319587628,0.1020408163265306,0.1111111111111111,0.8766666666666667,0.0824742268041237,0.0,0.1722365038560411,0.0612244897959183,1
571,0.2,1,0,0.2164948453608247,0.1760204081632652,0.3333333333333333,0.255,0.1030927835051546,0.1082474226804123,0.2005141388174807,0.2312925170068027,0
572,0.0,1,0,0.4639175257731959,0.4387755102040816,0.0,0.6683333333333334,0.1855670103092783,0.1185567010309278,0.2930591259640103,0.4761904761904762,1
573,0.4,0,1,0.1134020618556701,0.0612244897959183,0.3333333333333333,0.5450000000000002,0.0034364261168384,0.0154639175257731,0.0591259640102827,0.0884353741496598,1
574,0.6000000000000001,1,0,0.2989690721649484,0.2729591836734694,0.0,0.405,0.2027491408934708,0.1134020618556701,0.2236503856041131,0.163265306122449,1
575,0.0,1,0,0.845360824742268,0.4387755102040816,0.8888888888888888,0.185,0.4536082474226804,0.2731958762886597,0.7969151670951158,0.7074829931972789,0
576,1.0,1,1,0.1546391752577319,0.1403061224489795,0.1111111111111111,0.4716666666666667,0.0687285223367697,0.0927835051546391,0.1465295629820051,0.1564625850340136,1
577,0.4,0,0,0.1752577319587628,0.183673469387755,0.0,0.9816666666666668,0.0206185567010309,0.056701030927835,0.1748071979434447,0.1768707482993197,1
578,0.6000000000000001,0,0,0.2268041237113401,0.211734693877551,0.3333333333333333,0.6400000000000001,0.1168384879725085,0.1237113402061855,0.1516709511568123,0.108843537414966,1
579,1.0,1,0,0.6804123711340205,0.5153061224489796,0.4444444444444445,0.4633333333333334,0.0171821305841924,0.6082474226804123,0.6915167095115682,0.2312925170068027,1
580,0.2,1,0,0.2783505154639175,0.2704081632653061,1.0,0.2416666666666667,0.2268041237113402,0.1443298969072164,0.2313624678663239,0.1768707482993197,0
581,0.8,1,1,0.8969072164948453,0.6632653061224489,0.4444444444444445,0.1149999999999999,0.8213058419243986,0.3608247422680412,0.6966580976863754,0.8231292517006803,0
582,0.2,0,0,0.8865979381443299,0.5586734693877551,0.8888888888888888,0.8233333333333335,0.2886597938144329,0.61340206185567,0.532133676092545,0.7142857142857143,1
583,0.0,1,1,0.8247422680412371,0.4821428571428571,0.7777777777777777,0.32,0.5670103092783505,0.4742268041237113,0.506426735218509,0.489795918367347,0
584,0.6000000000000001,0,1,0.3505154639175258,0.3290816326530612,0.7777777777777777,0.4283333333333333,0.3367697594501718,0.2061855670103092,0.2467866323907455,0.1428571428571428,1
585,0.8,1,1,0.958762886597938,0.8035714285714285,0.2222222222222222,0.3650000000000001,0.2027491408934708,0.0670103092783505,0.7223650385604113,0.8299319727891157,0
586,0.0,0,1,0.1752577319587628,0.1377551020408163,0.8888888888888888,0.665,0.1890034364261168,0.0103092783505154,0.1593830334190231,0.1360544217687075,1
587,0.6000000000000001,0,1,0.9175257731958762,0.6198979591836734,0.0,0.7350000000000001,0.274914089347079,0.2061855670103092,0.9048843187660668,0.9251700680272108,1
588,1.0,1,0,0.0927835051546391,0.0892857142857142,0.8888888888888888,0.3466666666666667,0.0068728522336769,0.0927835051546391,0.0514138817480719,0.0612244897959183,0
589,1.0,0,1,0.0927835051546391,0.0637755102040816,0.4444444444444445,0.5783333333333334,0.0927835051546391,0.1030927835051546,0.1028277634961439,0.0952380952380952,1
590,0.2,1,0,0.9381443298969072,0.721938775510204,0.6666666666666665,0.5933333333333335,0.5945017182130584,0.4690721649484536,0.6966580976863754,0.8503401360544218,1
591,0.8,1,1,0.3814432989690722,0.2627551020408163,0.0,0.2316666666666667,0.0103092783505154,0.3917525773195876,0.3727506426735218,0.1700680272108843,0
592,1.0,0,1,0.134020618556701,0.0943877551020408,0.5555555555555556,0.0833333333333333,0.0996563573883161,0.0979381443298969,0.1053984575835475,0.0816326530612245,0
593,1.0,1,0,0.0618556701030927,0.048469387755102,0.2222222222222222,0.3216666666666667,0.0309278350515463,0.0257731958762886,0.0642673521850899,0.0680272108843537,0
594,0.8,1,0,0.0412371134020618,0.0382653061224489,0.2222222222222222,0.9183333333333334,0.0034364261168384,0.056701030927835,0.0462724935732647,0.054421768707483,1
595,0.4,1,0,0.4329896907216495,0.3112244897959184,0.8888888888888888,0.32,0.2714776632302405,0.0618556701030927,0.2519280205655527,0.1836734693877551,0
596,0.8,1,1,0.2577319587628866,0.1301020408163265,0.2222222222222222,0.935,0.2164948453608247,0.1237113402061855,0.1645244215938303,0.1836734693877551,1
597,0.6000000000000001,0,1,0.6185567010309277,0.3647959183673469,0.0,0.6066666666666667,0.6288659793814433,0.4329896907216495,0.4241645244215938,0.4489795918367347,1
598,1.0,1,1,0.0515463917525773,0.0255102040816326,0.7777777777777777,0.1033333333333333,0.0721649484536082,0.0670103092783505,0.0437017994858611,0.0680272108843537,0
599,0.0,1,0,0.3298969072164948,0.2321428571428571,0.2222222222222222,0.6716666666666666,0.0206185567010309,0.3092783505154639,0.2133676092544987,0.1768707482993197,1
600,0.2,0,1,0.4845360824742268,0.4209183673469387,0.5555555555555556,0.7633333333333334,0.0584192439862542,0.1391752577319587,0.2776349614395886,0.4013605442176871,1
601,0.6000000000000001,0,1,0.4123711340206186,0.2397959183673469,0.0,0.16,0.0240549828178694,0.422680412371134,0.2133676092544987,0.2925170068027211,0
602,0.0,1,1,0.5257731958762886,0.2627551020408163,0.0,0.8800000000000001,0.2783505154639175,0.345360824742268,0.4395886889460154,0.3945578231292517,1
603,1.0,1,1,0.3608247422680412,0.2474489795918367,1.0,0.6816666666666666,0.274914089347079,0.0412371134020618,0.300771208226221,0.1496598639455782,1
604,0.8,0,1,0.556701030927835,0.4387755102040816,0.4444444444444445,0.38,0.4879725085910653,0.1185567010309278,0.3033419023136247,0.489795918367347,0
605,0.4,1,1,0.422680412371134,0.4005102040816326,0.6666666666666665,0.5383333333333333,0.3367697594501718,0.345360824742268,0.429305912596401,0.3061224489795918,1
606,0.8,0,1,0.7113402061855669,0.6173469387755102,0.6666666666666665,0.4983333333333334,0.3127147766323024,0.3608247422680412,0.5167095115681235,0.4625850340136054,1
607,0.8,1,1,0.5360824742268041,0.3163265306122449,0.1111111111111111,0.5366666666666666,0.3780068728522336,0.1701030927835051,0.3804627249357326,0.4421768707482993,1
608,0.0,0,0,0.5979381443298969,0.3265306122448979,0.2222222222222222,0.1416666666666667,0.570446735395189,0.3917525773195876,0.557840616966581,0.5034013605442177,0
609,0.8,1,1,0.4020618556701031,0.3112244897959184,0.0,0.4650000000000001,0.3745704467353952,0.3711340206185567,0.3059125964010282,0.1360544217687075,1
610,0.8,0,0,0.8350515463917525,0.4489795918367347,1.0,0.91,0.436426116838488,0.0670103092783505,0.6812339331619538,0.8299319727891157,1
611,0.6000000000000001,1,0,0.8144329896907216,0.6020408163265305,0.4444444444444445,0.2483333333333334,0.2439862542955326,0.3144329896907216,0.7197943444730078,0.6054421768707483,0
612,0.2,0,0,0.7216494845360825,0.6275510204081632,0.6666666666666665,0.6100000000000001,0.1237113402061855,0.5979381443298969,0.4190231362467866,0.3945578231292517,1
613,1.0,1,0,0.7216494845360825,0.4387755102040816,0.1111111111111111,0.1333333333333334,0.0790378006872852,0.0206185567010309,0.442159383033419,0.4217687074829932,0
614,0.4,1,1,0.3402061855670103,0.1989795918367346,0.1111111111111111,0.4816666666666667,0.1305841924398625,0.345360824742268,0.313624678663239,0.1836734693877551,1
615,0.2,1,0,0.6185567010309277,0.4897959183673469,0.5555555555555556,0.9083333333333334,0.3127147766323024,0.1494845360824742,0.3856041131105398,0.272108843537415,1
616,0.6000000000000001,0,0,0.5154639175257731,0.4336734693877551,0.4444444444444445,0.1683333333333333,0.0893470790378006,0.0721649484536082,0.3187660668380462,0.435374149659864,0
617,0.0,0,0,0.4432989690721649,0.3622448979591837,0.0,0.7766666666666668,0.2096219931271477,0.4329896907216495,0.4344473007712082,0.4489795918367347,1
618,1.0,0,0,0.5360824742268041,0.3775510204081632,0.5555555555555556,0.3700000000000001,0.1786941580756013,0.2422680412371134,0.3496143958868895,0.3877551020408163,0
619,0.6000000000000001,0,1,0.1855670103092783,0.1683673469387755,0.2222222222222222,0.8900000000000001,0.0756013745704467,0.1443298969072164,0.1568123393316195,0.2040816326530612,1
620,0.6000000000000001,1,0,0.8969072164948453,0.6403061224489796,0.3333333333333333,0.4800000000000001,0.6666666666666666,0.6237113402061856,0.4755784061696658,0.3061224489795918,1
621,0.4,1,0,0.4948453608247422,0.2627551020408163,0.1111111111111111,0.45,0.40893470790378,0.0463917525773195,0.3727506426735218,0.4829931972789116,1
622,0.4,1,0,0.4845360824742268,0.4413265306122449,0.2222222222222222,0.9333333333333332,0.4673539518900343,0.3865979381443299,0.3187660668380462,0.380952380952381,1
623,0.8,1,1,0.5257731958762886,0.4821428571428571,0.1111111111111111,0.5916666666666668,0.4879725085910653,0.3556701030927835,0.4498714652956298,0.2653061224489796,1
624,0.6000000000000001,0,1,0.8556701030927835,0.6989795918367346,0.1111111111111111,0.2616666666666667,0.1237113402061855,0.0206185567010309,0.4781491002570694,0.3537414965986394,1
625,1.0,1,1,0.0515463917525773,0.0459183673469387,0.6666666666666665,0.9383333333333336,0.0034364261168384,0.0618556701030927,0.0616966580976863,0.0408163265306122,1
626,0.6000000000000001,0,1,0.5876288659793814,0.4744897959183673,0.1111111111111111,0.7366666666666668,0.3711340206185567,0.2319587628865979,0.5886889460154242,0.54421768707483,1
627,0.6000000000000001,1,0,0.3402061855670103,0.3316326530612244,0.1111111111111111,0.8300000000000001,0.2542955326460481,0.2731958762886597,0.3033419023136247,0.2448979591836735,1
628,1.0,0,1,0.7731958762886597,0.4744897959183673,0.7777777777777777,0.42,0.5360824742268041,0.3144329896907216,0.6066838046272495,0.4489795918367347,1
629,0.4,0,1,0.4432989690721649,0.3112244897959184,0.5555555555555556,0.1966666666666666,0.0137457044673539,0.2216494845360824,0.3110539845758355,0.2925170068027211,0
630,0.0,1,0,0.9175257731958762,0.5586734693877551,0.2222222222222222,0.1983333333333333,0.2542955326460481,0.0309278350515463,0.4601542416452442,0.6666666666666667,0
631,0.2,0,1,0.9072164948453608,0.7551020408163265,0.0,0.6133333333333335,0.7594501718213058,0.3711340206185567,0.6195372750642674,0.3197278911564626,1
632,0.4,0,0,0.8969072164948453,0.7372448979591836,0.3333333333333333,0.5133333333333334,0.3711340206185567,0.268041237113402,0.853470437017995,0.7959183673469389,1
633,1.0,0,0,0.6494845360824741,0.3443877551020408,0.4444444444444445,0.07,0.5257731958762887,0.1185567010309278,0.3624678663239074,0.4965986394557823,0
634,0.8,0,1,0.8144329896907216,0.4515306122448979,0.3333333333333333,0.8616666666666668,0.0481099656357388,0.4020618556701031,0.4267352185089974,0.7346938775510204,1
635,0.2,0,0,0.845360824742268,0.7551020408163265,0.7777777777777777,0.2933333333333333,0.5532646048109966,0.1237113402061855,0.8329048843187662,0.5102040816326531,0
636,0.0,0,0,0.5257731958762886,0.5025510204081632,0.2222222222222222,0.9683333333333336,0.5463917525773195,0.190721649484536,0.493573264781491,0.272108843537415,1
637,0.4,1,0,0.4020618556701031,0.3903061224489796,0.5555555555555556,0.8966666666666667,0.1890034364261168,0.2474226804123711,0.3804627249357326,0.1836734693877551,1
638,0.6000000000000001,0,0,0.6907216494845361,0.6913265306122448,0.1111111111111111,0.1766666666666667,0.3505154639175257,0.3350515463917525,0.6066838046272495,0.3605442176870748,1
639,0.2,1,1,0.5154639175257731,0.4897959183673469,0.5555555555555556,0.7966666666666669,0.1786941580756013,0.2216494845360824,0.5038560411311055,0.3945578231292517,1
640,1.0,0,1,0.1855670103092783,0.1811224489795918,0.6666666666666665,0.8316666666666668,0.1237113402061855,0.190721649484536,0.1028277634961439,0.0748299319727891,1
641,0.6000000000000001,1,0,0.4536082474226804,0.4464285714285714,1.0,0.6933333333333334,0.4329896907216495,0.134020618556701,0.2699228791773779,0.3061224489795918,1
642,0.0,1,1,0.7113402061855669,0.5051020408163265,0.7777777777777777,0.76,0.274914089347079,0.2577319587628865,0.4447300771208226,0.3673469387755102,1
643,0.0,0,0,0.9381443298969072,0.5051020408163265,0.4444444444444445,0.7383333333333335,0.1649484536082474,0.0927835051546391,0.5552699228791774,0.9251700680272108,1
644,0.6000000000000001,0,0,0.5360824742268041,0.4872448979591837,1.0,0.7183333333333335,0.4742268041237113,0.1649484536082474,0.506426735218509,0.2925170068027211,1
645,0.6000000000000001,0,0,0.4020618556701031,0.2091836734693877,0.0,0.8883333333333334,0.4123711340206185,0.0,0.4087403598971722,0.2312925170068027,1
646,0.8,0,0,0.4845360824742268,0.2831632653061224,0.3333333333333333,0.2833333333333334,0.4123711340206185,0.3865979381443299,0.3701799485861182,0.326530612244898,0
647,1.0,1,1,0.5360824742268041,0.5331632653061223,1.0,0.7233333333333334,0.2508591065292096,0.0927835051546391,0.2879177377892031,0.5102040816326531,1
648,0.0,1,0,0.288659793814433,0.2372448979591836,0.5555555555555556,0.5333333333333334,0.2714776632302405,0.0,0.2133676092544987,0.2448979591836735,1
649,0.0,0,1,0.6804123711340205,0.3596938775510204,0.3333333333333333,0.8533333333333335,0.5223367697594502,0.2319587628865979,0.5347043701799487,0.435374149659864,1
650,0.8,1,1,0.5051546391752577,0.3494897959183674,0.5555555555555556,0.265,0.3367697594501718,0.0,0.2596401028277635,0.4625850340136054,0
651,0.0,1,1,0.9896907216494844,0.8239795918367346,0.4444444444444445,0.6733333333333333,0.2405498281786941,0.6237113402061856,0.763496143958869,0.3333333333333333,1
652,0.2,1,1,0.1443298969072164,0.096938775510204,0.2222222222222222,0.1516666666666667,0.1477663230240549,0.0721649484536082,0.1388174807197943,0.0476190476190476,0
653,0.8,1,0,0.8041237113402061,0.7346938775510203,0.1111111111111111,0.2016666666666666,0.1065292096219931,0.6185567010309279,0.686375321336761,0.5986394557823129,1
654,1.0,1,0,0.2783505154639175,0.1632653061224489,0.6666666666666665,0.8266666666666667,0.1305841924398625,0.190721649484536,0.2416452442159383,0.2857142857142857,1
655,0.8,1,0,0.9278350515463916,0.7653061224489796,0.4444444444444445,0.5116666666666667,0.8247422680412371,0.8556701030927835,0.7532133676092546,0.6054421768707483,1
656,0.6000000000000001,0,0,0.958762886597938,0.5127551020408163,0.6666666666666665,0.1266666666666667,0.0790378006872852,0.3402061855670103,0.6580976863753214,0.5714285714285715,0
657,0.0,1,1,0.3608247422680412,0.2091836734693877,0.3333333333333333,0.2066666666666666,0.0652920962199312,0.2886597938144329,0.3727506426735218,0.2789115646258503,0
658,1.0,1,1,0.7113402061855669,0.5229591836734693,0.2222222222222222,0.2366666666666667,0.0996563573883161,0.3659793814432989,0.7172236503856042,0.4829931972789116,0
659,1.0,0,0,0.556701030927835,0.4413265306122449,0.6666666666666665,0.2466666666666667,0.2302405498281786,0.1804123711340206,0.4781491002570694,0.4625850340136054,0
660,0.0,1,1,0.1030927835051546,0.0612244897959183,0.0,0.5633333333333335,0.0515463917525773,0.0257731958762886,0.0616966580976863,0.1020408163265306,1
661,0.6000000000000001,0,0,0.1443298969072164,0.135204081632653,0.2222222222222222,0.6833333333333333,0.1065292096219931,0.0412371134020618,0.1465295629820051,0.108843537414966,1
662,0.8,0,1,0.1443298969072164,0.1147959183673469,1.0,0.5683333333333334,0.1443298969072164,0.0515463917525773,0.0976863753213367,0.0952380952380952,1
663,0.4,0,0,0.5257731958762886,0.5076530612244897,0.4444444444444445,0.08,0.3161512027491409,0.4896907216494845,0.4370179948586118,0.4149659863945578,0
664,1.0,0,0,0.9175257731958762,0.4999999999999999,1.0,0.3650000000000001,0.3195876288659793,0.845360824742268,0.7352185089974294,0.7142857142857143,0
665,0.8,0,1,0.9484536082474226,0.885204081632653,0.4444444444444445,0.3616666666666667,0.3676975945017182,0.7783505154639175,0.699228791773779,0.4557823129251701,0
666,0.6000000000000001,0,0,0.5876288659793814,0.5637755102040816,0.2222222222222222,0.125,0.2233676975945017,0.5412371134020618,0.4575835475578406,0.326530612244898,0
667,0.4,1,1,0.0927835051546391,0.0790816326530612,0.4444444444444445,0.21,0.0103092783505154,0.0412371134020618,0.0925449871465295,0.0952380952380952,0
668,0.8,1,1,0.2989690721649484,0.2857142857142857,0.6666666666666665,0.8083333333333333,0.1099656357388316,0.1597938144329896,0.2262210796915167,0.2857142857142857,1
669,0.8,0,0,0.2061855670103092,0.211734693877551,1.0,0.1216666666666667,0.140893470790378,0.0670103092783505,0.1439588688946015,0.0952380952380952,0
670,0.2,1,0,0.5979381443298969,0.5051020408163265,0.2222222222222222,0.2933333333333333,0.4776632302405498,0.5154639175257731,0.3830334190231362,0.3741496598639456,0
671,0.2,1,1,0.1855670103092783,0.135204081632653,0.8888888888888888,0.0333333333333333,0.0824742268041237,0.1185567010309278,0.1105398457583547,0.1428571428571428,0
672,0.8,1,0,0.7216494845360825,0.5765306122448979,0.8888888888888888,0.595,0.5017182130584192,0.0206185567010309,0.4395886889460154,0.5986394557823129,1
673,0.2,0,1,0.0309278350515463,0.0408163265306122,0.5555555555555556,0.9466666666666668,0.0068728522336769,0.0257731958762886,0.0385604113110539,0.0204081632653061,1
674,0.2,0,1,0.5773195876288659,0.3469387755102041,0.2222222222222222,0.075,0.1374570446735395,0.479381443298969,0.5295629820051414,0.3741496598639456,0
675,0.0,0,0,0.0,0.0,0.2222222222222222,0.2866666666666667,0.0137457044673539,0.0051546391752577,0.0102827763496143,0.0,0
676,0.8,0,1,0.4536082474226804,0.2346938775510204,1.0,0.5216666666666667,0.1786941580756013,0.3041237113402061,0.3444730077120823,0.2040816326530612,1
677,1.0,0,1,0.4536082474226804,0.3188775510204081,0.6666666666666665,0.7816666666666667,0.4501718213058419,0.4432989690721649,0.3033419023136247,0.2380952380952381,1
678,0.2,1,0,0.6494845360824741,0.5816326530612245,1.0,0.7350000000000001,0.3917525773195876,0.4381443298969072,0.6529562982005142,0.5374149659863946,1
679,0.8,0,1,0.4329896907216495,0.4158163265306122,0.6666666666666665,0.9816666666666668,0.0274914089347079,0.0721649484536082,0.3753213367609254,0.4013605442176871,1
680,0.0,0,1,0.0721649484536082,0.0841836734693877,0.4444444444444445,0.6383333333333334,0.0481099656357388,0.0360824742268041,0.0822622107969151,0.0272108843537415,1
681,0.0,0,1,0.3092783505154639,0.1811224489795918,0.8888888888888888,0.8,0.1443298969072164,0.134020618556701,0.2236503856041131,0.1904761904761905,1
682,0.6000000000000001,1,0,0.0412371134020618,0.0204081632653061,0.3333333333333333,0.3966666666666667,0.0171821305841924,0.0412371134020618,0.0282776349614395,0.0204081632653061,0
683,0.2,0,0,0.5154639175257731,0.3137755102040816,0.4444444444444445,0.7016666666666667,0.0378006872852233,0.4484536082474226,0.3496143958868895,0.2448979591836735,1
684,0.6000000000000001,0,1,0.6391752577319587,0.3801020408163265,0.6666666666666665,0.2783333333333334,0.5326460481099656,0.4690721649484536,0.4652956298200514,0.217687074829932,0
685,0.4,0,0,0.0824742268041237,0.0561224489795918,0.2222222222222222,0.4183333333333334,0.0584192439862542,0.0103092783505154,0.0874035989717223,0.0612244897959183,1
686,0.4,0,0,0.6804123711340205,0.3698979591836734,0.6666666666666665,0.8383333333333334,0.3883161512027491,0.1701030927835051,0.4961439588688945,0.4489795918367347,1
687,0.0,1,0,0.288659793814433,0.2066326530612244,0.4444444444444445,0.1016666666666666,0.2646048109965636,0.0103092783505154,0.1799485861182519,0.1224489795918367,0
688,0.2,0,1,0.8762886597938143,0.7755102040816326,0.2222222222222222,0.6800000000000002,0.7079037800687284,0.2319587628865979,0.7017994858611826,0.6326530612244898,1
689,0.8,1,1,0.8865979381443299,0.5255102040816326,0.8888888888888888,0.7766666666666668,0.4639175257731958,0.7938144329896907,0.8791773778920309,0.8911564625850341,1
690,0.2,0,1,0.3814432989690722,0.2857142857142857,0.0,0.2733333333333334,0.3195876288659793,0.2938144329896907,0.3110539845758355,0.3469387755102041,0
691,1.0,1,0,0.1546391752577319,0.1020408163265306,0.0,0.3616666666666667,0.0034364261168384,0.0103092783505154,0.1516709511568123,0.108843537414966,0
692,0.6000000000000001,0,1,0.0721649484536082,0.0510204081632653,0.2222222222222222,0.7450000000000001,0.0412371134020618,0.0103092783505154,0.0668380462724935,0.0408163265306122,1
693,0.2,0,0,0.7216494845360825,0.6224489795918366,0.2222222222222222,0.4933333333333334,0.3024054982817869,0.0721649484536082,0.5501285347043703,0.3945578231292517,1
694,0.0,1,0,0.9278350515463916,0.6403061224489796,0.0,0.8050000000000002,0.872852233676976,0.1030927835051546,0.4961439588688945,0.8435374149659864,1
695,0.6000000000000001,0,0,0.5670103092783505,0.4872448979591837,0.0,0.0583333333333333,0.2542955326460481,0.5463917525773195,0.5218508997429306,0.4829931972789116,1
696,1.0,0,1,0.0927835051546391,0.0612244897959183,0.1111111111111111,0.9816666666666668,0.0652920962199312,0.0515463917525773,0.0488431876606683,0.0340136054421768,1
697,0.4,0,1,0.0927835051546391,0.048469387755102,0.1111111111111111,0.9566666666666668,0.0652920962199312,0.0670103092783505,0.0462724935732647,0.0612244897959183,1
698,0.0,1,1,0.5979381443298969,0.6020408163265305,0.1111111111111111,0.1566666666666667,0.2302405498281786,0.2989690721649484,0.5552699228791774,0.3061224489795918,1
699,0.4,1,1,0.8144329896907216,0.7193877551020408,1.0,0.2,0.0515463917525773,0.0721649484536082,0.8097686375321338,0.6802721088435375,0
700,0.4,0,1,0.6494845360824741,0.6326530612244897,1.0,0.9133333333333332,0.3951890034364261,0.4432989690721649,0.4395886889460154,0.2993197278911564,1
701,0.0,1,1,0.7628865979381443,0.4489795918367347,0.7777777777777777,0.8133333333333335,0.0584192439862542,0.4020618556701031,0.6889460154241646,0.4013605442176871,1
702,0.2,1,0,0.2061855670103092,0.1173469387755102,0.3333333333333333,0.3483333333333334,0.1305841924398625,0.0,0.1311053984575835,0.1972789115646258,0
703,0.8,1,1,0.6288659793814433,0.6020408163265305,0.2222222222222222,0.9983333333333336,0.0,0.5876288659793815,0.5218508997429306,0.4557823129251701,1
704,0.8,0,1,0.6701030927835051,0.3954081632653061,0.5555555555555556,0.2766666666666667,0.2577319587628865,0.2371134020618556,0.5038560411311055,0.4489795918367347,0
705,1.0,1,1,0.1134020618556701,0.1020408163265306,0.0,0.4916666666666667,0.0446735395189003,0.0257731958762886,0.0668380462724935,0.1020408163265306,1
706,0.2,0,0,0.268041237113402,0.1632653061224489,0.5555555555555556,0.0366666666666667,0.0652920962199312,0.1030927835051546,0.2133676092544987,0.1428571428571428,0
707,0.6000000000000001,1,0,0.7010309278350515,0.4744897959183673,0.0,0.6516666666666668,0.2164948453608247,0.3814432989690721,0.3830334190231362,0.2653061224489796,1
708,0.6000000000000001,0,1,0.8865979381443299,0.673469387755102,0.4444444444444445,0.1316666666666667,0.3470790378006873,0.7989690721649484,0.686375321336761,0.6598639455782314,0
709,0.0,1,0,0.8969072164948453,0.6505102040816326,0.8888888888888888,0.385,0.4261168384879725,0.1752577319587628,0.5809768637532134,0.3673469387755102,0
710,1.0,0,0,0.7010309278350515,0.548469387755102,0.1111111111111111,0.5516666666666667,0.2783505154639175,0.3659793814432989,0.3676092544987147,0.6802721088435375,1
711,0.0,1,1,0.6907216494845361,0.4668367346938775,0.4444444444444445,0.05,0.6735395189003436,0.4845360824742268,0.4138817480719794,0.3061224489795918,0
712,1.0,1,0,0.9278350515463916,0.7372448979591836,0.7777777777777777,0.1383333333333334,0.6082474226804123,0.6855670103092784,0.7737789203084834,0.3877551020408163,0
713,0.0,1,1,0.6082474226804123,0.4948979591836734,0.7777777777777777,0.6300000000000001,0.4707903780068728,0.1185567010309278,0.4884318766066838,0.3741496598639456,1
714,0.2,1,1,0.4329896907216495,0.3673469387755102,0.3333333333333333,0.99,0.3917525773195876,0.3247422680412371,0.2339331619537275,0.163265306122449,1
715,0.8,0,0,1.0,0.5714285714285714,0.5555555555555556,0.445,0.972508591065292,0.5103092783505154,0.7557840616966581,0.3673469387755102,1
716,1.0,0,0,0.3814432989690722,0.3494897959183674,0.1111111111111111,0.6800000000000002,0.0240549828178694,0.0927835051546391,0.3933161953727506,0.3537414965986394,1
717,0.6000000000000001,1,0,0.6804123711340205,0.5331632653061223,0.0,0.2216666666666666,0.3676975945017182,0.0979381443298969,0.5886889460154242,0.4285714285714286,1
718,0.8,0,0,0.3505154639175258,0.2142857142857142,0.6666666666666665,0.0033333333333334,0.2199312714776632,0.190721649484536,0.1928020565552699,0.2789115646258503,0
719,0.8,1,0,0.0515463917525773,0.058673469387755,0.6666666666666665,0.7266666666666668,0.0721649484536082,0.0309278350515463,0.0411311053984575,0.0272108843537415,1
720,0.4,0,1,0.3917525773195876,0.2091836734693877,0.2222222222222222,0.0383333333333333,0.3848797250859106,0.0515463917525773,0.3598971722365038,0.2789115646258503,0
721,0.8,1,0,0.1649484536082474,0.096938775510204,0.5555555555555556,0.6166666666666667,0.0652920962199312,0.1494845360824742,0.1131105398457583,0.1496598639455782,1
722,0.6000000000000001,0,0,0.556701030927835,0.5280612244897959,0.5555555555555556,0.5150000000000001,0.3024054982817869,0.5670103092783505,0.3984575835475578,0.3333333333333333,1
723,0.8,0,0,0.6804123711340205,0.6096938775510203,0.8888888888888888,0.0816666666666666,0.6460481099656358,0.0,0.3984575835475578,0.6394557823129252,0
724,1.0,0,1,0.0412371134020618,0.0306122448979591,0.0,0.0316666666666667,0.0034364261168384,0.056701030927835,0.0462724935732647,0.0408163265306122,0
725,0.2,0,0,0.4123711340206186,0.4056122448979591,0.6666666666666665,0.1516666666666667,0.1993127147766323,0.1082474226804123,0.3547557840616966,0.1768707482993197,0
726,0.8,0,0,0.4948453608247422,0.4693877551020408,0.4444444444444445,0.7583333333333333,0.1237113402061855,0.0309278350515463,0.3264781491002571,0.1768707482993197,1
727,0.2,0,0,0.4020618556701031,0.3035714285714285,0.2222222222222222,0.09,0.2508591065292096,0.2886597938144329,0.4113110539845758,0.2380952380952381,0
728,0.6000000000000001,0,1,0.2061855670103092,0.2168367346938775,0.0,0.9616666666666668,0.1718213058419244,0.0670103092783505,0.1568123393316195,0.2108843537414966,1
729,0.2,0,0,0.3298969072164948,0.211734693877551,0.7777777777777777,0.02,0.2199312714776632,0.3144329896907216,0.2082262210796915,0.2040816326530612,0
730,0.0,1,0,0.7113402061855669,0.3979591836734694,0.6666666666666665,0.7433333333333334,0.3264604810996563,0.2010309278350515,0.596401028277635,0.54421768707483,1
731,0.6000000000000001,1,0,0.5773195876288659,0.4923469387755102,0.7777777777777777,0.0216666666666667,0.3814432989690721,0.4175257731958763,0.5758354755784062,0.4285714285714286,0
732,0.4,1,0,0.3298969072164948,0.3214285714285714,0.6666666666666665,0.9283333333333336,0.1168384879725085,0.1288659793814432,0.2159383033419023,0.1292517006802721,1
733,0.4,0,0,0.7731958762886597,0.4591836734693877,1.0,0.3400000000000001,0.5017182130584192,0.0257731958762886,0.4627249357326478,0.3129251700680272,0
734,0.0,1,0,0.0309278350515463,0.0229591836734693,0.6666666666666665,0.4266666666666667,0.0309278350515463,0.0,0.0385604113110539,0.0340136054421768,1
735,0.4,1,1,0.5257731958762886,0.2729591836734694,0.6666666666666665,0.155,0.2336769759450171,0.1237113402061855,0.519280205655527,0.3537414965986394,0
736,0.0,1,0,0.4639175257731959,0.3596938775510204,0.6666666666666665,0.9683333333333336,0.3780068728522336,0.3144329896907216,0.4447300771208226,0.163265306122449,1
737,0.4,1,1,0.422680412371134,0.3035714285714285,0.6666666666666665,0.6983333333333335,0.1752577319587628,0.134020618556701,0.352185089974293,0.3877551020408163,1
738,0.4,1,1,0.0721649484536082,0.0561224489795918,0.7777777777777777,0.2633333333333334,0.0,0.0051546391752577,0.0745501285347043,0.0748299319727891,0
739,0.8,1,0,0.1855670103092783,0.183673469387755,0.6666666666666665,0.9283333333333336,0.1477663230240549,0.0773195876288659,0.1002570694087403,0.1428571428571428,1
740,0.4,1,1,0.1855670103092783,0.1862244897959183,0.7777777777777777,0.215,0.1821305841924398,0.1597938144329896,0.1413881748071979,0.1496598639455782,0
741,0.6000000000000001,0,0,0.4020618556701031,0.3979591836734694,0.5555555555555556,0.3966666666666667,0.134020618556701,0.0412371134020618,0.2185089974293059,0.3877551020408163,0
742,0.2,0,0,0.6907216494845361,0.3596938775510204,0.4444444444444445,0.8800000000000001,0.1580756013745704,0.6701030927835051,0.6786632390745502,0.6122448979591837,1
743,1.0,1,1,0.2164948453608247,0.1479591836734693,0.2222222222222222,0.065,0.1752577319587628,0.1288659793814432,0.2056555269922879,0.163265306122449,0
744,1.0,1,1,0.5773195876288659,0.4158163265306122,0.8888888888888888,0.1266666666666667,0.0859106529209622,0.3865979381443299,0.5347043701799487,0.1904761904761905,0
745,1.0,0,0,0.8041237113402061,0.7576530612244897,0.6666666666666665,0.415,0.5085910652920962,0.0103092783505154,0.4370179948586118,0.4761904761904762,0
746,0.6000000000000001,0,1,0.3608247422680412,0.3163265306122449,0.8888888888888888,0.4783333333333334,0.3780068728522336,0.1597938144329896,0.2185089974293059,0.2789115646258503,1
747,0.0,0,0,0.2474226804123711,0.2066326530612244,0.8888888888888888,0.935,0.0,0.1804123711340206,0.1516709511568123,0.2585034013605442,1
748,0.0,0,0,0.288659793814433,0.1709183673469387,0.5555555555555556,0.1816666666666667,0.2199312714776632,0.2525773195876288,0.1979434447300771,0.2380952380952381,0
749,0.8,1,0,0.2577319587628866,0.2525510204081633,0.1111111111111111,0.38,0.268041237113402,0.1134020618556701,0.2493573264781491,0.108843537414966,1
750,0.8,0,0,0.5670103092783505,0.4923469387755102,0.3333333333333333,0.6516666666666668,0.3024054982817869,0.1134020618556701,0.3033419023136247,0.2040816326530612,1
751,0.4,1,0,0.134020618556701,0.0841836734693877,0.1111111111111111,0.4733333333333334,0.134020618556701,0.0670103092783505,0.1156812339331619,0.1156462585034013,1
752,1.0,0,0,0.6804123711340205,0.5025510204081632,0.1111111111111111,0.265,0.4982817869415807,0.1546391752577319,0.634961439588689,0.3333333333333333,0
753,0.2,1,1,0.8144329896907216,0.8010204081632653,0.4444444444444445,0.7583333333333333,0.0,0.654639175257732,0.7660668380462725,0.3197278911564626,1
754,0.6000000000000001,0,1,0.9278350515463916,0.6989795918367346,1.0,0.6466666666666667,0.1649484536082474,0.8402061855670103,0.6555269922879178,0.761904761904762,1
755,0.2,0,1,0.7628865979381443,0.6556122448979591,0.2222222222222222,0.14,0.0893470790378006,0.0618556701030927,0.506426735218509,0.5374149659863946,0
756,0.8,1,0,0.0412371134020618,0.0331632653061224,1.0,0.9483333333333336,0.0481099656357388,0.0515463917525773,0.0359897172236503,0.0136054421768707,1
757,0.2,0,1,0.4639175257731959,0.4693877551020408,1.0,0.2416666666666667,0.0721649484536082,0.0,0.2776349614395886,0.272108843537415,0
758,0.0,1,0,0.1237113402061855,0.1326530612244897,0.2222222222222222,0.155,0.0171821305841924,0.0773195876288659,0.1311053984575835,0.1224489795918367,0
759,0.6000000000000001,1,1,0.9484536082474226,0.6198979591836734,0.4444444444444445,0.19,0.3024054982817869,0.6907216494845361,0.6041131105398458,0.380952380952381,0
760,0.4,1,0,0.979381443298969,0.4999999999999999,0.7777777777777777,0.1583333333333333,0.0962199312714776,0.7061855670103092,0.9434447300771208,0.7346938775510204,0
761,0.6000000000000001,0,1,0.8969072164948453,0.5280612244897959,0.6666666666666665,0.8583333333333334,0.0068728522336769,0.5567010309278351,0.5475578406169667,0.435374149659864,1
762,1.0,1,0,0.4536082474226804,0.2602040816326531,0.3333333333333333,0.7633333333333334,0.134020618556701,0.2216494845360824,0.3984575835475578,0.1972789115646258,1
763,1.0,0,1,0.556701030927835,0.3622448979591837,0.4444444444444445,0.2616666666666667,0.2371134020618556,0.4020618556701031,0.5218508997429306,0.3129251700680272,0
764,0.0,1,1,0.0824742268041237,0.0739795918367346,0.4444444444444445,0.9233333333333332,0.0893470790378006,0.0412371134020618,0.0668380462724935,0.0816326530612245,1
765,0.6000000000000001,1,0,0.3402061855670103,0.2551020408163265,0.7777777777777777,0.04,0.0824742268041237,0.0463917525773195,0.3161953727506427,0.163265306122449,0
766,0.0,0,0,0.7938144329896907,0.7959183673469387,0.6666666666666665,0.915,0.6666666666666666,0.5309278350515464,0.6760925449871465,0.7210884353741497,1
767,0.6000000000000001,1,1,0.6082474226804123,0.6096938775510203,0.5555555555555556,0.6200000000000001,0.0103092783505154,0.5721649484536082,0.596401028277635,0.3401360544217687,1
768,0.6000000000000001,0,1,0.8969072164948453,0.5255102040816326,0.2222222222222222,0.9316666666666668,0.3298969072164948,0.8505154639175257,0.7455012853470437,0.7551020408163266,1
769,0.8,1,0,0.5257731958762886,0.3852040816326531,0.3333333333333333,0.4733333333333334,0.1752577319587628,0.0876288659793814,0.352185089974293,0.3401360544217687,1
770,1.0,0,0,0.1134020618556701,0.1147959183673469,0.1111111111111111,0.0766666666666666,0.1099656357388316,0.0824742268041237,0.0796915167095115,0.108843537414966,1
771,0.6000000000000001,1,0,0.3917525773195876,0.3188775510204081,0.8888888888888888,0.5583333333333333,0.2061855670103092,0.3608247422680412,0.3239074550128534,0.2857142857142857,1
772,0.4,0,0,0.8762886597938143,0.5714285714285714,0.1111111111111111,0.1083333333333333,0.281786941580756,0.7628865979381443,0.7686375321336761,0.489795918367347,0
773,0.2,0,0,0.958762886597938,0.5025510204081632,0.7777777777777777,0.9266666666666667,0.8556701030927835,0.0,0.910025706940874,0.4217687074829932,1
774,1.0,1,1,0.9072164948453608,0.5025510204081632,0.0,0.2333333333333334,0.5876288659793815,0.0515463917525773,0.724935732647815,0.5170068027210885,0
775,0.0,1,1,0.7319587628865979,0.586734693877551,0.0,0.5266666666666668,0.5395189003436426,0.3041237113402061,0.6555269922879178,0.2789115646258503,1
776,0.6000000000000001,1,1,0.7422680412371133,0.6479591836734693,0.0,0.2683333333333334,0.1958762886597938,0.1494845360824742,0.3804627249357326,0.3469387755102041,1
777,1.0,0,0,0.2989690721649484,0.2678571428571428,0.4444444444444445,0.635,0.1752577319587628,0.0876288659793814,0.1825192802056555,0.1020408163265306,1
778,0.4,1,0,0.422680412371134,0.2321428571428571,0.0,0.3083333333333333,0.3780068728522336,0.4175257731958763,0.2750642673521851,0.1496598639455782,0
779,0.2,1,1,0.2268041237113401,0.2040816326530612,0.2222222222222222,0.6400000000000001,0.1890034364261168,0.1804123711340206,0.1285347043701799,0.1564625850340136,1
780,0.2,1,0,0.5360824742268041,0.4489795918367347,0.6666666666666665,0.7116666666666667,0.4501718213058419,0.0,0.3084832904884318,0.3197278911564626,1
781,0.4,0,0,0.1443298969072164,0.1224489795918367,0.2222222222222222,0.8066666666666666,0.0481099656357388,0.1237113402061855,0.1079691516709511,0.0952380952380952,1
782,0.6000000000000001,0,1,1.0,0.5127551020408163,0.1111111111111111,0.9416666666666668,0.9037800687285223,0.1855670103092783,0.9305912596401028,0.870748299319728,1
783,0.6000000000000001,0,0,0.5773195876288659,0.5051020408163265,0.8888888888888888,0.8183333333333334,0.0481099656357388,0.5567010309278351,0.4113110539845758,0.380952380952381,1
784,0.8,0,0,0.2061855670103092,0.2091836734693877,0.7777777777777777,0.9433333333333334,0.1374570446735395,0.0979381443298969,0.1670951156812339,0.1904761904761905,1
785,0.0,1,0,0.4948453608247422,0.3596938775510204,0.0,0.7683333333333333,0.0,0.3762886597938144,0.3161953727506427,0.3061224489795918,1
786,0.4,0,1,0.0412371134020618,0.0459183673469387,0.8888888888888888,0.4533333333333333,0.0137457044673539,0.0257731958762886,0.0282776349614395,0.0204081632653061,1
787,0.8,1,0,0.2061855670103092,0.211734693877551,0.2222222222222222,0.5016666666666667,0.0927835051546391,0.1494845360824742,0.1645244215938303,0.2244897959183673,1
788,0.2,1,1,0.2474226804123711,0.1326530612244897,0.6666666666666665,0.8666666666666667,0.0927835051546391,0.1237113402061855,0.2313624678663239,0.1360544217687075,1
789,0.8,0,0,0.1030927835051546,0.1020408163265306,0.3333333333333333,0.4966666666666667,0.0549828178694158,0.0927835051546391,0.0745501285347043,0.0884353741496598,1
790,0.4,1,0,0.2989690721649484,0.2142857142857142,0.8888888888888888,0.4066666666666667,0.1821305841924398,0.056701030927835,0.3059125964010282,0.1020408163265306,0
791,1.0,0,1,0.4536082474226804,0.3622448979591837,0.6666666666666665,0.435,0.0790378006872852,0.3195876288659793,0.2544987146529563,0.3945578231292517,1
792,0.8,1,1,0.9381443298969072,0.8979591836734693,0.2222222222222222,0.4116666666666667,0.0962199312714776,0.9175257731958762,0.686375321336761,0.9455782312925172,0
793,0.8,1,0,0.6288659793814433,0.3341836734693877,0.0,0.3400000000000001,0.3608247422680412,0.5618556701030928,0.365038560411311,0.6394557823129252,0
794,0.4,0,0,0.5876288659793814,0.5229591836734693,0.6666666666666665,0.3833333333333334,0.2439862542955326,0.2989690721649484,0.3290488431876606,0.5986394557823129,0
795,0.4,1,1,0.2783505154639175,0.2627551020408163,0.2222222222222222,0.5233333333333334,0.0343642611683848,0.0154639175257731,0.1876606683804627,0.2448979591836735,1
796,0.8,0,0,0.6082474226804123,0.5637755102040816,0.8888888888888888,0.085,0.4054982817869416,0.2577319587628865,0.6195372750642674,0.326530612244898,0
797,0.8,1,1,0.5876288659793814,0.4948979591836734,0.4444444444444445,0.2183333333333333,0.1134020618556701,0.4742268041237113,0.5758354755784062,0.3605442176870748,0
798,0.2,0,1,0.4536082474226804,0.461734693877551,0.4444444444444445,0.1716666666666667,0.0068728522336769,0.4536082474226804,0.4370179948586118,0.1972789115646258,0
799,0.4,0,0,0.7010309278350515,0.5076530612244897,0.3333333333333333,0.6133333333333335,0.570446735395189,0.2577319587628865,0.6632390745501286,0.6190476190476191,1
800,0.6000000000000001,0,1,0.5051546391752577,0.2576530612244898,0.8888888888888888,0.165,0.274914089347079,0.2216494845360824,0.5089974293059126,0.3129251700680272,0
801,0.2,1,0,0.2989690721649484,0.2627551020408163,0.6666666666666665,0.6083333333333334,0.2130584192439862,0.0412371134020618,0.2365038560411311,0.2653061224489796,1
802,0.4,1,0,0.4020618556701031,0.3188775510204081,0.7777777777777777,0.0733333333333333,0.3539518900343642,0.3608247422680412,0.3984575835475578,0.2789115646258503,0
803,0.0,1,0,0.1649484536082474,0.1301020408163265,0.7777777777777777,0.425,0.134020618556701,0.1494845360824742,0.1233933161953727,0.1156462585034013,1
804,0.8,0,1,0.8247422680412371,0.6785714285714285,1.0,0.0016666666666667,0.8178694158075601,0.7010309278350515,0.7892030848329049,0.6734693877551021,0
805,0.4,0,1,0.0618556701030927,0.0459183673469387,0.2222222222222222,0.7100000000000002,0.0687285223367697,0.0,0.0591259640102827,0.0408163265306122,1
806,0.4,1,0,0.845360824742268,0.5816326530612245,0.2222222222222222,0.6483333333333334,0.1958762886597938,0.1288659793814432,0.4781491002570694,0.8095238095238095,1
807,0.0,0,0,0.8556701030927835,0.8571428571428571,0.1111111111111111,0.6083333333333334,0.2920962199312715,0.6597938144329897,0.4524421593830334,0.3061224489795918,1
808,0.6000000000000001,0,1,0.3195876288659794,0.3163265306122449,0.7777777777777777,0.5133333333333334,0.1237113402061855,0.3195876288659793,0.3161953727506427,0.3061224489795918,1
809,0.6000000000000001,0,0,0.5773195876288659,0.3188775510204081,1.0,0.0583333333333333,0.1512027491408934,0.1546391752577319,0.3856041131105398,0.54421768707483,0
810,0.6000000000000001,0,0,0.4329896907216495,0.2602040816326531,0.8888888888888888,0.6283333333333334,0.0034364261168384,0.1030927835051546,0.3033419023136247,0.3401360544217687,1
811,0.2,0,0,0.2474226804123711,0.2091836734693877,0.0,0.3183333333333333,0.0584192439862542,0.0927835051546391,0.1285347043701799,0.1768707482993197,1
812,0.4,0,1,0.9690721649484536,0.7091836734693877,1.0,0.7716666666666667,0.7903780068728522,0.6082474226804123,0.699228791773779,0.7006802721088435,1
813,1.0,0,1,0.5154639175257731,0.4540816326530612,0.3333333333333333,0.8483333333333334,0.0824742268041237,0.3556701030927835,0.352185089974293,0.3741496598639456,1
814,1.0,0,1,0.979381443298969,0.9209183673469388,0.7777777777777777,0.4066666666666667,0.120274914089347,0.7731958762886598,0.7969151670951158,0.3537414965986394,0
815,0.2,1,1,0.0,0.0127551020408163,0.6666666666666665,0.54,0.0206185567010309,0.0,0.0077120822622107,0.0,1
816,0.6000000000000001,1,0,0.6494845360824741,0.4209183673469387,0.4444444444444445,0.1466666666666667,0.3264604810996563,0.0412371134020618,0.3753213367609254,0.489795918367347,0
817,0.8,1,1,0.7216494845360825,0.5816326530612245,0.6666666666666665,0.5733333333333335,0.4570446735395189,0.1804123711340206,0.4627249357326478,0.2857142857142857,1
818,0.0,0,0,0.5154639175257731,0.461734693877551,0.6666666666666665,0.5,0.2508591065292096,0.5,0.416452442159383,0.2448979591836735,1
819,0.4,0,0,0.6494845360824741,0.3520408163265306,0.0,0.6816666666666666,0.0343642611683848,0.654639175257732,0.5295629820051414,0.272108843537415,1
820,1.0,1,1,0.2164948453608247,0.135204081632653,0.3333333333333333,0.5700000000000001,0.0893470790378006,0.0979381443298969,0.2133676092544987,0.1700680272108843,1
821,0.0,0,1,0.3195876288659794,0.2576530612244898,0.1111111111111111,0.205,0.2542955326460481,0.2422680412371134,0.2904884318766066,0.217687074829932,1
822,0.0,0,1,0.1855670103092783,0.1428571428571428,0.5555555555555556,1.0,0.1305841924398625,0.1237113402061855,0.1748071979434447,0.2040816326530612,1
823,0.4,1,1,0.8350515463917525,0.4897959183673469,0.1111111111111111,0.1916666666666667,0.0790378006872852,0.4845360824742268,0.5501285347043703,0.5850340136054423,0
824,0.8,1,1,0.3711340206185567,0.3571428571428571,0.1111111111111111,0.5750000000000002,0.0446735395189003,0.056701030927835,0.2724935732647814,0.3129251700680272,1
825,0.0,0,0,0.5670103092783505,0.3903061224489796,0.7777777777777777,0.7366666666666668,0.0240549828178694,0.2989690721649484,0.2853470437017995,0.4625850340136054,1
826,0.8,0,0,0.7319587628865979,0.4974489795918367,0.3333333333333333,0.7066666666666668,0.1890034364261168,0.3092783505154639,0.737789203084833,0.7006802721088435,1
827,0.2,1,0,0.1443298969072164,0.1301020408163265,0.5555555555555556,0.6783333333333335,0.0206185567010309,0.0876288659793814,0.1516709511568123,0.054421768707483,1
828,1.0,0,1,0.0618556701030927,0.0561224489795918,0.1111111111111111,0.8,0.0171821305841924,0.0463917525773195,0.0359897172236503,0.0272108843537415,1
829,0.8,0,0,0.6288659793814433,0.5510204081632653,0.4444444444444445,0.3966666666666667,0.3298969072164948,0.2783505154639175,0.4884318766066838,0.5306122448979592,0
830,0.4,1,0,0.8865979381443299,0.4438775510204081,0.6666666666666665,0.6766666666666667,0.7869415807560137,0.2216494845360824,0.7712082262210798,0.6258503401360545,1
831,0.0,1,0,0.7319587628865979,0.3622448979591837,0.7777777777777777,0.8516666666666668,0.0343642611683848,0.6391752577319587,0.4061696658097686,0.653061224489796,1
832,0.4,1,1,0.3711340206185567,0.2244897959183673,0.6666666666666665,0.915,0.2164948453608247,0.1237113402061855,0.2365038560411311,0.1700680272108843,1
833,0.6000000000000001,1,0,0.6185567010309277,0.4183673469387755,0.4444444444444445,0.9666666666666668,0.5429553264604811,0.422680412371134,0.5089974293059126,0.6190476190476191,1
834,1.0,0,1,0.3402061855670103,0.2346938775510204,0.1111111111111111,0.6066666666666667,0.3264604810996563,0.0257731958762886,0.1928020565552699,0.3537414965986394,1
835,1.0,1,1,0.1237113402061855,0.1198979591836734,0.0,0.275,0.0,0.134020618556701,0.1285347043701799,0.1020408163265306,1
836,0.6000000000000001,0,1,0.3402061855670103,0.298469387755102,0.0,0.81,0.0206185567010309,0.3298969072164948,0.2673521850899742,0.1156462585034013,1
837,0.2,1,1,0.0412371134020618,0.0433673469387755,0.4444444444444445,0.0433333333333333,0.0137457044673539,0.0515463917525773,0.0539845758354755,0.0476190476190476,0
838,0.0,0,0,0.4020618556701031,0.2678571428571428,0.7777777777777777,0.165,0.2027491408934708,0.3917525773195876,0.3187660668380462,0.3605442176870748,0
839,0.4,0,1,0.5360824742268041,0.2857142857142857,0.2222222222222222,0.9016666666666668,0.2336769759450171,0.0051546391752577,0.2776349614395886,0.4489795918367347,1
840,0.4,0,1,0.1855670103092783,0.1632653061224489,0.6666666666666665,0.5633333333333335,0.1683848797250859,0.0103092783505154,0.1182519280205655,0.1564625850340136,1
841,0.8,1,1,0.3402061855670103,0.2193877551020407,0.1111111111111111,0.2966666666666667,0.1374570446735395,0.2010309278350515,0.2827763496143959,0.2585034013605442,0
842,0.0,1,1,0.8350515463917525,0.7576530612244897,0.1111111111111111,0.5,0.5017182130584192,0.6443298969072164,0.6298200514138819,0.8163265306122449,1
843,0.0,1,1,0.6701030927835051,0.3903061224489796,0.7777777777777777,0.78,0.0103092783505154,0.0927835051546391,0.660668380462725,0.2585034013605442,1
844,0.0,0,0,0.1752577319587628,0.1581632653061224,0.4444444444444445,0.3716666666666667,0.0824742268041237,0.056701030927835,0.1516709511568123,0.0748299319727891,0
845,0.4,1,1,0.6494845360824741,0.5255102040816326,0.6666666666666665,0.045,0.281786941580756,0.0051546391752577,0.5784061696658098,0.3197278911564626,0
846,0.2,1,1,0.0412371134020618,0.0382653061224489,0.3333333333333333,0.8316666666666668,0.0343642611683848,0.0360824742268041,0.0488431876606683,0.054421768707483,1
847,1.0,1,0,0.7010309278350515,0.5790816326530611,0.8888888888888888,0.8383333333333334,0.6426116838487972,0.3247422680412371,0.7069408740359898,0.2789115646258503,1
848,0.4,1,0,0.7731958762886597,0.3852040816326531,0.8888888888888888,0.3733333333333334,0.4432989690721649,0.2628865979381443,0.532133676092545,0.4489795918367347,0
849,0.2,1,0,0.2474226804123711,0.1607142857142857,0.2222222222222222,0.3433333333333334,0.0790378006872852,0.0979381443298969,0.2390745501285347,0.1428571428571428,0
850,0.2,1,0,0.9278350515463916,0.4719387755102041,0.0,0.085,0.7697594501718212,0.1134020618556701,0.8020565552699229,0.8843537414965987,0
851,0.4,1,1,0.1649484536082474,0.0994897959183673,0.3333333333333333,0.5800000000000001,0.0412371134020618,0.1597938144329896,0.1516709511568123,0.108843537414966,1
852,0.2,0,0,0.4845360824742268,0.4642857142857143,0.1111111111111111,0.52,0.2096219931271477,0.3041237113402061,0.4138817480719794,0.1972789115646258,1
853,0.2,1,0,0.5670103092783505,0.3086734693877551,0.6666666666666665,0.16,0.1855670103092783,0.3865979381443299,0.4447300771208226,0.380952380952381,0
854,0.6000000000000001,0,0,0.0103092783505154,0.0127551020408163,0.0,0.2633333333333334,0.0171821305841924,0.0,0.0205655526992287,0.0136054421768707,0
855,0.6000000000000001,1,1,0.1546391752577319,0.0790816326530612,0.2222222222222222,0.3133333333333333,0.0034364261168384,0.0257731958762886,0.1079691516709511,0.108843537414966,0
856,0.8,1,0,0.7010309278350515,0.4744897959183673,0.2222222222222222,0.2916666666666667,0.0446735395189003,0.3144329896907216,0.3701799485861182,0.3537414965986394,0
857,0.2,0,0,0.2061855670103092,0.1709183673469387,0.8888888888888888,0.195,0.0687285223367697,0.2010309278350515,0.1593830334190231,0.1292517006802721,0
858,0.4,0,0,0.6804123711340205,0.4693877551020408,0.3333333333333333,0.8016666666666667,0.6048109965635738,0.0463917525773195,0.6015424164524422,0.3673469387755102,1
859,0.2,0,1,0.2268041237113401,0.1505102040816326,0.5555555555555556,0.0616666666666666,0.1168384879725085,0.1082474226804123,0.2339331619537275,0.1564625850340136,0
860,0.0,0,1,0.0412371134020618,0.0382653061224489,0.5555555555555556,0.3516666666666667,0.0103092783505154,0.0103092783505154,0.0488431876606683,0.0272108843537415,0
861,0.8,1,0,0.6185567010309277,0.4336734693877551,0.2222222222222222,0.895,0.4329896907216495,0.190721649484536,0.6272493573264782,0.3129251700680272,1
862,0.2,0,0,0.7628865979381443,0.6198979591836734,0.5555555555555556,0.8500000000000001,0.0446735395189003,0.5412371134020618,0.7712082262210798,0.3537414965986394,1
863,0.4,0,0,0.4742268041237113,0.2627551020408163,0.3333333333333333,0.4800000000000001,0.127147766323024,0.268041237113402,0.377892030848329,0.3061224489795918,1
864,1.0,1,0,0.4123711340206186,0.2270408163265306,0.5555555555555556,0.9500000000000002,0.1099656357388316,0.1237113402061855,0.3084832904884318,0.3877551020408163,1
865,0.0,0,1,0.7216494845360825,0.520408163265306,0.4444444444444445,0.7216666666666667,0.5360824742268041,0.6185567010309279,0.4858611825192802,0.6734693877551021,1
866,1.0,0,1,0.6391752577319587,0.510204081632653,0.7777777777777777,0.08,0.3436426116838488,0.5618556701030928,0.5167095115681235,0.4693877551020408,0
867,0.0,0,1,0.8969072164948453,0.5790816326530611,0.5555555555555556,0.7350000000000001,0.1924398625429553,0.5773195876288659,0.6889460154241646,0.4829931972789116,1
868,0.6000000000000001,0,0,0.5051546391752577,0.3622448979591837,0.5555555555555556,0.01,0.0240549828178694,0.4536082474226804,0.2904884318766066,0.1972789115646258,0
869,0.4,1,1,0.6288659793814433,0.4897959183673469,0.8888888888888888,0.2133333333333333,0.5463917525773195,0.3711340206185567,0.5038560411311055,0.4421768707482993,0
870,0.6000000000000001,1,0,0.6597938144329897,0.5561224489795917,0.1111111111111111,0.2583333333333334,0.1305841924398625,0.1546391752577319,0.6375321336760926,0.5034013605442177,1
871,0.2,0,1,0.4742268041237113,0.3673469387755102,0.0,0.0933333333333333,0.2439862542955326,0.4536082474226804,0.3367609254498714,0.3741496598639456,1
872,0.0,1,0,0.0,0.0025510204081632,0.1111111111111111,0.4900000000000001,0.0171821305841924,0.0,0.0025706940874035,0.0068027210884353,1
873,0.0,0,1,0.7525773195876289,0.6505102040816326,0.8888888888888888,0.9066666666666668,0.3127147766323024,0.0309278350515463,0.4704370179948586,0.4421768707482993,1
874,0.8,1,0,0.9072164948453608,0.8775510204081631,0.1111111111111111,0.7850000000000001,0.1649484536082474,0.4896907216494845,0.8688946015424165,0.5238095238095238,1
875,0.4,1,0,0.5360824742268041,0.3112244897959184,0.1111111111111111,0.5366666666666666,0.4948453608247422,0.1494845360824742,0.2956298200514138,0.3673469387755102,1
876,0.2,0,1,0.1546391752577319,0.1071428571428571,1.0,0.3,0.0068728522336769,0.0309278350515463,0.1311053984575835,0.1292517006802721,0
877,0.8,1,0,0.422680412371134,0.2857142857142857,1.0,0.0616666666666666,0.3814432989690721,0.3092783505154639,0.429305912596401,0.3537414965986394,0
878,0.2,1,0,0.5154639175257731,0.2780612244897959,0.2222222222222222,0.6633333333333333,0.4845360824742268,0.3917525773195876,0.4755784061696658,0.1836734693877551,1
879,0.8,0,0,0.4329896907216495,0.4260204081632653,0.8888888888888888,0.0033333333333334,0.0343642611683848,0.1082474226804123,0.352185089974293,0.3877551020408163,0
880,0.2,0,1,0.3814432989690722,0.1913265306122449,0.6666666666666665,0.0816666666666666,0.3848797250859106,0.0257731958762886,0.2956298200514138,0.2448979591836735,0
881,0.0,1,0,0.0927835051546391,0.0765306122448979,0.4444444444444445,0.3033333333333333,0.0962199312714776,0.0154639175257731,0.0668380462724935,0.108843537414966,0
882,0.4,1,0,0.2371134020618556,0.2015306122448979,0.4444444444444445,0.215,0.0515463917525773,0.211340206185567,0.1439588688946015,0.1496598639455782,0
883,0.8,1,0,0.0309278350515463,0.0255102040816326,0.3333333333333333,0.285,0.0171821305841924,0.0154639175257731,0.0308483290488431,0.0476190476190476,0
884,0.0,1,1,0.9072164948453608,0.818877551020408,0.4444444444444445,0.9916666666666668,0.5773195876288659,0.2989690721649484,0.5244215938303343,0.6462585034013606,1
885,0.2,0,1,0.5051546391752577,0.510204081632653,0.8888888888888888,0.7616666666666667,0.4054982817869416,0.1752577319587628,0.3367609254498714,0.217687074829932,1
886,0.4,1,0,0.5154639175257731,0.336734693877551,0.0,0.7950000000000002,0.2405498281786941,0.268041237113402,0.390745501285347,0.4149659863945578,1
887,1.0,0,1,0.4329896907216495,0.2193877551020407,0.1111111111111111,0.7683333333333333,0.2783505154639175,0.0515463917525773,0.3573264781491002,0.2040816326530612,1
888,0.2,1,0,0.1752577319587628,0.0994897959183673,0.5555555555555556,0.8683333333333334,0.1786941580756013,0.0773195876288659,0.1208226221079691,0.1836734693877551,1
889,0.8,0,1,0.9278350515463916,0.6683673469387754,0.2222222222222222,0.6033333333333335,0.0343642611683848,0.0206185567010309,0.6838046272493574,0.3605442176870748,1
890,0.4,0,1,0.4742268041237113,0.413265306122449,0.4444444444444445,0.0833333333333333,0.0687285223367697,0.3350515463917525,0.2853470437017995,0.1972789115646258,0
891,0.8,0,0,0.4845360824742268,0.2653061224489796,1.0,0.035,0.0412371134020618,0.0206185567010309,0.2776349614395886,0.4421768707482993,0
892,0.6000000000000001,1,1,0.4742268041237113,0.2499999999999999,0.1111111111111111,0.1133333333333334,0.3127147766323024,0.2628865979381443,0.416452442159383,0.2380952380952381,0
893,0.8,1,0,0.9381443298969072,0.6275510204081632,0.6666666666666665,0.2583333333333334,0.9484536082474226,0.2422680412371134,0.8946015424164525,0.9455782312925172,0
894,1.0,0,1,0.7525773195876289,0.6198979591836734,0.3333333333333333,0.74,0.0549828178694158,0.1855670103092783,0.4215938303341902,0.6326530612244898,1
895,0.2,1,0,0.5876288659793814,0.4209183673469387,0.1111111111111111,0.8433333333333335,0.3848797250859106,0.5,0.5784061696658098,0.4829931972789116,1
896,0.0,1,0,0.9484536082474226,0.7040816326530611,0.2222222222222222,0.26,0.7353951890034364,0.9536082474226804,0.9074550128534704,0.5306122448979592,0
897,1.0,1,0,0.5257731958762886,0.3341836734693877,0.3333333333333333,0.6983333333333335,0.0549828178694158,0.0103092783505154,0.2853470437017995,0.3605442176870748,1
898,0.8,1,0,0.3608247422680412,0.221938775510204,0.8888888888888888,0.6133333333333335,0.268041237113402,0.0824742268041237,0.3367609254498714,0.2108843537414966,1
899,0.0,1,1,0.2371134020618556,0.1403061224489795,0.8888888888888888,0.3233333333333333,0.1752577319587628,0.2268041237113402,0.2107969151670951,0.1564625850340136,0
900,0.8,0,0,0.268041237113402,0.2678571428571428,0.0,0.9016666666666668,0.0240549828178694,0.134020618556701,0.1748071979434447,0.2789115646258503,1
901,0.0,1,1,0.5360824742268041,0.5382653061224489,0.3333333333333333,0.7016666666666667,0.281786941580756,0.3298969072164948,0.4215938303341902,0.5034013605442177,1
902,1.0,1,0,0.2989690721649484,0.2321428571428571,0.4444444444444445,0.19,0.0068728522336769,0.2731958762886597,0.1979434447300771,0.1904761904761905,0
903,1.0,0,0,0.4742268041237113,0.3877551020408163,0.4444444444444445,0.8533333333333335,0.3264604810996563,0.0773195876288659,0.4498714652956298,0.2380952380952381,1
904,0.2,0,0,0.8865979381443299,0.4387755102040816,1.0,0.8866666666666667,0.0618556701030927,0.1855670103092783,0.609254498714653,0.5034013605442177,1
905,0.4,1,0,0.4020618556701031,0.3724489795918367,0.5555555555555556,0.4516666666666667,0.0,0.268041237113402,0.3264781491002571,0.2312925170068027,1
906,1.0,0,0,0.979381443298969,0.9362244897959184,0.6666666666666665,0.265,0.986254295532646,0.922680412371134,0.5784061696658098,0.380952380952381,0
907,0.4,1,1,0.6391752577319587,0.6071428571428571,0.2222222222222222,0.4866666666666667,0.0859106529209622,0.3247422680412371,0.5115681233933163,0.4081632653061224,1
908,1.0,1,0,0.3298969072164948,0.3265306122448979,1.0,0.3783333333333334,0.0309278350515463,0.2319587628865979,0.2133676092544987,0.272108843537415,0
909,0.8,0,0,0.3402061855670103,0.2525510204081633,0.5555555555555556,0.055,0.2611683848797251,0.3298969072164948,0.2005141388174807,0.2312925170068027,0
910,0.6000000000000001,0,0,0.3092783505154639,0.2474489795918367,0.8888888888888888,0.3866666666666667,0.1134020618556701,0.0051546391752577,0.2442159383033419,0.1428571428571428,0
911,0.4,1,1,0.4845360824742268,0.3265306122448979,0.8888888888888888,0.7566666666666668,0.281786941580756,0.1701030927835051,0.416452442159383,0.489795918367347,1
912,0.0,1,1,0.1134020618556701,0.1147959183673469,0.1111111111111111,0.8916666666666668,0.0171821305841924,0.0051546391752577,0.0771208226221079,0.054421768707483,0
913,0.8,1,0,0.2371134020618556,0.1301020408163265,0.4444444444444445,0.4866666666666667,0.1168384879725085,0.0773195876288659,0.2467866323907455,0.1972789115646258,1
914,0.0,1,0,0.7525773195876289,0.6887755102040816,1.0,0.4216666666666667,0.3986254295532646,0.1443298969072164,0.6658097686375322,0.4149659863945578,1
915,0.4,1,0,0.0515463917525773,0.0433673469387755,0.3333333333333333,0.8433333333333335,0.0652920962199312,0.056701030927835,0.0488431876606683,0.0272108843537415,1
916,0.8,1,1,0.8247422680412371,0.7193877551020408,0.0,0.13,0.2336769759450171,0.5773195876288659,0.6709511568123394,0.7823129251700681,1
917,0.2,0,0,0.6907216494845361,0.6607142857142856,0.1111111111111111,0.39,0.4982817869415807,0.61340206185567,0.3753213367609254,0.6394557823129252,1
918,0.2,0,1,0.134020618556701,0.1428571428571428,0.7777777777777777,0.1666666666666667,0.1443298969072164,0.1237113402061855,0.1156812339331619,0.1020408163265306,0
919,0.6000000000000001,1,0,0.6288659793814433,0.4591836734693877,0.8888888888888888,0.405,0.0618556701030927,0.4845360824742268,0.4473007712082262,0.2380952380952381,0
920,0.0,0,1,0.8865979381443299,0.645408163265306,0.4444444444444445,0.6916666666666667,0.8694158075601375,0.1288659793814432,0.8894601542416454,0.5850340136054423,1
921,0.8,1,1,0.8969072164948453,0.520408163265306,0.2222222222222222,0.6400000000000001,0.0378006872852233,0.4742268041237113,0.5167095115681235,0.4557823129251701,1
922,0.6000000000000001,0,1,0.1958762886597938,0.1479591836734693,0.3333333333333333,0.0766666666666666,0.1890034364261168,0.0309278350515463,0.1079691516709511,0.1972789115646258,0
923,0.2,1,1,0.9278350515463916,0.7372448979591836,0.2222222222222222,0.615,0.3402061855670103,0.6649484536082474,0.5938303341902315,0.7959183673469389,1
924,0.4,0,0,0.3505154639175258,0.1964285714285714,0.5555555555555556,0.4433333333333333,0.3608247422680412,0.1546391752577319,0.2210796915167095,0.1836734693877551,1
925,0.0,0,1,0.8659793814432989,0.5943877551020408,0.0,0.1016666666666666,0.8865979381443299,0.2731958762886597,0.6272493573264782,0.5102040816326531,0
926,1.0,1,0,0.288659793814433,0.1964285714285714,0.2222222222222222,0.055,0.1099656357388316,0.0206185567010309,0.2030848329048843,0.1496598639455782,0
927,0.6000000000000001,0,1,0.5154639175257731,0.4081632653061224,0.3333333333333333,0.0583333333333333,0.3264604810996563,0.3608247422680412,0.3419023136246786,0.4965986394557823,0
928,0.6000000000000001,1,1,0.7216494845360825,0.5127551020408163,0.4444444444444445,0.43,0.0,0.6804123711340206,0.6915167095115682,0.7210884353741497,1
929,0.2,0,1,0.3917525773195876,0.3903061224489796,0.5555555555555556,0.2266666666666666,0.3573883161512027,0.1443298969072164,0.3727506426735218,0.217687074829932,0
930,0.2,0,0,0.2268041237113401,0.1249999999999999,0.0,0.1183333333333334,0.2096219931271477,0.1597938144329896,0.2107969151670951,0.0952380952380952,0
931,0.4,0,1,0.5463917525773195,0.461734693877551,0.4444444444444445,0.3583333333333334,0.2336769759450171,0.2268041237113402,0.467866323907455,0.2789115646258503,0
932,0.0,0,1,0.9072164948453608,0.6122448979591836,0.4444444444444445,0.4983333333333334,0.4432989690721649,0.1752577319587628,0.6838046272493574,0.435374149659864,1
933,0.0,0,1,0.7938144329896907,0.6045918367346939,1.0,0.7133333333333334,0.6391752577319587,0.8041237113402062,0.5526992287917738,0.5034013605442177,1
934,0.4,0,1,0.6185567010309277,0.5433673469387754,1.0,0.6316666666666668,0.6391752577319587,0.1288659793814432,0.622107969151671,0.6190476190476191,1
935,0.6000000000000001,1,1,0.7938144329896907,0.7372448979591836,0.1111111111111111,0.165,0.7972508591065292,0.2835051546391752,0.7686375321336761,0.4693877551020408,1
936,0.6000000000000001,0,0,0.1030927835051546,0.1071428571428571,0.2222222222222222,0.865,0.0481099656357388,0.056701030927835,0.1053984575835475,0.0612244897959183,1
937,0.2,1,0,0.4639175257731959,0.2908163265306122,0.2222222222222222,0.0133333333333334,0.4054982817869416,0.056701030927835,0.3804627249357326,0.2517006802721088,0
938,1.0,1,1,0.5876288659793814,0.3903061224489796,0.0,0.7166666666666668,0.4329896907216495,0.2422680412371134,0.4010282776349614,0.4013605442176871,1
939,0.8,0,1,0.1237113402061855,0.1224489795918367,0.6666666666666665,0.02,0.1374570446735395,0.0515463917525773,0.0745501285347043,0.0952380952380952,0
940,0.6000000000000001,0,1,0.4639175257731959,0.3188775510204081,0.7777777777777777,0.7333333333333334,0.0756013745704467,0.4432989690721649,0.2930591259640103,0.4149659863945578,1
941,1.0,1,1,0.7628865979381443,0.5025510204081632,0.4444444444444445,0.3700000000000001,0.7388316151202748,0.0721649484536082,0.5167095115681235,0.2925170068027211,0
942,0.8,1,0,0.7216494845360825,0.423469387755102,0.1111111111111111,0.6700000000000002,0.5463917525773195,0.3659793814432989,0.557840616966581,0.653061224489796,1
943,0.8,0,1,0.1237113402061855,0.1020408163265306,0.7777777777777777,0.245,0.1237113402061855,0.0618556701030927,0.1285347043701799,0.0680272108843537,0
944,1.0,1,0,0.1237113402061855,0.0663265306122449,0.1111111111111111,0.8816666666666668,0.0274914089347079,0.0309278350515463,0.1311053984575835,0.108843537414966,1
945,0.4,1,0,0.7938144329896907,0.4642857142857143,0.8888888888888888,0.7116666666666667,0.6941580756013745,0.6391752577319587,0.4961439588688945,0.4829931972789116,1
946,1.0,0,1,0.7628865979381443,0.4693877551020408,0.6666666666666665,0.3483333333333334,0.2920962199312715,0.4381443298969072,0.5629820051413882,0.2517006802721088,0
947,0.6000000000000001,1,1,0.9690721649484536,0.8647959183673468,0.0,0.7416666666666667,0.0859106529209622,0.1030927835051546,0.840616966580977,0.4557823129251701,1
948,0.2,0,0,0.2164948453608247,0.1607142857142857,0.8888888888888888,0.3550000000000001,0.1580756013745704,0.0463917525773195,0.2236503856041131,0.108843537414966,0
949,0.4,0,0,0.8144329896907216,0.4642857142857143,0.2222222222222222,0.12,0.6563573883161512,0.5257731958762887,0.7892030848329049,0.5374149659863946,0
950,0.4,1,1,0.0103092783505154,0.010204081632653,0.1111111111111111,0.185,0.0206185567010309,0.0,0.0231362467866323,0.0068027210884353,0
951,0.8,1,0,0.4639175257731959,0.2678571428571428,1.0,0.325,0.3883161512027491,0.3505154639175257,0.429305912596401,0.3061224489795918,0
952,1.0,0,0,0.0927835051546391,0.0561224489795918,0.1111111111111111,0.8783333333333334,0.0824742268041237,0.0515463917525773,0.0976863753213367,0.0408163265306122,1
953,0.8,0,0,0.8659793814432989,0.6326530612244897,0.2222222222222222,0.8666666666666667,0.4948453608247422,0.2577319587628865,0.660668380462725,0.5646258503401361,1
954,1.0,1,1,0.8762886597938143,0.7091836734693877,0.4444444444444445,0.6000000000000001,0.8762886597938144,0.0412371134020618,0.6580976863753214,0.6870748299319729,1
955,0.0,0,0,0.2061855670103092,0.211734693877551,0.1111111111111111,0.4383333333333333,0.0309278350515463,0.0515463917525773,0.1053984575835475,0.1904761904761905,1
956,0.2,0,1,0.0309278350515463,0.0280612244897959,0.4444444444444445,0.9716666666666668,0.0309278350515463,0.0,0.0359897172236503,0.0204081632653061,1
957,0.0,0,1,0.9175257731958762,0.5535714285714285,0.5555555555555556,0.145,0.8694158075601375,0.8041237113402062,0.8071979434447302,0.4761904761904762,0
958,0.2,1,0,0.2061855670103092,0.2142857142857142,0.5555555555555556,0.5216666666666667,0.0171821305841924,0.0927835051546391,0.1388174807197943,0.163265306122449,1
959,0.0,0,1,0.2061855670103092,0.1964285714285714,0.6666666666666665,0.0583333333333333,0.0962199312714776,0.190721649484536,0.1696658097686375,0.1972789115646258,0
960,0.2,1,1,0.9690721649484536,0.8724489795918366,0.0,0.8250000000000002,0.3264604810996563,0.0463917525773195,0.8149100257069409,0.6326530612244898,1
961,0.2,1,1,0.6494845360824741,0.3469387755102041,0.3333333333333333,0.1149999999999999,0.3298969072164948,0.0154639175257731,0.4344473007712082,0.5646258503401361,0
962,0.8,1,1,0.2268041237113401,0.1811224489795918,0.8888888888888888,0.9800000000000002,0.0927835051546391,0.0824742268041237,0.1876606683804627,0.217687074829932,1
963,0.8,0,0,0.5463917525773195,0.3061224489795918,0.2222222222222222,0.7366666666666668,0.4432989690721649,0.1391752577319587,0.5012853470437019,0.2925170068027211,1
964,0.0,1,0,0.4948453608247422,0.3596938775510204,0.1111111111111111,0.9566666666666668,0.1030927835051546,0.479381443298969,0.3547557840616966,0.2653061224489796,1
965,0.2,1,0,0.2577319587628866,0.1989795918367346,0.7777777777777777,0.6516666666666668,0.0687285223367697,0.1855670103092783,0.2005141388174807,0.1428571428571428,1
966,0.6000000000000001,0,1,0.8556701030927835,0.7653061224489796,0.5555555555555556,0.77,0.436426116838488,0.190721649484536,0.506426735218509,0.2857142857142857,1
967,0.2,1,0,0.4329896907216495,0.2653061224489796,0.8888888888888888,0.04,0.0756013745704467,0.1701030927835051,0.3187660668380462,0.3673469387755102,0
968,0.8,0,0,0.0309278350515463,0.0382653061224489,1.0,0.7950000000000002,0.0309278350515463,0.0154639175257731,0.0257069408740359,0.0136054421768707,1
969,0.0,1,0,0.8350515463917525,0.5382653061224489,0.0,0.6033333333333335,0.2096219931271477,0.634020618556701,0.622107969151671,0.6938775510204083,1
970,0.4,0,1,0.5979381443298969,0.3239795918367347,0.5555555555555556,0.27,0.0721649484536082,0.1288659793814432,0.3676092544987147,0.380952380952381,0
971,0.6000000000000001,0,1,0.3917525773195876,0.2576530612244898,0.6666666666666665,0.5150000000000001,0.0721649484536082,0.3556701030927835,0.2930591259640103,0.3129251700680272,1
972,1.0,1,1,0.4329896907216495,0.2908163265306122,1.0,0.4833333333333334,0.0309278350515463,0.1391752577319587,0.390745501285347,0.1564625850340136,1
973,0.6000000000000001,1,1,0.4329896907216495,0.3954081632653061,0.8888888888888888,0.7983333333333333,0.2474226804123711,0.2783505154639175,0.3753213367609254,0.2448979591836735,1
974,0.4,1,1,0.1752577319587628,0.1198979591836734,0.6666666666666665,0.5683333333333334,0.0343642611683848,0.0463917525773195,0.1336760925449871,0.163265306122449,1
975,0.0,1,1,0.4948453608247422,0.461734693877551,0.5555555555555556,0.7533333333333334,0.5017182130584192,0.2061855670103092,0.2622107969151671,0.4421768707482993,1
976,0.0,1,0,0.8041237113402061,0.596938775510204,0.4444444444444445,0.0083333333333334,0.7628865979381443,0.5979381443298969,0.4344473007712082,0.8163265306122449,0
977,0.8,0,0,0.8247422680412371,0.520408163265306,0.4444444444444445,0.41,0.3711340206185567,0.3608247422680412,0.634961439588689,0.7210884353741497,0
978,0.4,1,0,0.7010309278350515,0.6096938775510203,0.3333333333333333,0.8883333333333334,0.4707903780068728,0.211340206185567,0.6632390745501286,0.6190476190476191,1
979,0.4,0,0,0.2268041237113401,0.2168367346938775,0.8888888888888888,0.2016666666666666,0.1099656357388316,0.0773195876288659,0.1645244215938303,0.0952380952380952,0
980,1.0,1,0,0.6597938144329897,0.4719387755102041,0.1111111111111111,0.5650000000000002,0.1099656357388316,0.056701030927835,0.6375321336760926,0.2925170068027211,1
981,0.6000000000000001,1,0,0.3092783505154639,0.1683673469387755,1.0,0.7250000000000001,0.0515463917525773,0.190721649484536,0.2287917737789203,0.2108843537414966,1
982,0.0,0,1,0.2474226804123711,0.1301020408163265,0.0,0.1283333333333334,0.0034364261168384,0.2525773195876288,0.1491002570694087,0.1836734693877551,0
983,0.6000000000000001,0,0,0.6907216494845361,0.3903061224489796,1.0,0.0166666666666667,0.1546391752577319,0.1855670103092783,0.5167095115681235,0.326530612244898,0
984,0.8,1,0,0.4742268041237113,0.3494897959183674,0.0,0.6583333333333334,0.3883161512027491,0.0876288659793814,0.3881748071979434,0.3129251700680272,1
985,0.2,0,1,0.0103092783505154,0.0229591836734693,0.1111111111111111,0.0916666666666666,0.0240549828178694,0.0154639175257731,0.0128534704370179,0.0136054421768707,1
986,0.2,0,1,0.422680412371134,0.3520408163265306,0.5555555555555556,0.3750000000000001,0.0721649484536082,0.056701030927835,0.3547557840616966,0.3741496598639456,0
987,1.0,0,0,0.0515463917525773,0.0535714285714285,1.0,0.05,0.0446735395189003,0.0360824742268041,0.0565552699228791,0.0340136054421768,0
988,1.0,1,0,0.9484536082474226,0.6505102040816326,0.6666666666666665,0.5416666666666667,0.9690721649484536,0.7938144329896907,0.7840616966580978,0.7551020408163266,1
989,0.6000000000000001,0,1,0.0618556701030927,0.0663265306122449,0.4444444444444445,0.5733333333333335,0.0206185567010309,0.0257731958762886,0.0668380462724935,0.0272108843537415,1
990,1.0,0,0,0.4329896907216495,0.3724489795918367,0.1111111111111111,0.9416666666666668,0.281786941580756,0.3195876288659793,0.3753213367609254,0.2380952380952381,1
991,0.2,1,1,0.4639175257731959,0.3698979591836734,0.2222222222222222,0.6016666666666668,0.2920962199312715,0.3092783505154639,0.3419023136246786,0.435374149659864,1
992,0.4,0,0,0.2164948453608247,0.1198979591836734,0.3333333333333333,0.9733333333333334,0.0481099656357388,0.0876288659793814,0.1491002570694087,0.1020408163265306,1
993,1.0,1,1,0.8556701030927835,0.673469387755102,0.4444444444444445,0.8383333333333334,0.0171821305841924,0.8556701030927835,0.6195372750642674,0.653061224489796,1
994,0.4,1,0,0.7628865979381443,0.7142857142857142,0.5555555555555556,0.8333333333333335,0.6769759450171822,0.7628865979381443,0.3933161953727506,0.5306122448979592,1
995,0.4,1,0,0.3092783505154639,0.3137755102040816,0.8888888888888888,0.8266666666666667,0.2130584192439862,0.1804123711340206,0.2390745501285347,0.1360544217687075,1
996,0.8,0,0,0.2268041237113401,0.1198979591836734,0.1111111111111111,0.6933333333333334,0.0515463917525773,0.1443298969072164,0.1696658097686375,0.0952380952380952,1
997,0.0,1,1,0.0309278350515463,0.0204081632653061,0.8888888888888888,0.2983333333333333,0.0515463917525773,0.0257731958762886,0.0385604113110539,0.0408163265306122,0
998,0.6000000000000001,0,1,0.8556701030927835,0.7142857142857142,0.0,0.8500000000000001,0.865979381443299,0.2216494845360824,0.467866323907455,0.7278911564625851,1
999,0.0,1,1,0.8969072164948453,0.5255102040816326,0.8888888888888888,0.4466666666666667,0.6460481099656358,0.0360824742268041,0.8329048843187662,0.3605442176870748,1
1000,0.0,1,0,0.268041237113402,0.135204081632653,0.3333333333333333,0.9033333333333332,0.0,0.0670103092783505,0.1491002570694087,0.1292517006802721,1
1001,0.6000000000000001,0,1,0.2783505154639175,0.1709183673469387,0.1111111111111111,0.8433333333333335,0.1958762886597938,0.2886597938144329,0.1439588688946015,0.2040816326530612,1
1002,0.2,1,1,0.4845360824742268,0.4438775510204081,0.3333333333333333,0.7033333333333334,0.3161512027491409,0.3762886597938144,0.4138817480719794,0.2040816326530612,1
1003,1.0,0,0,0.9690721649484536,0.520408163265306,0.6666666666666665,0.2366666666666667,0.8865979381443299,0.5051546391752577,0.8097686375321338,0.5578231292517007,0
1004,0.6000000000000001,1,1,0.3195876288659794,0.2423469387755102,0.2222222222222222,0.1,0.1546391752577319,0.0309278350515463,0.2750642673521851,0.2993197278911564,0
1005,0.6000000000000001,0,0,0.268041237113402,0.1428571428571428,0.1111111111111111,0.2683333333333334,0.0549828178694158,0.0206185567010309,0.2210796915167095,0.1904761904761905,0
1006,0.4,1,0,0.7835051546391752,0.5586734693877551,0.4444444444444445,0.7250000000000001,0.3333333333333333,0.2371134020618556,0.5835475578406171,0.4693877551020408,1
1007,0.8,1,1,0.2371134020618556,0.2066326530612244,0.5555555555555556,0.7683333333333333,0.2164948453608247,0.0670103092783505,0.2082262210796915,0.108843537414966,1
1008,0.0,1,0,0.4329896907216495,0.2627551020408163,1.0,0.5883333333333334,0.2336769759450171,0.2371134020618556,0.4241645244215938,0.3673469387755102,1
1009,0.0,0,0,0.7938144329896907,0.7780612244897959,0.1111111111111111,0.7100000000000002,0.1718213058419244,0.7525773195876289,0.6041131105398458,0.3741496598639456,1
1010,0.2,1,0,0.8969072164948453,0.568877551020408,0.8888888888888888,0.5283333333333333,0.2886597938144329,0.7989690721649484,0.7095115681233933,0.7959183673469389,1
1011,0.0,1,0,0.556701030927835,0.3341836734693877,0.0,0.2666666666666667,0.1168384879725085,0.211340206185567,0.3727506426735218,0.2789115646258503,0
1012,0.2,0,0,0.1237113402061855,0.0765306122448979,0.3333333333333333,0.01,0.1099656357388316,0.0412371134020618,0.0616966580976863,0.054421768707483,0
1013,1.0,1,1,0.0309278350515463,0.0280612244897959,0.1111111111111111,0.285,0.0171821305841924,0.0051546391752577,0.0257069408740359,0.0204081632653061,0
1014,0.2,1,1,0.5051546391752577,0.3826530612244898,0.1111111111111111,0.5466666666666666,0.2371134020618556,0.1701030927835051,0.4447300771208226,0.1836734693877551,1
1015,0.6000000000000001,1,0,0.9896907216494844,0.645408163265306,0.4444444444444445,0.1733333333333333,0.8384879725085911,0.345360824742268,0.9434447300771208,0.7823129251700681,0
1016,0.4,1,1,0.8659793814432989,0.5433673469387754,0.7777777777777777,0.8400000000000001,0.5292096219931272,0.0154639175257731,0.6812339331619538,0.4829931972789116,1
1017,0.6000000000000001,0,0,0.1443298969072164,0.0918367346938775,1.0,0.8400000000000001,0.0309278350515463,0.1288659793814432,0.0745501285347043,0.054421768707483,1
1018,0.2,0,1,0.2371134020618556,0.1632653061224489,0.0,0.3366666666666666,0.1168384879725085,0.134020618556701,0.2339331619537275,0.0952380952380952,0
1019,0.0,1,0,0.958762886597938,0.568877551020408,0.2222222222222222,0.935,0.8487972508591065,0.6804123711340206,0.737789203084833,0.380952380952381,1
1020,0.4,0,1,0.288659793814433,0.1913265306122449,0.6666666666666665,0.425,0.2268041237113402,0.1391752577319587,0.2390745501285347,0.1156462585034013,1
1021,0.0,0,0,0.5051546391752577,0.3392857142857143,0.8888888888888888,0.085,0.0584192439862542,0.190721649484536,0.3624678663239074,0.5170068027210885,0
1022,0.4,0,1,0.7628865979381443,0.5943877551020408,0.2222222222222222,0.0966666666666666,0.6941580756013745,0.1494845360824742,0.5604113110539847,0.7414965986394558,0
1023,1.0,1,0,0.8865979381443299,0.4719387755102041,0.6666666666666665,0.8933333333333333,0.5945017182130584,0.520618556701031,0.8329048843187662,0.3673469387755102,1
1024,0.8,0,1,0.0927835051546391,0.0663265306122449,0.1111111111111111,0.4233333333333333,0.0962199312714776,0.0515463917525773,0.0976863753213367,0.108843537414966,1
1025,0.6000000000000001,1,0,0.8762886597938143,0.770408163265306,0.0,0.2383333333333334,0.4054982817869416,0.0927835051546391,0.6246786632390746,0.5510204081632654,1
1026,1.0,0,0,0.6082474226804123,0.5943877551020408,0.1111111111111111,0.7083333333333335,0.5979381443298969,0.2628865979381443,0.3933161953727506,0.326530612244898,1
1027,0.4,0,1,0.1752577319587628,0.1709183673469387,0.6666666666666665,0.8633333333333335,0.1649484536082474,0.1804123711340206,0.1079691516709511,0.1428571428571428,1
1028,0.2,0,0,1.0,0.9795918367346936,0.2222222222222222,0.6166666666666667,0.6666666666666666,0.6494845360824743,0.9125964010282775,0.4421768707482993,1
1029,0.0,1,0,0.5773195876288659,0.5306122448979591,0.2222222222222222,0.19,0.2714776632302405,0.1237113402061855,0.403598971722365,0.380952380952381,0
1030,0.4,0,1,0.958762886597938,0.9362244897959184,0.3333333333333333,0.9783333333333336,0.7491408934707904,0.9432989690721648,0.4858611825192802,0.7959183673469389,1
1031,0.6000000000000001,1,1,0.7938144329896907,0.6709183673469387,0.5555555555555556,0.1816666666666667,0.5876288659793815,0.0721649484536082,0.5706940874035991,0.5918367346938775,0
1032,0.2,0,1,0.1134020618556701,0.1071428571428571,0.6666666666666665,0.6316666666666668,0.0927835051546391,0.1082474226804123,0.0874035989717223,0.108843537414966,1
1033,0.8,1,1,0.0515463917525773,0.058673469387755,0.8888888888888888,0.2966666666666667,0.0206185567010309,0.0309278350515463,0.0462724935732647,0.0204081632653061,0
1034,0.6000000000000001,1,0,0.0412371134020618,0.0229591836734693,0.0,0.7533333333333334,0.0378006872852233,0.0257731958762886,0.0514138817480719,0.0476190476190476,1
1035,0.0,1,0,0.9484536082474226,0.8341836734693877,0.1111111111111111,0.5266666666666668,0.5292096219931272,0.2577319587628865,0.6375321336760926,0.5306122448979592,1
1036,0.4,0,1,0.3711340206185567,0.3112244897959184,0.6666666666666665,0.9033333333333332,0.127147766323024,0.345360824742268,0.3676092544987147,0.3605442176870748,1
1037,0.6000000000000001,1,1,0.7835051546391752,0.6632653061224489,1.0,0.9000000000000001,0.0412371134020618,0.5824742268041236,0.6118251928020566,0.3605442176870748,1
1038,0.6000000000000001,1,1,0.7835051546391752,0.6989795918367346,0.2222222222222222,0.2166666666666666,0.0687285223367697,0.4123711340206185,0.6632390745501286,0.3605442176870748,0
1039,0.8,0,0,0.2577319587628866,0.1709183673469387,0.1111111111111111,0.085,0.0378006872852233,0.1185567010309278,0.2056555269922879,0.1836734693877551,0
1040,1.0,0,0,0.0412371134020618,0.0510204081632653,0.1111111111111111,0.0783333333333333,0.0,0.0,0.0411311053984575,0.0136054421768707,0
1041,0.6000000000000001,0,1,0.8041237113402061,0.7270408163265305,0.4444444444444445,0.4600000000000001,0.6460481099656358,0.3865979381443299,0.4113110539845758,0.8095238095238095,1
1042,0.0,0,1,0.3917525773195876,0.2729591836734694,0.3333333333333333,0.8316666666666668,0.1512027491408934,0.3144329896907216,0.3701799485861182,0.2857142857142857,1
1043,0.2,0,1,0.3195876288659794,0.2678571428571428,0.0,0.4166666666666667,0.2061855670103092,0.1958762886597938,0.2750642673521851,0.3197278911564626,1
1044,0.4,1,0,0.5773195876288659,0.3316326530612244,0.1111111111111111,0.9633333333333334,0.2886597938144329,0.2783505154639175,0.4704370179948586,0.3061224489795918,1
1045,0.6000000000000001,1,1,0.2268041237113401,0.1147959183673469,0.5555555555555556,0.9916666666666668,0.2336769759450171,0.0154639175257731,0.1799485861182519,0.2244897959183673,1
1046,0.8,0,0,0.7628865979381443,0.7499999999999999,0.2222222222222222,0.5050000000000001,0.1099656357388316,0.1494845360824742,0.7069408740359898,0.7482993197278912,1
1047,0.4,0,1,0.2371134020618556,0.1683673469387755,0.5555555555555556,0.0416666666666667,0.1993127147766323,0.0824742268041237,0.1568123393316195,0.2448979591836735,0
1048,0.4,1,0,0.3195876288659794,0.2933673469387755,0.1111111111111111,0.155,0.1958762886597938,0.190721649484536,0.1670951156812339,0.1768707482993197,1
1049,0.6000000000000001,1,0,0.9896907216494844,0.7653061224489796,0.0,0.52,0.3676975945017182,0.2371134020618556,0.8174807197943446,0.380952380952381,1
1050,0.0,1,1,0.0824742268041237,0.0892857142857142,0.3333333333333333,0.4216666666666667,0.0859106529209622,0.0515463917525773,0.0462724935732647,0.0884353741496598,1
1051,0.0,0,1,0.2371134020618556,0.2168367346938775,0.6666666666666665,0.1483333333333334,0.2508591065292096,0.0721649484536082,0.2107969151670951,0.2448979591836735,0
1052,0.0,1,0,0.1752577319587628,0.1658163265306122,0.1111111111111111,0.8033333333333335,0.0034364261168384,0.1752577319587628,0.1182519280205655,0.163265306122449,1
1053,0.6000000000000001,1,0,0.2989690721649484,0.2091836734693877,0.5555555555555556,0.3216666666666667,0.2989690721649484,0.2628865979381443,0.300771208226221,0.1360544217687075,0
1054,1.0,1,1,0.5979381443298969,0.2959183673469387,0.0,0.5483333333333333,0.0859106529209622,0.0,0.4858611825192802,0.2857142857142857,1
1055,1.0,0,0,0.6494845360824741,0.5433673469387754,0.4444444444444445,0.1983333333333333,0.0549828178694158,0.5618556701030928,0.5655526992287918,0.4489795918367347,0
1056,0.4,0,1,0.5876288659793814,0.3954081632653061,0.0,0.2400000000000001,0.4914089347079037,0.2216494845360824,0.5141388174807199,0.3741496598639456,0
1057,1.0,0,1,0.6494845360824741,0.3954081632653061,0.7777777777777777,0.0016666666666667,0.3161512027491409,0.5103092783505154,0.4395886889460154,0.4829931972789116,0
1058,0.0,1,1,0.3711340206185567,0.2780612244897959,1.0,0.2983333333333333,0.0378006872852233,0.3298969072164948,0.300771208226221,0.3673469387755102,0
1059,0.6000000000000001,0,1,0.288659793814433,0.2831632653061224,0.4444444444444445,0.2066666666666666,0.0618556701030927,0.2164948453608247,0.2724935732647814,0.1020408163265306,0
1060,0.0,1,0,0.422680412371134,0.423469387755102,0.8888888888888888,0.2816666666666667,0.0068728522336769,0.2989690721649484,0.300771208226221,0.4217687074829932,0
1061,0.8,0,1,0.3402061855670103,0.2040816326530612,0.0,0.995,0.2714776632302405,0.2835051546391752,0.3161953727506427,0.1224489795918367,1
1062,0.6000000000000001,0,0,0.0103092783505154,0.0051020408163265,0.0,0.295,0.0240549828178694,0.0103092783505154,0.0128534704370179,0.0272108843537415,0
1063,0.6000000000000001,0,1,0.0412371134020618,0.0280612244897959,0.7777777777777777,0.3483333333333334,0.0206185567010309,0.0154639175257731,0.0539845758354755,0.0612244897959183,0
1064,0.0,1,1,0.0618556701030927,0.0357142857142857,0.1111111111111111,0.7533333333333334,0.0790378006872852,0.056701030927835,0.0745501285347043,0.0272108843537415,1
1065,0.0,0,1,0.556701030927835,0.4795918367346938,0.6666666666666665,0.9583333333333336,0.5738831615120275,0.2422680412371134,0.3804627249357326,0.5238095238095238,1
1066,0.4,0,1,0.1649484536082474,0.0841836734693877,0.1111111111111111,0.0716666666666666,0.1168384879725085,0.056701030927835,0.1516709511568123,0.1020408163265306,0
1067,0.0,1,0,0.6804123711340205,0.5229591836734693,1.0,0.865,0.5670103092783505,0.61340206185567,0.6786632390745502,0.54421768707483,1
1068,0.4,1,1,0.4123711340206186,0.4209183673469387,0.0,0.2216666666666666,0.1134020618556701,0.0,0.3547557840616966,0.2517006802721088,1
1069,0.2,0,1,0.0,0.0025510204081632,0.2222222222222222,0.78,0.0103092783505154,0.0051546391752577,0.0077120822622107,0.0,1
1070,0.4,1,1,0.8556701030927835,0.8035714285714285,0.2222222222222222,0.6900000000000002,0.584192439862543,0.0463917525773195,0.6760925449871465,0.380952380952381,1
1071,0.4,0,1,0.268041237113402,0.2499999999999999,0.7777777777777777,0.385,0.0996563573883161,0.1494845360824742,0.1773778920308483,0.2789115646258503,0
1072,0.0,1,1,0.3505154639175258,0.211734693877551,0.2222222222222222,0.3816666666666667,0.120274914089347,0.1701030927835051,0.2827763496143959,0.3537414965986394,0
1073,0.2,0,0,0.6185567010309277,0.4897959183673469,1.0,0.2466666666666667,0.1134020618556701,0.3659793814432989,0.5681233933161954,0.54421768707483,0
1074,0.2,1,0,0.2577319587628866,0.2474489795918367,0.0,0.4733333333333334,0.2233676975945017,0.1391752577319587,0.1902313624678663,0.2312925170068027,1
1075,0.2,1,0,0.6804123711340205,0.5765306122448979,0.1111111111111111,0.3350000000000001,0.134020618556701,0.4845360824742268,0.4370179948586118,0.2993197278911564,1
1076,0.4,0,0,0.6288659793814433,0.6173469387755102,0.8888888888888888,0.9133333333333332,0.3505154639175257,0.1804123711340206,0.4601542416452442,0.5578231292517007,1
1077,0.8,0,0,0.8865979381443299,0.4795918367346938,0.2222222222222222,0.4766666666666667,0.6048109965635738,0.4536082474226804,0.5218508997429306,0.8435374149659864,1
1078,0.2,1,0,0.5876288659793814,0.3239795918367347,0.0,0.1433333333333334,0.5601374570446735,0.2577319587628865,0.300771208226221,0.2585034013605442,0
1079,1.0,0,1,0.9896907216494844,0.9591836734693876,0.8888888888888888,0.0016666666666667,0.2302405498281786,0.2525773195876288,0.8740359897172237,0.4217687074829932,0
1080,0.4,1,0,0.3195876288659794,0.2040816326530612,0.2222222222222222,0.5883333333333334,0.1615120274914089,0.1597938144329896,0.2056555269922879,0.3129251700680272,1
1081,0.8,1,1,0.0103092783505154,0.0051020408163265,0.6666666666666665,0.2466666666666667,0.0240549828178694,0.0051546391752577,0.0128534704370179,0.0068027210884353,0
1082,0.2,0,1,0.4742268041237113,0.288265306122449,0.7777777777777777,0.6600000000000001,0.0481099656357388,0.4845360824742268,0.2956298200514138,0.4421768707482993,1
1083,0.2,1,0,0.7525773195876289,0.7142857142857142,0.7777777777777777,0.6783333333333335,0.3333333333333333,0.056701030927835,0.4113110539845758,0.4557823129251701,1
1084,0.4,0,0,0.8659793814432989,0.5459183673469387,0.1111111111111111,0.215,0.1890034364261168,0.5567010309278351,0.7866323907455014,0.4081632653061224,0
1085,0.8,0,0,0.8969072164948453,0.5306122448979591,0.2222222222222222,0.5516666666666667,0.1443298969072164,0.0103092783505154,0.6555269922879178,0.4217687074829932,1
1086,1.0,0,1,0.9690721649484536,0.7474489795918366,0.1111111111111111,0.2433333333333334,0.7869415807560137,0.1804123711340206,0.9331619537275064,0.8979591836734695,1
1087,0.0,1,1,0.7731958762886597,0.4540816326530612,0.8888888888888888,0.675,0.2096219931271477,0.2628865979381443,0.6041131105398458,0.4285714285714286,1
1088,0.6000000000000001,0,1,0.7010309278350515,0.3801020408163265,0.0,0.6816666666666666,0.3539518900343642,0.6443298969072164,0.5244215938303343,0.272108843537415,1
1089,0.8,0,1,0.7835051546391752,0.4897959183673469,0.6666666666666665,0.7316666666666667,0.0652920962199312,0.4639175257731958,0.5167095115681235,0.2993197278911564,1
1090,0.6000000000000001,1,0,0.5051546391752577,0.2729591836734694,0.2222222222222222,0.06,0.0,0.2989690721649484,0.2904884318766066,0.5102040816326531,0
1091,0.8,1,0,0.9484536082474226,0.8239795918367346,0.1111111111111111,0.9966666666666668,0.6254295532646048,0.2061855670103092,0.557840616966581,0.6938775510204083,1
1092,0.8,0,1,0.0412371134020618,0.0459183673469387,0.2222222222222222,0.43,0.0446735395189003,0.0515463917525773,0.0488431876606683,0.0204081632653061,1
1093,0.6000000000000001,1,0,0.5051546391752577,0.3316326530612244,0.1111111111111111,0.4816666666666667,0.3848797250859106,0.1391752577319587,0.5115681233933163,0.4149659863945578,1
1094,0.4,1,1,0.3711340206185567,0.3596938775510204,0.0,0.0016666666666667,0.0790378006872852,0.0721649484536082,0.1876606683804627,0.163265306122449,0
1095,0.4,0,1,0.5257731958762886,0.5331632653061223,0.6666666666666665,0.3600000000000001,0.0756013745704467,0.2577319587628865,0.5295629820051414,0.5238095238095238,0
1096,1.0,0,0,0.0927835051546391,0.0841836734693877,0.5555555555555556,0.025,0.0446735395189003,0.0360824742268041,0.0719794344473007,0.0952380952380952,0
1097,0.6000000000000001,0,0,0.6391752577319587,0.3596938775510204,0.4444444444444445,0.41,0.3642611683848797,0.5154639175257731,0.5372750642673523,0.3469387755102041,0
1098,0.0,0,1,0.5051546391752577,0.3622448979591837,0.6666666666666665,0.4316666666666667,0.3780068728522336,0.056701030927835,0.3084832904884318,0.4081632653061224,1
1099,0.6000000000000001,1,1,0.5257731958762886,0.423469387755102,0.0,0.0833333333333333,0.5429553264604811,0.1597938144329896,0.3598971722365038,0.4625850340136054,1
1100,0.2,1,0,0.6701030927835051,0.4693877551020408,0.3333333333333333,0.4716666666666667,0.3195876288659793,0.211340206185567,0.4318766066838046,0.4693877551020408,1
1101,0.4,0,0,0.3917525773195876,0.2321428571428571,0.3333333333333333,0.9566666666666668,0.1512027491408934,0.190721649484536,0.2544987146529563,0.326530612244898,1
1102,0.4,0,1,0.3814432989690722,0.288265306122449,0.3333333333333333,0.8466666666666667,0.1993127147766323,0.1597938144329896,0.3239074550128534,0.3401360544217687,1
1103,0.2,1,1,0.1443298969072164,0.1173469387755102,0.7777777777777777,0.3116666666666667,0.1477663230240549,0.056701030927835,0.0925449871465295,0.1360544217687075,0
1104,0.6000000000000001,1,0,0.2577319587628866,0.1913265306122449,0.6666666666666665,0.9500000000000002,0.1855670103092783,0.2731958762886597,0.1388174807197943,0.1428571428571428,1
1105,0.6000000000000001,1,0,0.1237113402061855,0.0892857142857142,0.3333333333333333,0.9000000000000001,0.0584192439862542,0.0103092783505154,0.1285347043701799,0.1020408163265306,1
1106,0.8,0,1,0.8041237113402061,0.4821428571428571,0.8888888888888888,0.6366666666666667,0.0859106529209622,0.4587628865979381,0.480719794344473,0.3605442176870748,1
1107,0.6000000000000001,1,1,0.8247422680412371,0.7295918367346939,0.4444444444444445,0.6133333333333335,0.8178694158075601,0.2319587628865979,0.7300771208226222,0.7414965986394558,1
1108,1.0,1,1,0.4742268041237113,0.2551020408163265,0.3333333333333333,0.8016666666666667,0.1649484536082474,0.3505154639175257,0.2776349614395886,0.2925170068027211,1
1109,0.8,1,0,0.8144329896907216,0.4770408163265306,0.2222222222222222,0.125,0.140893470790378,0.7474226804123711,0.4832904884318766,0.8095238095238095,0
1110,0.8,0,0,0.5876288659793814,0.3724489795918367,0.6666666666666665,0.9283333333333336,0.0893470790378006,0.4896907216494845,0.403598971722365,0.2380952380952381,1
1111,1.0,1,1,0.8144329896907216,0.8112244897959183,0.2222222222222222,0.8716666666666668,0.6254295532646048,0.0927835051546391,0.6118251928020566,0.4421768707482993,1
1112,0.0,1,0,0.1237113402061855,0.1198979591836734,0.3333333333333333,0.6433333333333333,0.0618556701030927,0.0979381443298969,0.0745501285347043,0.1020408163265306,1
1113,0.2,1,0,0.1443298969072164,0.1530612244897959,0.0,0.7016666666666667,0.1030927835051546,0.0309278350515463,0.1259640102827763,0.0612244897959183,1
1114,0.8,1,0,0.4536082474226804,0.2321428571428571,0.8888888888888888,0.4083333333333334,0.0274914089347079,0.1237113402061855,0.2879177377892031,0.4285714285714286,0
1115,0.2,0,0,0.2783505154639175,0.2193877551020407,0.2222222222222222,0.3716666666666667,0.0309278350515463,0.2886597938144329,0.2416452442159383,0.1224489795918367,0
1116,0.4,1,1,0.8659793814432989,0.6275510204081632,1.0,0.5116666666666667,0.4673539518900343,0.3917525773195876,0.8097686375321338,0.3673469387755102,1
1117,0.8,0,0,0.3711340206185567,0.3724489795918367,1.0,0.2133333333333333,0.2233676975945017,0.1804123711340206,0.3059125964010282,0.1700680272108843,0
1118,0.0,0,0,0.8247422680412371,0.510204081632653,0.1111111111111111,0.6100000000000001,0.4501718213058419,0.5257731958762887,0.6580976863753214,0.5306122448979592,1
1119,0.6000000000000001,1,0,0.3092783505154639,0.2499999999999999,1.0,0.6733333333333333,0.1168384879725085,0.2474226804123711,0.2236503856041131,0.2653061224489796,1
1120,0.0,0,1,0.8144329896907216,0.5994897959183673,0.4444444444444445,0.8233333333333335,0.1855670103092783,0.7989690721649484,0.5244215938303343,0.5986394557823129,1
1121,0.2,1,1,0.9896907216494844,0.586734693877551,0.5555555555555556,0.2166666666666666,0.1099656357388316,0.6494845360824743,0.776349614395887,0.9455782312925172,0
1122,0.0,0,0,0.0,0.0051020408163265,1.0,0.5250000000000001,0.0171821305841924,0.0103092783505154,0.0077120822622107,0.0136054421768707,1
1123,0.0,0,0,0.6597938144329897,0.3520408163265306,1.0,0.1,0.2336769759450171,0.2628865979381443,0.6452442159383034,0.5306122448979592,0
1124,0.0,0,0,0.9175257731958762,0.4591836734693877,0.6666666666666665,0.2633333333333334,0.2096219931271477,0.4742268041237113,0.8688946015424165,0.6802721088435375,0
1125,0.4,0,0,0.5463917525773195,0.5127551020408163,0.5555555555555556,0.9783333333333336,0.3024054982817869,0.4845360824742268,0.3084832904884318,0.2244897959183673,1
1126,0.8,0,0,0.7216494845360825,0.6913265306122448,0.3333333333333333,0.7250000000000001,0.4845360824742268,0.7319587628865979,0.4910025706940874,0.6462585034013606,1
1127,0.2,0,0,0.2268041237113401,0.135204081632653,0.7777777777777777,0.1316666666666667,0.127147766323024,0.0309278350515463,0.1773778920308483,0.2312925170068027,0
1128,0.8,1,0,0.9690721649484536,0.6428571428571428,1.0,0.4066666666666667,0.1374570446735395,0.5876288659793815,0.6041131105398458,0.7551020408163266,0
1129,0.2,1,1,0.5773195876288659,0.4183673469387755,0.5555555555555556,0.7016666666666667,0.0378006872852233,0.5,0.4344473007712082,0.5102040816326531,1
1130,0.8,0,0,0.2164948453608247,0.1454081632653061,0.3333333333333333,0.6266666666666667,0.2061855670103092,0.0206185567010309,0.1156812339331619,0.1496598639455782,1
1131,0.2,0,0,0.0103092783505154,0.0229591836734693,0.1111111111111111,0.07,0.0274914089347079,0.0051546391752577,0.0205655526992287,0.0136054421768707,1
1132,0.0,0,0,1.0,0.6811224489795917,0.7777777777777777,0.4433333333333333,0.120274914089347,0.8917525773195876,0.9408740359897172,0.7823129251700681,1
1133,0.4,0,0,0.3402061855670103,0.3494897959183674,0.0,0.0916666666666666,0.2989690721649484,0.0824742268041237,0.2956298200514138,0.1972789115646258,1
1134,0.4,1,0,0.4742268041237113,0.4642857142857143,1.0,0.5083333333333333,0.1958762886597938,0.2835051546391752,0.3701799485861182,0.3945578231292517,1
1135,0.4,0,0,0.1443298969072164,0.1249999999999999,0.7777777777777777,0.3750000000000001,0.0103092783505154,0.1494845360824742,0.1362467866323907,0.108843537414966,0
1136,1.0,1,1,0.0618556701030927,0.0561224489795918,0.5555555555555556,0.1716666666666667,0.0171821305841924,0.0,0.0745501285347043,0.054421768707483,0
1137,0.2,1,1,0.9072164948453608,0.846938775510204,0.8888888888888888,0.7116666666666667,0.6460481099656358,0.5412371134020618,0.7146529562982006,0.3605442176870748,1
1138,0.2,1,0,0.8350515463917525,0.7295918367346939,0.5555555555555556,0.3816666666666667,0.6288659793814433,0.2010309278350515,0.8277634961439589,0.3945578231292517,0
1139,0.8,1,0,0.268041237113402,0.1479591836734693,0.8888888888888888,0.1916666666666667,0.0756013745704467,0.2164948453608247,0.2082262210796915,0.1360544217687075,0
1140,0.2,1,1,0.6391752577319587,0.4336734693877551,0.4444444444444445,0.965,0.3436426116838488,0.056701030927835,0.3881748071979434,0.5578231292517007,1
1141,0.4,0,1,0.5979381443298969,0.3137755102040816,0.7777777777777777,0.5816666666666668,0.1649484536082474,0.2731958762886597,0.6066838046272495,0.3469387755102041,1
1142,0.0,1,0,0.2783505154639175,0.2423469387755102,0.7777777777777777,0.1583333333333333,0.1855670103092783,0.2216494845360824,0.2133676092544987,0.163265306122449,0
1143,0.0,1,0,0.6494845360824741,0.6071428571428571,1.0,0.3133333333333333,0.1134020618556701,0.3092783505154639,0.5809768637532134,0.6598639455782314,0
1144,0.2,1,1,0.0,0.0025510204081632,0.3333333333333333,0.4483333333333333,0.0068728522336769,0.0103092783505154,0.0102827763496143,0.0204081632653061,1
1145,0.2,0,0,0.845360824742268,0.6198979591836734,0.6666666666666665,0.8616666666666668,0.0618556701030927,0.6752577319587628,0.7969151670951158,0.5578231292517007,1
1146,0.2,1,1,0.6082474226804123,0.4464285714285714,1.0,0.6766666666666667,0.549828178694158,0.5618556701030928,0.4267352185089974,0.2925170068027211,1
1147,0.4,1,1,0.8041237113402061,0.7882653061224489,0.3333333333333333,0.4216666666666667,0.2336769759450171,0.1804123711340206,0.532133676092545,0.7006802721088435,1
1148,1.0,0,1,0.0721649484536082,0.0382653061224489,0.6666666666666665,0.2733333333333334,0.0790378006872852,0.0154639175257731,0.0385604113110539,0.0476190476190476,0
1149,0.4,1,0,0.7319587628865979,0.5025510204081632,0.2222222222222222,0.7150000000000001,0.4501718213058419,0.5515463917525774,0.4524421593830334,0.6190476190476191,1
1150,0.8,0,1,0.3608247422680412,0.1811224489795918,0.5555555555555556,0.1050000000000001,0.1649484536082474,0.3505154639175257,0.2622107969151671,0.2993197278911564,0
1151,0.4,1,0,0.5154639175257731,0.4311224489795918,0.5555555555555556,0.4416666666666667,0.120274914089347,0.0670103092783505,0.506426735218509,0.4285714285714286,1
1152,0.2,1,0,0.7216494845360825,0.5280612244897959,0.6666666666666665,0.2016666666666666,0.120274914089347,0.5979381443298969,0.5526992287917738,0.3129251700680272,0
1153,0.0,0,1,0.9484536082474226,0.8647959183673468,0.4444444444444445,0.3533333333333334,0.4501718213058419,0.8041237113402062,0.8303341902313626,0.4285714285714286,0
1154,0.6000000000000001,0,1,0.3298969072164948,0.3086734693877551,0.0,0.7166666666666668,0.0859106529209622,0.2010309278350515,0.3059125964010282,0.3129251700680272,1
1155,0.0,1,0,0.0412371134020618,0.0510204081632653,0.3333333333333333,0.5450000000000002,0.0618556701030927,0.0257731958762886,0.0488431876606683,0.0204081632653061,1
1156,0.0,0,1,0.3195876288659794,0.2474489795918367,0.7777777777777777,0.2233333333333333,0.1030927835051546,0.211340206185567,0.3239074550128534,0.2789115646258503,0
1157,0.4,1,1,0.5876288659793814,0.3571428571428571,0.0,0.1833333333333333,0.40893470790378,0.2268041237113402,0.4267352185089974,0.2789115646258503,0
1158,0.6000000000000001,0,0,0.1134020618556701,0.0841836734693877,0.7777777777777777,0.54,0.0824742268041237,0.1185567010309278,0.0771208226221079,0.1292517006802721,1
1159,0.8,1,1,0.5670103092783505,0.423469387755102,0.1111111111111111,0.5933333333333335,0.4467353951890034,0.3814432989690721,0.557840616966581,0.5714285714285715,1
1160,0.4,0,0,0.7731958762886597,0.6887755102040816,0.7777777777777777,0.7633333333333334,0.2508591065292096,0.2371134020618556,0.6298200514138819,0.6190476190476191,1
1161,0.8,0,1,0.7010309278350515,0.5918367346938774,0.8888888888888888,0.06,0.5154639175257731,0.4896907216494845,0.4987146529562982,0.5306122448979592,0
1162,1.0,1,0,0.8144329896907216,0.5510204081632653,0.8888888888888888,0.13,0.1786941580756013,0.1752577319587628,0.4087403598971722,0.653061224489796,0
1163,0.2,1,1,0.1752577319587628,0.0994897959183673,0.1111111111111111,0.5333333333333334,0.1615120274914089,0.1443298969072164,0.1850899742930591,0.0612244897959183,1
1164,0.4,1,0,0.4432989690721649,0.2244897959183673,0.8888888888888888,0.4883333333333334,0.0,0.0309278350515463,0.3110539845758355,0.1700680272108843,1
1165,0.0,0,1,0.9690721649484536,0.8596938775510203,0.5555555555555556,0.6833333333333333,0.8178694158075601,0.5309278350515464,0.9717223650385604,0.5306122448979592,1
1166,0.2,0,1,0.5360824742268041,0.520408163265306,0.3333333333333333,0.7550000000000001,0.0652920962199312,0.0412371134020618,0.480719794344473,0.2448979591836735,1
1167,0.2,0,1,0.7835051546391752,0.6862244897959183,0.7777777777777777,0.2566666666666667,0.5532646048109966,0.1752577319587628,0.4318766066838046,0.7755102040816327,0
1168,0.2,1,1,0.8247422680412371,0.4795918367346938,0.3333333333333333,0.5316666666666667,0.5910652920962199,0.6288659793814433,0.8020565552699229,0.4489795918367347,1
1169,0.4,1,0,0.8969072164948453,0.7193877551020408,0.2222222222222222,0.1116666666666666,0.7628865979381443,0.8556701030927835,0.544987146529563,0.6326530612244898,0
1170,0.2,1,0,0.1237113402061855,0.0714285714285714,1.0,0.14,0.0068728522336769,0.0618556701030927,0.1002570694087403,0.1224489795918367,0
1171,0.4,1,0,0.1546391752577319,0.1428571428571428,0.7777777777777777,0.5166666666666668,0.1065292096219931,0.0154639175257731,0.0874035989717223,0.0884353741496598,1
1172,0.0,1,0,0.5257731958762886,0.4897959183673469,0.5555555555555556,0.8366666666666667,0.3367697594501718,0.1701030927835051,0.3830334190231362,0.217687074829932,1
1173,0.6000000000000001,1,0,0.6494845360824741,0.635204081632653,0.4444444444444445,0.9300000000000002,0.5292096219931272,0.5618556701030928,0.352185089974293,0.5510204081632654,1
1174,0.4,1,0,0.5876288659793814,0.3494897959183674,0.3333333333333333,0.4983333333333334,0.1615120274914089,0.4896907216494845,0.4498714652956298,0.4557823129251701,1
1175,0.8,1,1,0.9896907216494844,0.6811224489795917,0.0,0.1583333333333333,0.6426116838487972,0.1546391752577319,0.5835475578406171,0.6598639455782314,0
1176,0.6000000000000001,1,1,0.7731958762886597,0.4056122448979591,0.2222222222222222,0.1333333333333334,0.3951890034364261,0.7783505154639175,0.5706940874035991,0.435374149659864,0
1177,0.2,1,0,0.7938144329896907,0.6836734693877551,0.4444444444444445,0.8383333333333334,0.6872852233676976,0.5051546391752577,0.5629820051413882,0.4489795918367347,1
1178,0.8,1,0,0.3402061855670103,0.2193877551020407,1.0,0.8483333333333334,0.2439862542955326,0.0773195876288659,0.3444730077120823,0.217687074829932,1
1179,0.8,0,0,0.2268041237113401,0.1607142857142857,0.0,0.7033333333333334,0.2096219931271477,0.1701030927835051,0.1362467866323907,0.2040816326530612,1
1180,1.0,1,0,1.0,0.903061224489796,0.4444444444444445,0.1533333333333333,0.2714776632302405,0.2216494845360824,1.0,0.8843537414965987,0
1181,0.0,1,0,0.3814432989690722,0.3622448979591837,0.3333333333333333,0.4083333333333334,0.2027491408934708,0.1546391752577319,0.2570694087403599,0.2312925170068027,0
1182,0.4,0,1,0.7319587628865979,0.7193877551020408,0.4444444444444445,0.8316666666666668,0.7388316151202748,0.1597938144329896,0.3984575835475578,0.2925170068027211,1
1183,0.0,1,1,0.6391752577319587,0.5510204081632653,0.5555555555555556,0.7116666666666667,0.5292096219931272,0.520618556701031,0.609254498714653,0.3605442176870748,1
1184,0.8,1,0,0.7113402061855669,0.4974489795918367,0.8888888888888888,0.3833333333333334,0.2439862542955326,0.1752577319587628,0.5295629820051414,0.4829931972789116,0
1185,0.4,0,0,0.8865979381443299,0.4770408163265306,0.6666666666666665,0.5616666666666668,0.4707903780068728,0.7164948453608248,0.6889460154241646,0.4149659863945578,1
1186,1.0,1,0,0.7422680412371133,0.5280612244897959,0.1111111111111111,0.435,0.7319587628865979,0.1958762886597938,0.6709511568123394,0.2653061224489796,1
1187,0.4,0,0,0.4329896907216495,0.298469387755102,1.0,0.2016666666666666,0.3195876288659793,0.1391752577319587,0.3958868894601542,0.2312925170068027,0
1188,0.6000000000000001,1,1,0.8659793814432989,0.7653061224489796,0.6666666666666665,0.265,0.4123711340206185,0.211340206185567,0.6041131105398458,0.6190476190476191,0
1189,0.6000000000000001,0,0,0.6907216494845361,0.6556122448979591,0.6666666666666665,0.8800000000000001,0.5085910652920962,0.2164948453608247,0.467866323907455,0.2448979591836735,1
1190,0.8,1,0,0.9690721649484536,0.693877551020408,1.0,0.6316666666666668,0.8041237113402062,0.3865979381443299,0.9640102827763496,0.4285714285714286,1
1191,0.4,1,1,0.8144329896907216,0.6479591836734693,0.3333333333333333,0.2583333333333334,0.7663230240549828,0.5927835051546392,0.5012853470437019,0.6462585034013606,0
1192,0.0,0,0,0.2474226804123711,0.2321428571428571,0.8888888888888888,0.965,0.0962199312714776,0.0721649484536082,0.1233933161953727,0.1564625850340136,1
1193,0.6000000000000001,1,1,0.9381443298969072,0.6581632653061223,0.6666666666666665,0.56,0.1615120274914089,0.8298969072164948,0.8791773778920309,0.7891156462585035,1
1194,0.4,0,1,0.1958762886597938,0.135204081632653,0.7777777777777777,0.21,0.0137457044673539,0.0154639175257731,0.1748071979434447,0.0816326530612245,0
1195,0.8,0,1,0.9072164948453608,0.5408163265306122,0.6666666666666665,0.3466666666666667,0.570446735395189,0.8917525773195876,0.6169665809768639,0.8911564625850341,0
1196,0.6000000000000001,0,1,0.7010309278350515,0.4821428571428571,0.1111111111111111,0.78,0.2955326460481099,0.7061855670103092,0.4858611825192802,0.5238095238095238,1
1197,0.6000000000000001,0,0,0.2061855670103092,0.1556122448979591,1.0,0.6116666666666668,0.2164948453608247,0.2010309278350515,0.2056555269922879,0.1972789115646258,1
1198,1.0,1,1,0.7525773195876289,0.711734693877551,0.0,0.2333333333333334,0.281786941580756,0.2989690721649484,0.6195372750642674,0.4081632653061224,1
1199,0.2,1,1,0.8350515463917525,0.4209183673469387,0.0,0.1099999999999999,0.7560137457044673,0.3402061855670103,0.6940874035989718,0.3061224489795918,0
1200,0.4,0,0,0.0103092783505154,0.0076530612244897,0.0,0.1383333333333334,0.0206185567010309,0.0154639175257731,0.0205655526992287,0.0272108843537415,0
1201,0.0,0,1,0.0103092783505154,0.0127551020408163,0.1111111111111111,0.5050000000000001,0.0274914089347079,0.0103092783505154,0.0077120822622107,0.0136054421768707,1
1202,0.6000000000000001,1,0,0.3814432989690722,0.3724489795918367,0.1111111111111111,0.7133333333333334,0.1615120274914089,0.2061855670103092,0.3753213367609254,0.3741496598639456,1
1203,0.0,0,0,0.6597938144329897,0.510204081632653,0.2222222222222222,0.415,0.3711340206185567,0.0463917525773195,0.5861182519280206,0.6666666666666667,0
1204,0.0,1,0,0.4020618556701031,0.2653061224489796,0.3333333333333333,0.925,0.3951890034364261,0.0360824742268041,0.2802056555269923,0.2108843537414966,1
1205,1.0,1,1,0.1649484536082474,0.1275510204081632,0.5555555555555556,0.2683333333333334,0.0962199312714776,0.1030927835051546,0.1131105398457583,0.1360544217687075,0
1206,0.6000000000000001,0,1,0.7010309278350515,0.4030612244897959,0.7777777777777777,0.1316666666666667,0.0687285223367697,0.268041237113402,0.5835475578406171,0.6802721088435375,0
1207,0.4,0,1,0.5051546391752577,0.3418367346938775,0.2222222222222222,0.4316666666666667,0.268041237113402,0.5051546391752577,0.3187660668380462,0.3469387755102041,1
1208,0.2,0,1,0.0103092783505154,0.0076530612244897,0.3333333333333333,0.8600000000000001,0.0206185567010309,0.0154639175257731,0.0205655526992287,0.0136054421768707,1
1209,0.8,0,1,0.422680412371134,0.2831632653061224,0.0,0.4333333333333333,0.3436426116838488,0.2010309278350515,0.2210796915167095,0.2244897959183673,1
1210,0.0,1,1,0.3092783505154639,0.298469387755102,0.6666666666666665,0.5750000000000002,0.1786941580756013,0.0721649484536082,0.3033419023136247,0.2312925170068027,1
1211,0.8,0,1,0.4123711340206186,0.2857142857142857,0.2222222222222222,0.4183333333333334,0.3642611683848797,0.3917525773195876,0.2827763496143959,0.3401360544217687,1
1212,0.0,0,1,0.9690721649484536,0.5765306122448979,0.3333333333333333,0.3583333333333334,0.1477663230240549,0.7577319587628866,0.8483290488431877,0.5306122448979592,0
1213,0.8,1,0,0.1134020618556701,0.0841836734693877,0.4444444444444445,0.595,0.1099656357388316,0.0979381443298969,0.0668380462724935,0.0748299319727891,1
1214,0.6000000000000001,0,0,0.2268041237113401,0.2295918367346938,0.0,0.6366666666666667,0.1065292096219931,0.2268041237113402,0.1259640102827763,0.1020408163265306,1
1215,0.0,1,0,0.0412371134020618,0.0331632653061224,0.4444444444444445,0.4800000000000001,0.0549828178694158,0.0051546391752577,0.0205655526992287,0.0204081632653061,1
1216,1.0,1,1,0.9690721649484536,0.961734693877551,0.4444444444444445,0.0983333333333333,0.0721649484536082,0.7010309278350515,0.974293059125964,0.6394557823129252,0
1217,0.0,1,0,0.0206185567010309,0.0229591836734693,0.1111111111111111,0.7766666666666668,0.0309278350515463,0.0154639175257731,0.0231362467866323,0.0204081632653061,1
1218,0.8,1,0,0.5876288659793814,0.4999999999999999,0.6666666666666665,0.2816666666666667,0.4879725085910653,0.3505154639175257,0.5604113110539847,0.217687074829932,0
1219,0.0,1,1,0.0515463917525773,0.0280612244897959,0.4444444444444445,0.53,0.0446735395189003,0.0103092783505154,0.0359897172236503,0.0340136054421768,1
1220,0.0,0,1,0.8659793814432989,0.4438775510204081,1.0,0.685,0.7560137457044673,0.0,0.7840616966580978,0.5034013605442177,1
1221,0.0,1,1,0.9072164948453608,0.8596938775510203,0.1111111111111111,0.415,0.0687285223367697,0.4587628865979381,0.506426735218509,0.8435374149659864,1
1222,0.6000000000000001,1,1,0.5051546391752577,0.5127551020408163,0.2222222222222222,0.7566666666666668,0.0584192439862542,0.134020618556701,0.2956298200514138,0.5170068027210885,1
1223,0.8,0,1,0.0309278350515463,0.0306122448979591,0.2222222222222222,0.2683333333333334,0.0446735395189003,0.0257731958762886,0.0359897172236503,0.0136054421768707,0
1224,0.4,1,0,0.1443298969072164,0.0892857142857142,0.4444444444444445,0.895,0.1305841924398625,0.056701030927835,0.1336760925449871,0.108843537414966,1
1225,0.0,1,1,0.9896907216494844,0.6020408163265305,0.6666666666666665,0.265,0.0343642611683848,0.6907216494845361,0.5347043701799487,0.489795918367347,0
1226,0.8,1,0,0.7835051546391752,0.7499999999999999,1.0,0.5233333333333334,0.7560137457044673,0.0360824742268041,0.6812339331619538,0.4285714285714286,1
1227,0.8,0,0,0.6494845360824741,0.6045918367346939,0.7777777777777777,0.1216666666666667,0.1924398625429553,0.2628865979381443,0.3933161953727506,0.4557823129251701,0
1228,1.0,1,1,0.7525773195876289,0.6683673469387754,0.5555555555555556,0.3533333333333334,0.5670103092783505,0.1494845360824742,0.6015424164524422,0.4081632653061224,0
1229,0.8,1,1,0.8969072164948453,0.5892857142857142,0.8888888888888888,0.8016666666666667,0.5670103092783505,0.1597938144329896,0.6323907455012854,0.3945578231292517,1
1230,0.8,1,1,0.1649484536082474,0.1403061224489795,0.6666666666666665,0.0083333333333334,0.0206185567010309,0.1701030927835051,0.0848329048843187,0.1360544217687075,0
1231,0.2,0,1,0.7628865979381443,0.7015306122448979,0.2222222222222222,0.245,0.0446735395189003,0.0360824742268041,0.5089974293059126,0.7414965986394558,0
1232,0.8,1,1,0.1030927835051546,0.1096938775510204,0.2222222222222222,0.7616666666666667,0.0652920962199312,0.0103092783505154,0.1156812339331619,0.1020408163265306,1
1233,1.0,1,1,0.2577319587628866,0.2576530612244898,0.0,0.7050000000000001,0.0962199312714776,0.0360824742268041,0.2570694087403599,0.0952380952380952,1
1234,0.2,0,1,0.4536082474226804,0.2704081632653061,0.5555555555555556,0.2716666666666667,0.0412371134020618,0.0618556701030927,0.2724935732647814,0.4489795918367347,0
1235,0.4,0,0,0.6907216494845361,0.4693877551020408,0.4444444444444445,0.665,0.4398625429553264,0.2938144329896907,0.5372750642673523,0.3537414965986394,1
1236,0.8,1,1,0.845360824742268,0.635204081632653,0.0,0.0133333333333334,0.2783505154639175,0.479381443298969,0.7043701799485862,0.7142857142857143,1
1237,0.0,1,0,0.0103092783505154,0.0051020408163265,0.8888888888888888,0.6700000000000002,0.0103092783505154,0.0206185567010309,0.0231362467866323,0.0068027210884353,1
1238,0.4,0,1,0.958762886597938,0.9489795918367346,0.1111111111111111,0.26,0.3505154639175257,0.865979381443299,0.8688946015424165,0.8775510204081634,1
1239,0.6000000000000001,1,1,0.1752577319587628,0.1428571428571428,0.3333333333333333,0.585,0.0240549828178694,0.1082474226804123,0.1516709511568123,0.1020408163265306,1
1240,0.6000000000000001,0,0,0.4123711340206186,0.3622448979591837,1.0,0.9000000000000001,0.1546391752577319,0.3041237113402061,0.2210796915167095,0.3129251700680272,1
1241,0.8,1,1,0.2061855670103092,0.1938775510204081,0.8888888888888888,0.9133333333333332,0.1752577319587628,0.0876288659793814,0.2107969151670951,0.108843537414966,1
1242,1.0,1,1,0.7113402061855669,0.4948979591836734,0.1111111111111111,0.7116666666666667,0.2646048109965636,0.6649484536082474,0.5989717223650386,0.3945578231292517,1
1243,0.8,1,0,0.3402061855670103,0.288265306122449,0.4444444444444445,0.0583333333333333,0.2164948453608247,0.268041237113402,0.2570694087403599,0.1564625850340136,0
1244,1.0,0,0,0.0206185567010309,0.0127551020408163,0.8888888888888888,0.0066666666666667,0.0309278350515463,0.0257731958762886,0.0282776349614395,0.0272108843537415,0
1245,0.4,1,1,0.8865979381443299,0.8698979591836734,0.0,0.6866666666666668,0.3608247422680412,0.6443298969072164,0.7455012853470437,0.4013605442176871,1
1246,0.0,0,0,0.1649484536082474,0.1607142857142857,0.4444444444444445,0.7283333333333335,0.1718213058419244,0.1030927835051546,0.1465295629820051,0.1020408163265306,1
1247,0.2,1,1,0.7628865979381443,0.7397959183673468,0.6666666666666665,0.6500000000000001,0.4776632302405498,0.2061855670103092,0.763496143958869,0.6190476190476191,1
1248,0.2,1,1,0.0824742268041237,0.0739795918367346,0.1111111111111111,0.9800000000000002,0.0687285223367697,0.0773195876288659,0.0488431876606683,0.0884353741496598,1
1249,0.4,0,1,0.8247422680412371,0.6862244897959183,0.4444444444444445,0.8983333333333334,0.3161512027491409,0.3298969072164948,0.647814910025707,0.4081632653061224,1
1250,1.0,0,1,0.3505154639175258,0.3086734693877551,0.3333333333333333,0.055,0.3024054982817869,0.0515463917525773,0.2673521850899742,0.272108843537415,0
1251,1.0,1,0,0.9484536082474226,0.596938775510204,0.8888888888888888,0.9366666666666668,0.7388316151202748,0.1804123711340206,0.5681233933161954,0.380952380952381,1
1252,1.0,0,0,0.2474226804123711,0.2244897959183673,0.1111111111111111,0.015,0.2199312714776632,0.0721649484536082,0.1439588688946015,0.2312925170068027,1
1253,1.0,0,0,0.958762886597938,0.7755102040816326,0.4444444444444445,0.8716666666666668,0.5601374570446735,0.190721649484536,0.7712082262210798,0.8911564625850341,1
1254,0.0,1,1,0.3402061855670103,0.2908163265306122,0.6666666666666665,0.5816666666666668,0.0927835051546391,0.0360824742268041,0.2853470437017995,0.326530612244898,1
1255,1.0,0,1,0.9896907216494844,0.903061224489796,0.4444444444444445,0.7100000000000002,0.3230240549828179,0.9742268041237112,0.7943444730077122,0.8163265306122449,1
1256,0.8,1,0,0.0618556701030927,0.0714285714285714,0.8888888888888888,0.6866666666666668,0.0137457044673539,0.0360824742268041,0.0411311053984575,0.0748299319727891,1
1257,0.0,0,0,0.979381443298969,0.943877551020408,1.0,0.6683333333333334,0.415807560137457,0.8350515463917526,0.6118251928020566,0.7142857142857143,1
1258,0.6000000000000001,1,0,0.6185567010309277,0.5357142857142857,0.5555555555555556,0.5916666666666668,0.2233676975945017,0.5979381443298969,0.4858611825192802,0.3401360544217687,1
1259,0.2,0,1,0.4329896907216495,0.4158163265306122,0.8888888888888888,0.1416666666666667,0.0274914089347079,0.2731958762886597,0.3367609254498714,0.3469387755102041,0
1260,0.4,1,0,0.1649484536082474,0.0892857142857142,0.1111111111111111,0.7950000000000002,0.1752577319587628,0.1391752577319587,0.1105398457583547,0.0952380952380952,1
1261,0.6000000000000001,1,0,0.1546391752577319,0.1275510204081632,0.6666666666666665,0.6600000000000001,0.0103092783505154,0.0360824742268041,0.1079691516709511,0.054421768707483,1
1262,0.6000000000000001,1,0,0.3814432989690722,0.3520408163265306,0.7777777777777777,0.3266666666666667,0.0859106529209622,0.1134020618556701,0.3444730077120823,0.1972789115646258,0
1263,0.4,1,1,0.2061855670103092,0.1938775510204081,0.2222222222222222,0.5983333333333334,0.1168384879725085,0.0927835051546391,0.2133676092544987,0.163265306122449,1
1264,0.6000000000000001,0,1,0.6288659793814433,0.4438775510204081,0.0,0.4033333333333334,0.5773195876288659,0.0463917525773195,0.4138817480719794,0.3605442176870748,0
1265,0.4,0,0,0.2061855670103092,0.2142857142857142,0.8888888888888888,0.7150000000000001,0.134020618556701,0.1701030927835051,0.1876606683804627,0.0884353741496598,1
1266,0.2,1,0,0.8144329896907216,0.7168367346938774,0.2222222222222222,0.74,0.697594501718213,0.5412371134020618,0.5526992287917738,0.5238095238095238,1
1267,0.8,0,0,0.6804123711340205,0.4260204081632653,0.0,0.7483333333333335,0.6185567010309279,0.1958762886597938,0.6889460154241646,0.6394557823129252,1
1268,0.0,1,0,0.4639175257731959,0.3698979591836734,1.0,0.7583333333333333,0.422680412371134,0.2577319587628865,0.3881748071979434,0.2517006802721088,1
1269,0.6000000000000001,1,1,0.2061855670103092,0.1275510204081632,0.0,0.3433333333333334,0.0549828178694158,0.0876288659793814,0.1413881748071979,0.1904761904761905,0
1270,0.6000000000000001,1,1,0.3402061855670103,0.3239795918367347,0.2222222222222222,0.1516666666666667,0.2096219931271477,0.1804123711340206,0.3341902313624678,0.2925170068027211,0
1271,0.2,0,1,0.3402061855670103,0.288265306122449,0.4444444444444445,0.9966666666666668,0.1065292096219931,0.1391752577319587,0.2236503856041131,0.3061224489795918,1
1272,1.0,0,0,0.0309278350515463,0.0306122448979591,0.5555555555555556,0.3783333333333334,0.0034364261168384,0.0309278350515463,0.0205655526992287,0.0136054421768707,0
1273,1.0,0,0,1.0,0.9056122448979592,1.0,0.2833333333333334,0.3264604810996563,0.9484536082474226,0.9974293059125964,1.0,0
1274,0.2,1,0,0.845360824742268,0.6301020408163265,0.5555555555555556,0.6566666666666667,0.1821305841924398,0.768041237113402,0.5835475578406171,0.5238095238095238,1
1275,0.2,1,0,0.4948453608247422,0.4719387755102041,0.6666666666666665,0.0416666666666667,0.4501718213058419,0.2938144329896907,0.3213367609254499,0.2925170068027211,0
1276,0.8,0,1,0.5463917525773195,0.3341836734693877,0.4444444444444445,0.9666666666666668,0.0103092783505154,0.0412371134020618,0.5038560411311055,0.1904761904761905,1
1277,1.0,1,1,0.288659793814433,0.2959183673469387,0.6666666666666665,0.265,0.2061855670103092,0.2474226804123711,0.2930591259640103,0.2857142857142857,0
1278,0.6000000000000001,0,1,0.9484536082474226,0.5382653061224489,0.4444444444444445,0.0383333333333333,0.1752577319587628,0.7989690721649484,0.7532133676092546,0.7687074829931974,0
1279,0.8,1,0,0.7628865979381443,0.7321428571428571,0.3333333333333333,0.7316666666666667,0.7594501718213058,0.4175257731958763,0.5604113110539847,0.5986394557823129,1
1280,0.0,0,1,0.5463917525773195,0.4081632653061224,0.4444444444444445,0.7066666666666668,0.40893470790378,0.0773195876288659,0.2982005141388175,0.4217687074829932,1
1281,0.2,1,0,0.2989690721649484,0.1811224489795918,0.8888888888888888,0.3116666666666667,0.2886597938144329,0.0618556701030927,0.2287917737789203,0.3061224489795918,0
1282,0.6000000000000001,1,0,0.7731958762886597,0.6989795918367346,0.1111111111111111,0.2316666666666667,0.4776632302405498,0.3865979381443299,0.6889460154241646,0.4217687074829932,1
1283,0.4,1,0,0.9896907216494844,0.6403061224489796,0.0,0.5916666666666668,0.6838487972508591,0.2371134020618556,0.5398457583547558,0.5374149659863946,1
1284,0.6000000000000001,0,0,0.3092783505154639,0.2270408163265306,0.6666666666666665,0.2383333333333334,0.1134020618556701,0.056701030927835,0.1773778920308483,0.3061224489795918,0
1285,0.4,1,0,0.0515463917525773,0.058673469387755,1.0,0.315,0.0034364261168384,0.0103092783505154,0.0539845758354755,0.0612244897959183,0
1286,0.8,0,1,0.2989690721649484,0.211734693877551,0.6666666666666665,0.2116666666666666,0.1065292096219931,0.1958762886597938,0.2467866323907455,0.2517006802721088,0
1287,0.0,1,1,0.4432989690721649,0.2602040816326531,1.0,0.195,0.3367697594501718,0.1030927835051546,0.2390745501285347,0.3945578231292517,0
1288,1.0,0,1,0.8969072164948453,0.6249999999999999,0.8888888888888888,0.9033333333333332,0.5567010309278351,0.2577319587628865,0.506426735218509,0.5510204081632654,1
1289,0.6000000000000001,0,0,0.5876288659793814,0.5841836734693877,0.0,0.0116666666666667,0.5326460481099656,0.5154639175257731,0.5347043701799487,0.4285714285714286,1
1290,0.4,0,0,0.134020618556701,0.1071428571428571,0.8888888888888888,0.2133333333333333,0.1546391752577319,0.0618556701030927,0.1362467866323907,0.0748299319727891,0
1291,0.8,0,1,0.6288659793814433,0.3801020408163265,0.7777777777777777,0.1916666666666667,0.5326460481099656,0.0927835051546391,0.5244215938303343,0.5374149659863946,0
1292,0.6000000000000001,0,1,0.6494845360824741,0.4566326530612244,1.0,0.175,0.3573883161512027,0.1443298969072164,0.5398457583547558,0.4557823129251701,0
1293,0.8,1,0,0.8041237113402061,0.7959183673469387,0.8888888888888888,0.6383333333333334,0.3539518900343642,0.4072164948453608,0.7660668380462725,0.653061224489796,1
1294,0.2,1,1,0.3195876288659794,0.2627551020408163,0.6666666666666665,0.7366666666666668,0.0103092783505154,0.0309278350515463,0.2082262210796915,0.3061224489795918,1
1295,0.8,0,0,0.3814432989690722,0.2474489795918367,0.4444444444444445,0.3833333333333334,0.3745704467353952,0.0103092783505154,0.3084832904884318,0.1292517006802721,0
1296,0.6000000000000001,1,0,0.1443298969072164,0.0816326530612245,0.4444444444444445,0.9066666666666668,0.1546391752577319,0.1134020618556701,0.1259640102827763,0.108843537414966,1
1297,0.4,0,1,0.3814432989690722,0.3469387755102041,0.8888888888888888,0.6916666666666667,0.1718213058419244,0.2886597938144329,0.2467866323907455,0.1428571428571428,1
1298,0.6000000000000001,1,1,0.8041237113402061,0.6632653061224489,0.5555555555555556,0.2933333333333333,0.7457044673539519,0.3402061855670103,0.4138817480719794,0.6122448979591837,0
1299,0.4,1,0,0.2061855670103092,0.1147959183673469,0.2222222222222222,0.7016666666666667,0.0618556701030927,0.0051546391752577,0.1696658097686375,0.1496598639455782,1
1300,0.8,0,0,0.7628865979381443,0.7653061224489796,0.5555555555555556,0.065,0.7010309278350515,0.4123711340206185,0.5629820051413882,0.3945578231292517,0
1301,1.0,0,1,0.2577319587628866,0.1658163265306122,0.2222222222222222,0.2683333333333334,0.1546391752577319,0.1030927835051546,0.2030848329048843,0.1156462585034013,0
1302,0.4,1,1,0.6288659793814433,0.5841836734693877,0.5555555555555556,0.4266666666666667,0.2405498281786941,0.4278350515463917,0.6143958868894602,0.3605442176870748,1
1303,0.6000000000000001,0,0,0.7731958762886597,0.4693877551020408,0.3333333333333333,0.305,0.5189003436426116,0.2886597938144329,0.6246786632390746,0.6938775510204083,0
1304,0.4,1,0,0.4432989690721649,0.4311224489795918,0.8888888888888888,0.1766666666666667,0.140893470790378,0.3247422680412371,0.3470437017994858,0.2244897959183673,0
1305,0.4,1,1,0.9484536082474226,0.6249999999999999,0.6666666666666665,0.3550000000000001,0.831615120274914,0.9381443298969072,0.948586118251928,0.5102040816326531,0
1306,0.0,0,0,0.4536082474226804,0.3137755102040816,0.7777777777777777,0.4566666666666668,0.1168384879725085,0.3195876288659793,0.3804627249357326,0.2448979591836735,1
1307,0.0,1,1,0.5154639175257731,0.3928571428571428,0.2222222222222222,0.6533333333333333,0.1305841924398625,0.3608247422680412,0.3213367609254499,0.3741496598639456,1
1308,1.0,1,1,0.8041237113402061,0.7525510204081632,0.8888888888888888,0.945,0.6082474226804123,0.7268041237113402,0.5784061696658098,0.6258503401360545,1
1309,0.2,0,1,1.0,0.9744897959183672,0.0,0.9583333333333336,0.6735395189003436,0.1494845360824742,0.5115681233933163,0.4421768707482993,1
1310,0.8,1,1,0.8556701030927835,0.4668367346938775,0.4444444444444445,0.4950000000000001,0.570446735395189,0.1649484536082474,0.532133676092545,0.7891156462585035,1
1311,0.4,1,1,0.4845360824742268,0.298469387755102,1.0,0.3550000000000001,0.4879725085910653,0.4175257731958763,0.4627249357326478,0.326530612244898,0
1312,0.6000000000000001,1,1,0.7010309278350515,0.6096938775510203,0.0,0.09,0.6254295532646048,0.3608247422680412,0.4010282776349614,0.5374149659863946,1
1313,0.4,0,0,0.9690721649484536,0.6530612244897959,0.8888888888888888,0.5783333333333334,0.4054982817869416,0.5103092783505154,0.9074550128534704,0.7823129251700681,1
1314,0.2,1,0,0.979381443298969,0.596938775510204,0.2222222222222222,0.9583333333333336,0.3951890034364261,0.7422680412371134,0.9717223650385604,0.7074829931972789,1
1315,0.2,1,0,0.6185567010309277,0.3571428571428571,1.0,0.865,0.2577319587628865,0.6030927835051546,0.4215938303341902,0.2925170068027211,1
1316,0.8,0,1,0.4020618556701031,0.2372448979591836,0.4444444444444445,0.3683333333333334,0.40893470790378,0.3659793814432989,0.3547557840616966,0.3333333333333333,0
1317,0.0,1,1,0.6082474226804123,0.4999999999999999,1.0,0.7683333333333333,0.1546391752577319,0.190721649484536,0.3187660668380462,0.4829931972789116,1
1318,0.0,1,0,0.0515463917525773,0.0408163265306122,0.8888888888888888,0.4533333333333333,0.0481099656357388,0.0515463917525773,0.0437017994858611,0.0204081632653061,1
1319,0.6000000000000001,1,0,0.6391752577319587,0.6071428571428571,0.5555555555555556,0.4516666666666667,0.6529209621993127,0.5927835051546392,0.3316195372750642,0.5102040816326531,1
1320,0.8,1,1,0.3711340206185567,0.1913265306122449,1.0,0.985,0.1580756013745704,0.3608247422680412,0.3598971722365038,0.2244897959183673,1
1321,0.2,0,0,0.4845360824742268,0.3698979591836734,0.5555555555555556,0.9916666666666668,0.2955326460481099,0.422680412371134,0.4627249357326478,0.3537414965986394,1
1322,0.4,1,0,0.1958762886597938,0.1607142857142857,1.0,0.4666666666666667,0.1305841924398625,0.211340206185567,0.1516709511568123,0.1428571428571428,1
1323,0.4,1,0,0.6185567010309277,0.5892857142857142,0.3333333333333333,0.5083333333333333,0.3436426116838488,0.5567010309278351,0.5526992287917738,0.6258503401360545,1
1324,0.8,0,0,0.1443298969072164,0.1224489795918367,0.3333333333333333,0.675,0.0824742268041237,0.0412371134020618,0.1233933161953727,0.1292517006802721,1
1325,0.2,0,1,0.1134020618556701,0.1198979591836734,1.0,0.205,0.0309278350515463,0.0412371134020618,0.0925449871465295,0.108843537414966,0
1326,1.0,0,1,0.7319587628865979,0.5663265306122448,0.0,0.91,0.3367697594501718,0.2422680412371134,0.5141388174807199,0.3877551020408163,1
1327,0.4,0,0,0.1958762886597938,0.1198979591836734,0.1111111111111111,0.4033333333333334,0.0240549828178694,0.0309278350515463,0.1619537275064267,0.2108843537414966,0
1328,1.0,0,0,0.0412371134020618,0.0535714285714285,0.8888888888888888,0.5516666666666667,0.0206185567010309,0.0154639175257731,0.0462724935732647,0.0612244897959183,1
1329,0.8,1,0,0.7010309278350515,0.6173469387755102,0.8888888888888888,0.03,0.1477663230240549,0.0876288659793814,0.4113110539845758,0.2448979591836735,0
1330,0.2,0,1,0.288659793814433,0.1658163265306122,0.4444444444444445,0.4016666666666667,0.1993127147766323,0.2938144329896907,0.2673521850899742,0.1972789115646258,0
1331,0.2,1,0,0.0721649484536082,0.0663265306122449,1.0,0.8033333333333335,0.0,0.0773195876288659,0.0822622107969151,0.054421768707483,1
1332,0.4,1,0,0.9690721649484536,0.885204081632653,0.0,0.9800000000000002,0.4329896907216495,0.3350515463917525,0.9665809768637532,0.3945578231292517,1
1333,0.0,1,0,0.134020618556701,0.0841836734693877,0.6666666666666665,0.7450000000000001,0.0068728522336769,0.0721649484536082,0.0694087403598971,0.0816326530612245,1
1334,0.0,1,1,0.4948453608247422,0.4744897959183673,0.2222222222222222,0.5683333333333334,0.1477663230240549,0.4381443298969072,0.4961439588688945,0.4557823129251701,1
1335,0.6000000000000001,1,1,0.0309278350515463,0.0357142857142857,0.1111111111111111,0.5666666666666667,0.0137457044673539,0.0360824742268041,0.0257069408740359,0.0136054421768707,1
1336,0.8,0,0,0.7628865979381443,0.7091836734693877,0.5555555555555556,0.04,0.4295532646048109,0.4381443298969072,0.5038560411311055,0.7551020408163266,0
1337,0.8,1,0,0.5463917525773195,0.5331632653061223,1.0,0.0983333333333333,0.1443298969072164,0.2731958762886597,0.4704370179948586,0.435374149659864,0
1338,0.0,0,1,0.6597938144329897,0.586734693877551,0.5555555555555556,0.0633333333333333,0.0824742268041237,0.0412371134020618,0.4781491002570694,0.6326530612244898,0
1339,0.0,1,0,0.1237113402061855,0.0739795918367346,0.6666666666666665,0.14,0.1065292096219931,0.0412371134020618,0.0796915167095115,0.1360544217687075,0
1340,1.0,0,1,0.8865979381443299,0.6709183673469387,0.7777777777777777,0.4083333333333334,0.6563573883161512,0.8556701030927835,0.7737789203084834,0.5170068027210885,0
1341,1.0,0,0,0.6185567010309277,0.6096938775510203,0.8888888888888888,0.5166666666666668,0.3505154639175257,0.4020618556701031,0.4961439588688945,0.5646258503401361,1
1342,0.4,1,1,0.8350515463917525,0.7040816326530611,0.8888888888888888,0.9000000000000001,0.4329896907216495,0.1804123711340206,0.4832904884318766,0.6258503401360545,1
1343,0.6000000000000001,0,0,0.2268041237113401,0.1989795918367346,0.2222222222222222,0.55,0.1752577319587628,0.1494845360824742,0.2262210796915167,0.1564625850340136,1
1344,0.2,1,0,0.9175257731958762,0.7882653061224489,0.1111111111111111,0.3466666666666667,0.4398625429553264,0.6030927835051546,0.7917737789203085,0.5306122448979592,1
1345,0.0,0,1,0.958762886597938,0.8826530612244897,0.1111111111111111,0.3916666666666667,0.0274914089347079,0.7268041237113402,0.6503856041131106,0.9523809523809524,1
1346,0.2,1,0,0.1030927835051546,0.0790816326530612,1.0,0.6950000000000001,0.1065292096219931,0.0773195876288659,0.0565552699228791,0.0612244897959183,1
1347,0.4,1,1,0.7731958762886597,0.4846938775510204,0.3333333333333333,0.7250000000000001,0.0412371134020618,0.0979381443298969,0.6041131105398458,0.7074829931972789,1
1348,1.0,1,1,0.7835051546391752,0.5535714285714285,1.0,0.38,0.1993127147766323,0.4536082474226804,0.6272493573264782,0.3333333333333333,0
1349,0.0,1,1,0.9484536082474226,0.5025510204081632,0.1111111111111111,0.0833333333333333,0.1134020618556701,0.0721649484536082,0.948586118251928,0.3197278911564626,0
1350,0.0,0,0,0.1546391752577319,0.1377551020408163,0.5555555555555556,0.2033333333333333,0.1168384879725085,0.056701030927835,0.1593830334190231,0.0612244897959183,0
1351,1.0,1,0,0.3917525773195876,0.3418367346938775,0.2222222222222222,0.3266666666666667,0.0,0.0721649484536082,0.3984575835475578,0.2517006802721088,0
1352,0.8,0,0,0.4123711340206186,0.3877551020408163,0.8888888888888888,0.8233333333333335,0.2508591065292096,0.0360824742268041,0.3367609254498714,0.1496598639455782,1
1353,0.4,1,0,0.2268041237113401,0.1887755102040816,0.2222222222222222,0.6983333333333335,0.2061855670103092,0.0876288659793814,0.1645244215938303,0.108843537414966,1
1354,0.6000000000000001,0,1,0.2577319587628866,0.1479591836734693,0.6666666666666665,0.55,0.134020618556701,0.1443298969072164,0.2647814910025707,0.1564625850340136,1
1355,0.6000000000000001,0,1,0.0412371134020618,0.0382653061224489,0.1111111111111111,0.905,0.0481099656357388,0.0154639175257731,0.0359897172236503,0.0272108843537415,1
1356,0.4,1,0,0.4536082474226804,0.3903061224489796,0.0,0.7733333333333334,0.2646048109965636,0.0773195876288659,0.403598971722365,0.3945578231292517,1
1357,0.6000000000000001,1,0,0.7216494845360825,0.4438775510204081,0.1111111111111111,0.6033333333333335,0.4501718213058419,0.5927835051546392,0.4113110539845758,0.3605442176870748,1
1358,0.0,0,0,0.4639175257731959,0.3877551020408163,0.7777777777777777,0.0183333333333333,0.4398625429553264,0.0103092783505154,0.442159383033419,0.1836734693877551,0
1359,0.8,0,0,0.422680412371134,0.2499999999999999,0.0,0.51,0.3402061855670103,0.0927835051546391,0.2210796915167095,0.3741496598639456,1
1360,1.0,1,0,0.4639175257731959,0.2525510204081633,0.7777777777777777,0.9566666666666668,0.3711340206185567,0.3969072164948453,0.2776349614395886,0.4761904761904762,1
1361,0.8,0,1,0.8762886597938143,0.7576530612244897,0.1111111111111111,0.1166666666666667,0.6048109965635738,0.8041237113402062,0.8817480719794345,0.8231292517006803,1
1362,0.2,1,0,0.7010309278350515,0.5153061224489796,0.4444444444444445,0.19,0.6769759450171822,0.3865979381443299,0.5244215938303343,0.3469387755102041,0
1363,0.4,0,0,0.0412371134020618,0.0204081632653061,0.4444444444444445,0.8333333333333335,0.0412371134020618,0.0103092783505154,0.0514138817480719,0.0612244897959183,1
1364,0.2,0,0,0.6804123711340205,0.423469387755102,0.5555555555555556,0.7983333333333333,0.4742268041237113,0.5257731958762887,0.5938303341902315,0.2993197278911564,1
1365,0.2,0,0,0.6391752577319587,0.3520408163265306,1.0,0.4216666666666667,0.4020618556701031,0.2319587628865979,0.506426735218509,0.2448979591836735,1
1366,0.8,0,0,0.7628865979381443,0.7551020408163265,0.8888888888888888,0.2416666666666667,0.1649484536082474,0.7164948453608248,0.4652956298200514,0.3877551020408163,0
1367,0.6000000000000001,0,0,0.9072164948453608,0.5382653061224489,0.3333333333333333,0.3266666666666667,0.563573883161512,0.3762886597938144,0.8097686375321338,0.8503401360544218,0
1368,0.0,1,1,0.2268041237113401,0.1428571428571428,0.4444444444444445,0.5833333333333335,0.1752577319587628,0.190721649484536,0.1285347043701799,0.1564625850340136,1
1369,0.6000000000000001,0,0,0.6804123711340205,0.4489795918367347,0.2222222222222222,0.8050000000000002,0.6872852233676976,0.5051546391752577,0.5989717223650386,0.3741496598639456,1
1370,1.0,1,1,0.3402061855670103,0.336734693877551,0.4444444444444445,0.3916666666666667,0.1065292096219931,0.2938144329896907,0.313624678663239,0.2108843537414966,0
1371,0.8,1,1,0.8969072164948453,0.8596938775510203,1.0,0.1916666666666667,0.4639175257731958,0.1597938144329896,0.8560411311053985,0.870748299319728,0
1372,0.0,0,0,0.5979381443298969,0.3826530612244898,0.3333333333333333,0.6816666666666666,0.3058419243986254,0.0876288659793814,0.4138817480719794,0.2380952380952381,1
1373,0.6000000000000001,0,0,0.0515463917525773,0.0561224489795918,0.6666666666666665,0.865,0.0549828178694158,0.0515463917525773,0.0462724935732647,0.0612244897959183,1
1374,0.0,0,1,0.6804123711340205,0.4336734693877551,0.8888888888888888,0.9016666666666668,0.3608247422680412,0.4432989690721649,0.403598971722365,0.5918367346938775,1
1375,0.8,0,1,0.5257731958762886,0.2653061224489796,0.5555555555555556,0.6666666666666667,0.5429553264604811,0.0979381443298969,0.519280205655527,0.1972789115646258,1
1376,0.2,1,1,0.1237113402061855,0.0994897959183673,0.1111111111111111,0.9683333333333336,0.0962199312714776,0.0618556701030927,0.1233933161953727,0.0884353741496598,1
1377,0.4,1,1,0.1237113402061855,0.1096938775510204,0.1111111111111111,0.8400000000000001,0.0652920962199312,0.1134020618556701,0.1259640102827763,0.0476190476190476,1
1378,0.8,0,0,0.9278350515463916,0.5459183673469387,0.2222222222222222,0.5883333333333334,0.7800687285223368,0.2371134020618556,0.7480719794344474,0.5850340136054423,1
1379,0.2,1,1,0.7938144329896907,0.7372448979591836,0.0,0.605,0.6735395189003436,0.6237113402061856,0.7275064267352186,0.6870748299319729,1
1380,0.0,0,0,0.4432989690721649,0.4387755102040816,0.4444444444444445,0.325,0.3539518900343642,0.1804123711340206,0.2416452442159383,0.4217687074829932,0
1381,0.2,0,0,0.3711340206185567,0.2423469387755102,0.3333333333333333,0.0583333333333333,0.0034364261168384,0.2628865979381443,0.3573264781491002,0.1224489795918367,0
1382,1.0,1,1,0.134020618556701,0.1173469387755102,0.2222222222222222,0.53,0.1168384879725085,0.0515463917525773,0.0745501285347043,0.0612244897959183,1
1383,0.6000000000000001,0,0,0.1030927835051546,0.0535714285714285,0.5555555555555556,0.3,0.1030927835051546,0.0051546391752577,0.0719794344473007,0.1156462585034013,0
1384,0.8,0,0,0.1546391752577319,0.1173469387755102,0.8888888888888888,0.905,0.1649484536082474,0.1134020618556701,0.1516709511568123,0.1224489795918367,1
1385,0.8,1,0,0.5154639175257731,0.3520408163265306,0.7777777777777777,0.305,0.4054982817869416,0.0412371134020618,0.4858611825192802,0.1836734693877551,0
1386,0.2,0,0,0.1443298969072164,0.1224489795918367,0.5555555555555556,0.4133333333333334,0.0756013745704467,0.1391752577319587,0.0848329048843187,0.054421768707483,0
1387,0.8,1,1,0.6597938144329897,0.4005102040816326,0.7777777777777777,0.1316666666666667,0.2233676975945017,0.6494845360824743,0.6272493573264782,0.3061224489795918,0
1388,1.0,0,1,0.9484536082474226,0.6709183673469387,1.0,0.7850000000000001,0.3505154639175257,0.6494845360824743,0.9408740359897172,0.7959183673469389,1
1389,0.8,1,1,0.0103092783505154,0.0051020408163265,0.0,0.0883333333333333,0.0206185567010309,0.0051546391752577,0.0231362467866323,0.0272108843537415,0
1390,1.0,0,0,0.4536082474226804,0.2857142857142857,0.7777777777777777,0.6133333333333335,0.2233676975945017,0.1597938144329896,0.2544987146529563,0.3741496598639456,1
1391,0.6000000000000001,0,1,0.6082474226804123,0.5357142857142857,0.0,0.145,0.2439862542955326,0.1597938144329896,0.4113110539845758,0.2789115646258503,1
1392,0.0,0,1,0.134020618556701,0.096938775510204,0.5555555555555556,0.8150000000000002,0.1237113402061855,0.0824742268041237,0.1413881748071979,0.0884353741496598,1
1393,0.0,1,1,0.0206185567010309,0.0153061224489795,0.0,0.925,0.0,0.0257731958762886,0.0257069408740359,0.0272108843537415,1
1394,0.0,0,0,0.8762886597938143,0.8494897959183673,0.6666666666666665,0.7516666666666667,0.2439862542955326,0.7061855670103092,0.5784061696658098,0.4761904761904762,1
1395,0.6000000000000001,0,0,0.7010309278350515,0.5433673469387754,0.5555555555555556,0.7316666666666667,0.0549828178694158,0.3917525773195876,0.622107969151671,0.5714285714285715,1
1396,0.8,1,0,0.4639175257731959,0.3265306122448979,0.6666666666666665,0.32,0.0343642611683848,0.2319587628865979,0.3547557840616966,0.435374149659864,0
1397,0.8,0,1,0.7628865979381443,0.5994897959183673,0.7777777777777777,0.9933333333333334,0.127147766323024,0.2319587628865979,0.3881748071979434,0.435374149659864,1
1398,0.2,0,1,0.9278350515463916,0.6173469387755102,0.1111111111111111,0.4083333333333334,0.8831615120274914,0.0,0.5218508997429306,0.9047619047619048,0
1399,1.0,0,0,0.9484536082474226,0.9311224489795916,1.0,0.985,0.4776632302405498,0.8556701030927835,0.4884318766066838,0.6054421768707483,1
1400,0.0,1,0,0.4742268041237113,0.3775510204081632,0.2222222222222222,0.9133333333333332,0.0446735395189003,0.0154639175257731,0.4755784061696658,0.2380952380952381,1
1401,0.6000000000000001,0,1,0.0412371134020618,0.0535714285714285,0.5555555555555556,0.9733333333333334,0.0206185567010309,0.0412371134020618,0.0282776349614395,0.0408163265306122,1
1402,0.6000000000000001,1,1,0.4845360824742268,0.3571428571428571,0.6666666666666665,0.2316666666666667,0.3539518900343642,0.2886597938144329,0.4395886889460154,0.3469387755102041,0
1403,0.6000000000000001,1,1,0.3195876288659794,0.2091836734693877,0.5555555555555556,0.4766666666666667,0.2577319587628865,0.2628865979381443,0.1928020565552699,0.2653061224489796,1
1404,0.6000000000000001,1,1,0.9175257731958762,0.4719387755102041,1.0,0.0133333333333334,0.4982817869415807,0.5257731958762887,0.519280205655527,0.326530612244898,0
1405,1.0,1,0,0.6082474226804123,0.5918367346938774,0.7777777777777777,0.0,0.0103092783505154,0.0360824742268041,0.5784061696658098,0.326530612244898,0
1406,0.6000000000000001,1,1,0.845360824742268,0.4923469387755102,0.0,0.7350000000000001,0.7388316151202748,0.0103092783505154,0.4730077120822622,0.5646258503401361,1
1407,0.8,1,0,0.7938144329896907,0.7933673469387754,0.3333333333333333,0.6633333333333333,0.5670103092783505,0.5876288659793815,0.7300771208226222,0.3469387755102041,1
1408,0.4,0,1,0.6082474226804123,0.5612244897959183,0.4444444444444445,0.7216666666666667,0.415807560137457,0.5,0.4344473007712082,0.380952380952381,1
1409,0.6000000000000001,0,1,0.1855670103092783,0.0994897959183673,0.7777777777777777,0.4516666666666667,0.0584192439862542,0.2010309278350515,0.1413881748071979,0.0884353741496598,1
1410,0.6000000000000001,1,1,1.0,0.7551020408163265,1.0,0.3166666666666667,0.3608247422680412,0.4690721649484536,0.6889460154241646,0.5034013605442177,0
1411,0.4,0,0,0.958762886597938,0.6403061224489796,0.7777777777777777,0.2516666666666667,0.6529209621993127,0.1494845360824742,0.8611825192802057,0.7755102040816327,0
1412,0.8,1,1,0.1752577319587628,0.1658163265306122,0.2222222222222222,0.4316666666666667,0.1237113402061855,0.1134020618556701,0.1516709511568123,0.0816326530612245,1
1413,0.8,1,1,0.6907216494845361,0.5382653061224489,0.4444444444444445,0.4616666666666668,0.4295532646048109,0.1134020618556701,0.3753213367609254,0.4285714285714286,1
1414,0.4,0,1,0.134020618556701,0.1198979591836734,0.1111111111111111,0.5216666666666667,0.1512027491408934,0.0670103092783505,0.1259640102827763,0.1428571428571428,1
1415,0.8,0,0,0.1752577319587628,0.0892857142857142,1.0,0.8083333333333333,0.0343642611683848,0.0309278350515463,0.1491002570694087,0.1020408163265306,1
1416,0.0,1,1,0.2164948453608247,0.1454081632653061,0.3333333333333333,0.6500000000000001,0.1890034364261168,0.1494845360824742,0.1465295629820051,0.1360544217687075,1
1417,0.4,0,0,0.7835051546391752,0.4285714285714285,0.6666666666666665,0.085,0.6529209621993127,0.3711340206185567,0.4884318766066838,0.4829931972789116,0
1418,0.8,0,0,0.0206185567010309,0.0178571428571428,0.4444444444444445,0.245,0.0,0.0154639175257731,0.0154241645244215,0.0204081632653061,0
1419,0.0,1,1,0.9484536082474226,0.4821428571428571,1.0,0.6800000000000002,0.7285223367697594,0.8402061855670103,0.5938303341902315,0.8979591836734695,1
1420,0.4,1,0,0.9175257731958762,0.5459183673469387,0.5555555555555556,0.415,0.8762886597938144,0.5670103092783505,0.8843187660668381,0.8299319727891157,0
1421,0.2,1,1,0.9072164948453608,0.4719387755102041,0.3333333333333333,0.8283333333333334,0.140893470790378,0.4845360824742268,0.5809768637532134,0.5102040816326531,1
1422,0.8,0,0,0.7113402061855669,0.3571428571428571,0.6666666666666665,0.395,0.4707903780068728,0.5360824742268041,0.4601542416452442,0.4149659863945578,0
1423,0.6000000000000001,1,0,0.0618556701030927,0.0561224489795918,0.5555555555555556,0.8800000000000001,0.0584192439862542,0.0,0.0308483290488431,0.0476190476190476,1
1424,0.0,1,1,0.4432989690721649,0.2372448979591836,0.6666666666666665,0.285,0.1099656357388316,0.3969072164948453,0.2750642673521851,0.2448979591836735,0
1425,1.0,1,0,0.8556701030927835,0.6403061224489796,0.1111111111111111,0.06,0.2920962199312715,0.0618556701030927,0.7789203084832905,0.6122448979591837,0
1426,0.6000000000000001,0,1,0.2371134020618556,0.2423469387755102,0.7777777777777777,0.2066666666666666,0.1615120274914089,0.1649484536082474,0.1413881748071979,0.0884353741496598,0
1427,0.4,1,0,0.134020618556701,0.0765306122448979,0.8888888888888888,0.2333333333333334,0.0274914089347079,0.1185567010309278,0.0694087403598971,0.1224489795918367,0
1428,0.0,0,0,0.6185567010309277,0.4336734693877551,0.3333333333333333,0.4716666666666667,0.127147766323024,0.2010309278350515,0.3419023136246786,0.2244897959183673,1
1429,0.2,0,1,0.1134020618556701,0.0663265306122449,0.2222222222222222,0.3,0.0996563573883161,0.0154639175257731,0.0668380462724935,0.0952380952380952,0
1430,1.0,0,0,0.6597938144329897,0.6505102040816326,0.4444444444444445,0.6166666666666667,0.1580756013745704,0.3711340206185567,0.5218508997429306,0.5782312925170069,1
1431,0.0,1,1,0.5257731958762886,0.3418367346938775,0.2222222222222222,0.0483333333333333,0.3024054982817869,0.3917525773195876,0.2802056555269923,0.1904761904761905,0
1432,1.0,0,0,0.1237113402061855,0.0688775510204081,0.2222222222222222,0.7566666666666668,0.120274914089347,0.1391752577319587,0.1285347043701799,0.0952380952380952,1
1433,0.4,0,1,0.2783505154639175,0.1913265306122449,0.8888888888888888,0.4800000000000001,0.0137457044673539,0.0051546391752577,0.2904884318766066,0.2857142857142857,1
1434,0.6000000000000001,0,0,0.6494845360824741,0.413265306122449,0.1111111111111111,0.4183333333333334,0.1821305841924398,0.0412371134020618,0.467866323907455,0.5170068027210885,1
1435,0.6000000000000001,1,0,0.8350515463917525,0.4744897959183673,0.1111111111111111,0.0266666666666667,0.6941580756013745,0.5,0.5398457583547558,0.5578231292517007,0
1436,0.4,0,1,0.8969072164948453,0.8137755102040816,0.5555555555555556,0.1366666666666667,0.0,0.5824742268041236,0.519280205655527,0.3673469387755102,0
1437,0.6000000000000001,1,0,0.5257731958762886,0.375,0.2222222222222222,0.6950000000000001,0.2405498281786941,0.211340206185567,0.4318766066838046,0.3605442176870748,1
1438,0.0,1,0,0.268041237113402,0.1785714285714285,0.2222222222222222,0.6266666666666667,0.120274914089347,0.1134020618556701,0.1388174807197943,0.217687074829932,1
1439,0.2,0,0,0.8041237113402061,0.7015306122448979,0.2222222222222222,0.6116666666666668,0.2061855670103092,0.6494845360824743,0.5706940874035991,0.6734693877551021,1
1440,0.6000000000000001,0,0,0.3814432989690722,0.2602040816326531,1.0,0.8683333333333334,0.0549828178694158,0.3247422680412371,0.2750642673521851,0.2653061224489796,1
1441,0.0,1,0,0.6185567010309277,0.5051020408163265,1.0,0.075,0.3195876288659793,0.3041237113402061,0.4395886889460154,0.2789115646258503,0
1442,0.6000000000000001,0,1,0.5876288659793814,0.4821428571428571,0.4444444444444445,0.2366666666666667,0.3264604810996563,0.0257731958762886,0.4627249357326478,0.3197278911564626,0
1443,0.2,1,1,0.5979381443298969,0.586734693877551,0.5555555555555556,0.6200000000000001,0.0687285223367697,0.5824742268041236,0.4961439588688945,0.435374149659864,1
1444,0.6000000000000001,0,1,0.9175257731958762,0.7397959183673468,0.0,0.3466666666666667,0.6529209621993127,0.2628865979381443,0.8046272493573265,0.8095238095238095,1
1445,1.0,1,1,0.3298969072164948,0.3061224489795918,0.4444444444444445,0.5250000000000001,0.2405498281786941,0.0824742268041237,0.2853470437017995,0.2380952380952381,1
1446,0.2,1,1,0.1649484536082474,0.1045918367346938,0.3333333333333333,0.6483333333333334,0.1099656357388316,0.1288659793814432,0.0899742930591259,0.108843537414966,1
1447,0.2,1,0,0.0103092783505154,0.0229591836734693,0.8888888888888888,0.7450000000000001,0.0034364261168384,0.0,0.0102827763496143,0.0136054421768707,0
1448,0.2,1,1,0.9072164948453608,0.5739795918367346,0.4444444444444445,0.1866666666666667,0.0,0.8041237113402062,0.8149100257069409,0.3197278911564626,0
1449,0.2,1,0,0.6391752577319587,0.423469387755102,0.0,0.6716666666666666,0.2164948453608247,0.3762886597938144,0.4010282776349614,0.5034013605442177,1
1450,1.0,0,0,0.5773195876288659,0.5586734693877551,0.7777777777777777,0.9733333333333334,0.0412371134020618,0.2474226804123711,0.493573264781491,0.5782312925170069,1
1451,1.0,1,1,0.2474226804123711,0.211734693877551,0.8888888888888888,0.585,0.0343642611683848,0.0051546391752577,0.1928020565552699,0.1768707482993197,1
1452,0.8,0,0,0.6597938144329897,0.4336734693877551,0.6666666666666665,0.8216666666666668,0.5738831615120275,0.0721649484536082,0.442159383033419,0.2653061224489796,1
1453,0.4,0,0,0.6082474226804123,0.548469387755102,0.1111111111111111,0.1783333333333333,0.3367697594501718,0.0051546391752577,0.5115681233933163,0.3945578231292517,1
1454,0.4,0,0,0.4020618556701031,0.2755102040816327,0.3333333333333333,0.15,0.0274914089347079,0.1597938144329896,0.2519280205655527,0.2312925170068027,0
1455,0.6000000000000001,0,1,0.0103092783505154,0.0178571428571428,0.5555555555555556,0.2816666666666667,0.0206185567010309,0.0206185567010309,0.0102827763496143,0.0204081632653061,0
1456,0.8,1,0,0.4639175257731959,0.2576530612244898,0.2222222222222222,0.1216666666666667,0.2336769759450171,0.4432989690721649,0.3598971722365038,0.3673469387755102,0
1457,0.8,1,1,0.134020618556701,0.1403061224489795,0.0,0.0066666666666667,0.0824742268041237,0.0824742268041237,0.0771208226221079,0.0952380952380952,1
1458,1.0,0,0,0.2577319587628866,0.2040816326530612,0.3333333333333333,0.8883333333333334,0.1580756013745704,0.0670103092783505,0.1670951156812339,0.2244897959183673,1
1459,0.4,1,0,0.6907216494845361,0.5255102040816326,0.0,0.0033333333333334,0.6426116838487972,0.5515463917525774,0.6838046272493574,0.6258503401360545,1
1460,0.0,1,0,0.7628865979381443,0.7244897959183673,0.2222222222222222,0.1616666666666667,0.3780068728522336,0.6804123711340206,0.6246786632390746,0.2585034013605442,0
1461,0.2,1,0,0.4020618556701031,0.2474489795918367,0.2222222222222222,0.985,0.1683848797250859,0.0154639175257731,0.3161953727506427,0.2448979591836735,1
1462,0.6000000000000001,0,0,0.4020618556701031,0.3035714285714285,0.0,0.2616666666666667,0.0240549828178694,0.0257731958762886,0.3547557840616966,0.3333333333333333,0
1463,0.8,0,0,0.1443298969072164,0.0739795918367346,0.7777777777777777,0.595,0.0068728522336769,0.0051546391752577,0.1388174807197943,0.0816326530612245,1
1464,0.4,0,1,0.0206185567010309,0.0280612244897959,0.0,0.3,0.0068728522336769,0.0360824742268041,0.0334190231362467,0.0136054421768707,1
1465,1.0,1,1,0.4329896907216495,0.4336734693877551,1.0,0.9000000000000001,0.1237113402061855,0.2628865979381443,0.3239074550128534,0.1564625850340136,1
1466,0.4,0,1,0.3711340206185567,0.1964285714285714,0.5555555555555556,0.9433333333333334,0.2061855670103092,0.0309278350515463,0.2082262210796915,0.1292517006802721,1
1467,0.0,0,0,0.422680412371134,0.4260204081632653,0.3333333333333333,0.5316666666666667,0.140893470790378,0.3402061855670103,0.4318766066838046,0.2653061224489796,1
1468,0.2,1,1,0.9072164948453608,0.846938775510204,0.0,0.7466666666666668,0.2714776632302405,0.5051546391752577,0.6529562982005142,0.7823129251700681,1
1469,0.6000000000000001,0,1,0.958762886597938,0.6428571428571428,0.5555555555555556,0.9683333333333336,0.9278350515463916,0.7268041237113402,0.5475578406169667,0.6054421768707483,1
1470,0.4,1,1,0.6907216494845361,0.3469387755102041,0.3333333333333333,0.8816666666666668,0.4914089347079037,0.4175257731958763,0.5681233933161954,0.3129251700680272,1
1471,0.6000000000000001,0,0,0.422680412371134,0.2755102040816327,0.2222222222222222,0.02,0.1649484536082474,0.1958762886597938,0.2519280205655527,0.2244897959183673,0
1472,0.6000000000000001,0,0,0.6597938144329897,0.5382653061224489,0.4444444444444445,0.2783333333333334,0.5223367697594502,0.3092783505154639,0.5141388174807199,0.3537414965986394,0
1473,0.2,1,1,0.5154639175257731,0.3571428571428571,0.8888888888888888,0.5833333333333335,0.1855670103092783,0.1185567010309278,0.4447300771208226,0.2448979591836735,1
1474,0.6000000000000001,1,1,0.0206185567010309,0.0204081632653061,0.2222222222222222,0.685,0.0034364261168384,0.0154639175257731,0.0282776349614395,0.0068027210884353,1
1475,0.8,0,0,0.1134020618556701,0.096938775510204,0.8888888888888888,0.9766666666666668,0.0962199312714776,0.0257731958762886,0.0899742930591259,0.0408163265306122,1
1476,1.0,0,0,0.979381443298969,0.7168367346938774,0.1111111111111111,0.3233333333333333,0.1821305841924398,0.6185567010309279,0.6195372750642674,0.6802721088435375,0
1477,0.4,1,1,0.5360824742268041,0.2704081632653061,0.6666666666666665,0.7350000000000001,0.0446735395189003,0.3092783505154639,0.5167095115681235,0.380952380952381,1
1478,0.8,0,0,0.1030927835051546,0.0765306122448979,0.5555555555555556,0.9600000000000002,0.0137457044673539,0.0051546391752577,0.0899742930591259,0.0680272108843537,1
1479,0.0,1,1,0.7010309278350515,0.6658163265306122,0.6666666666666665,0.5166666666666668,0.4914089347079037,0.0,0.3496143958868895,0.3605442176870748,1
1480,1.0,1,0,0.7628865979381443,0.6556122448979591,0.2222222222222222,0.7966666666666669,0.4432989690721649,0.1237113402061855,0.647814910025707,0.7414965986394558,1
1481,1.0,1,1,0.0515463917525773,0.0382653061224489,0.6666666666666665,0.4516666666666667,0.0068728522336769,0.0206185567010309,0.0411311053984575,0.0272108843537415,1
1482,0.6000000000000001,1,1,0.7525773195876289,0.6326530612244897,0.8888888888888888,0.4233333333333333,0.4295532646048109,0.4072164948453608,0.724935732647815,0.3197278911564626,1
1483,0.0,0,1,0.2164948453608247,0.1505102040816326,0.3333333333333333,0.6866666666666668,0.2336769759450171,0.0876288659793814,0.2185089974293059,0.1020408163265306,1
1484,1.0,0,1,0.556701030927835,0.2857142857142857,0.1111111111111111,0.6583333333333334,0.3264604810996563,0.3659793814432989,0.2930591259640103,0.5306122448979592,1
1485,0.0,0,1,0.5360824742268041,0.2704081632653061,1.0,0.1099999999999999,0.127147766323024,0.0257731958762886,0.532133676092545,0.326530612244898,0
1486,0.2,0,1,0.1649484536082474,0.1326530612244897,0.4444444444444445,0.21,0.1718213058419244,0.0773195876288659,0.1439588688946015,0.108843537414966,0
1487,0.0,0,0,0.2783505154639175,0.1683673469387755,0.4444444444444445,0.0333333333333333,0.1752577319587628,0.0257731958762886,0.1902313624678663,0.1020408163265306,0
1488,0.6000000000000001,0,1,0.1237113402061855,0.1096938775510204,0.3333333333333333,0.405,0.0515463917525773,0.0618556701030927,0.0616966580976863,0.1360544217687075,0
1489,0.4,1,0,0.268041237113402,0.2729591836734694,0.7777777777777777,0.3750000000000001,0.281786941580756,0.0927835051546391,0.1413881748071979,0.163265306122449,0
1490,0.0,0,1,0.3195876288659794,0.3265306122448979,0.5555555555555556,0.8533333333333335,0.1649484536082474,0.2525773195876288,0.1850899742930591,0.2925170068027211,1
1491,0.0,0,0,0.7010309278350515,0.6377551020408162,0.6666666666666665,0.6616666666666668,0.5189003436426116,0.5360824742268041,0.3598971722365038,0.4557823129251701,1
1492,0.2,0,0,0.3814432989690722,0.3775510204081632,0.5555555555555556,0.3783333333333334,0.3642611683848797,0.2628865979381443,0.2776349614395886,0.2585034013605442,0
1493,0.2,0,0,0.5670103092783505,0.4311224489795918,0.1111111111111111,0.3533333333333334,0.1477663230240549,0.3608247422680412,0.5424164524421594,0.2040816326530612,1
1494,0.0,1,0,0.4020618556701031,0.2270408163265306,0.1111111111111111,0.6183333333333334,0.1168384879725085,0.3247422680412371,0.2596401028277635,0.3333333333333333,1
1495,0.2,1,1,0.2061855670103092,0.2142857142857142,1.0,0.3983333333333334,0.0343642611683848,0.2061855670103092,0.2030848329048843,0.1768707482993197,0
1496,1.0,0,0,0.2061855670103092,0.1760204081632652,0.4444444444444445,0.3866666666666667,0.0927835051546391,0.0154639175257731,0.1850899742930591,0.108843537414966,0
1497,0.6000000000000001,0,1,0.2371134020618556,0.1887755102040816,0.7777777777777777,0.3083333333333333,0.0687285223367697,0.1855670103092783,0.1362467866323907,0.217687074829932,0
1498,0.0,0,1,0.0721649484536082,0.0459183673469387,0.2222222222222222,0.3683333333333334,0.0034364261168384,0.0876288659793814,0.0462724935732647,0.0476190476190476,0
1499,0.2,0,0,0.2783505154639175,0.1811224489795918,0.4444444444444445,0.9566666666666668,0.0137457044673539,0.0618556701030927,0.2519280205655527,0.2244897959183673,1
1500,0.4,0,0,0.9896907216494844,0.5765306122448979,0.4444444444444445,0.8133333333333335,0.0446735395189003,0.5309278350515464,0.6915167095115682,0.9523809523809524,1
1501,0.4,0,0,0.5154639175257731,0.3698979591836734,0.5555555555555556,0.5983333333333334,0.3951890034364261,0.268041237113402,0.4575835475578406,0.2789115646258503,1
1502,0.2,1,1,0.8659793814432989,0.4923469387755102,0.7777777777777777,0.33,0.5085910652920962,0.1546391752577319,0.532133676092545,0.3605442176870748,0
1503,0.4,1,1,0.4742268041237113,0.3290816326530612,1.0,0.0166666666666667,0.4054982817869416,0.2371134020618556,0.3239074550128534,0.2857142857142857,0
1504,0.0,1,0,0.1855670103092783,0.1122448979591836,0.2222222222222222,0.8083333333333333,0.0996563573883161,0.0927835051546391,0.1645244215938303,0.1156462585034013,1
1505,0.0,1,0,0.3505154639175258,0.2142857142857142,0.4444444444444445,0.015,0.2164948453608247,0.0515463917525773,0.2133676092544987,0.2244897959183673,0
1506,0.6000000000000001,0,1,0.5257731958762886,0.4923469387755102,0.0,0.2216666666666666,0.5051546391752577,0.5103092783505154,0.2699228791773779,0.2040816326530612,1
1507,0.2,0,1,0.0206185567010309,0.0255102040816326,0.8888888888888888,0.8350000000000002,0.0034364261168384,0.0,0.0308483290488431,0.0408163265306122,1
1508,0.6000000000000001,1,1,0.6494845360824741,0.5637755102040816,0.2222222222222222,0.3133333333333333,0.5773195876288659,0.6030927835051546,0.5501285347043703,0.4625850340136054,0
1509,0.0,0,1,0.2164948453608247,0.1454081632653061,0.7777777777777777,0.76,0.0996563573883161,0.1082474226804123,0.1850899742930591,0.0816326530612245,1
1510,0.6000000000000001,1,0,0.0824742268041237,0.0637755102040816,0.1111111111111111,0.7616666666666667,0.0859106529209622,0.0051546391752577,0.0899742930591259,0.0612244897959183,1
1511,1.0,0,0,0.3092783505154639,0.2499999999999999,0.2222222222222222,0.8800000000000001,0.2920962199312715,0.3092783505154639,0.2159383033419023,0.2040816326530612,1
1512,0.6000000000000001,1,1,0.3298969072164948,0.1760204081632652,0.5555555555555556,0.7216666666666667,0.1649484536082474,0.1391752577319587,0.2005141388174807,0.1496598639455782,1
1513,0.0,0,0,0.9690721649484536,0.9668367346938774,0.3333333333333333,0.2016666666666666,0.0549828178694158,0.7268041237113402,0.8560411311053985,0.9387755102040816,0
1514,0.6000000000000001,0,0,0.5257731958762886,0.510204081632653,0.1111111111111111,0.9533333333333334,0.1477663230240549,0.3762886597938144,0.4652956298200514,0.5170068027210885,1
1515,0.6000000000000001,1,0,0.4639175257731959,0.4362244897959184,0.4444444444444445,0.155,0.4261168384879725,0.2731958762886597,0.4730077120822622,0.3605442176870748,0
1516,0.6000000000000001,1,0,0.979381443298969,0.9566326530612244,0.5555555555555556,0.6666666666666667,0.4604810996563573,0.3144329896907216,0.6555269922879178,0.8095238095238095,1
1517,1.0,1,0,0.8865979381443299,0.5433673469387754,0.8888888888888888,0.5216666666666667,0.5292096219931272,0.6237113402061856,0.763496143958869,0.5714285714285715,1
1518,1.0,1,0,0.5876288659793814,0.3341836734693877,0.2222222222222222,0.2583333333333334,0.1099656357388316,0.5773195876288659,0.5475578406169667,0.4693877551020408,0
1519,0.8,1,1,0.2268041237113401,0.173469387755102,0.7777777777777777,0.9516666666666668,0.2405498281786941,0.0154639175257731,0.2107969151670951,0.2380952380952381,1
1520,0.8,1,1,0.7938144329896907,0.5408163265306122,0.7777777777777777,0.3283333333333333,0.0756013745704467,0.268041237113402,0.5861182519280206,0.5238095238095238,0
1521,0.0,1,0,0.1237113402061855,0.0612244897959183,0.0,0.5816666666666668,0.0893470790378006,0.0515463917525773,0.1336760925449871,0.0748299319727891,1
1522,0.0,1,1,0.3402061855670103,0.2474489795918367,0.6666666666666665,0.6816666666666666,0.1821305841924398,0.0927835051546391,0.2287917737789203,0.3401360544217687,1
1523,0.8,1,0,0.3298969072164948,0.336734693877551,0.5555555555555556,0.675,0.3436426116838488,0.056701030927835,0.2056555269922879,0.3333333333333333,1
1524,0.4,1,0,0.6082474226804123,0.5943877551020408,0.0,0.2933333333333333,0.1580756013745704,0.1494845360824742,0.5706940874035991,0.2585034013605442,1
1525,0.4,0,1,0.288659793814433,0.173469387755102,0.1111111111111111,0.865,0.1855670103092783,0.2474226804123711,0.1465295629820051,0.1428571428571428,1
1526,1.0,0,1,0.3298969072164948,0.2321428571428571,0.7777777777777777,0.3916666666666667,0.1065292096219931,0.2886597938144329,0.3239074550128534,0.217687074829932,0
1527,0.0,1,1,0.0206185567010309,0.0229591836734693,0.6666666666666665,0.9816666666666668,0.0378006872852233,0.0103092783505154,0.0102827763496143,0.0136054421768707,1
1528,0.0,1,0,0.5876288659793814,0.2933673469387755,0.5555555555555556,0.28,0.3127147766323024,0.5154639175257731,0.442159383033419,0.4217687074829932,0
1529,1.0,1,1,0.0206185567010309,0.0127551020408163,0.0,0.7650000000000001,0.0034364261168384,0.0257731958762886,0.0257069408740359,0.0204081632653061,1
1530,0.6000000000000001,1,1,0.9072164948453608,0.8494897959183673,0.0,0.21,0.7422680412371134,0.8350515463917526,0.5244215938303343,0.8095238095238095,1
1531,0.0,1,1,0.8865979381443299,0.5943877551020408,0.3333333333333333,0.6866666666666668,0.0137457044673539,0.5824742268041236,0.4884318766066838,0.7551020408163266,1
1532,0.8,1,1,0.1855670103092783,0.1122448979591836,0.0,0.5250000000000001,0.0171821305841924,0.0051546391752577,0.1645244215938303,0.2040816326530612,1
1533,0.4,1,0,0.4639175257731959,0.3494897959183674,0.5555555555555556,0.8066666666666666,0.4604810996563573,0.1391752577319587,0.3727506426735218,0.4693877551020408,1
1534,0.8,0,0,0.2577319587628866,0.1479591836734693,0.7777777777777777,0.6283333333333334,0.0034364261168384,0.1701030927835051,0.1593830334190231,0.2585034013605442,1
1535,0.2,0,0,0.2474226804123711,0.1938775510204081,0.5555555555555556,0.01,0.0687285223367697,0.1237113402061855,0.1876606683804627,0.2244897959183673,0
1536,0.2,0,1,0.9072164948453608,0.6403061224489796,0.7777777777777777,0.5916666666666668,0.7560137457044673,0.4536082474226804,0.7403598971722366,0.489795918367347,1
1537,0.8,0,0,0.5051546391752577,0.4872448979591837,0.3333333333333333,0.7583333333333333,0.0756013745704467,0.0154639175257731,0.3753213367609254,0.3605442176870748,1
1538,0.4,1,0,0.6597938144329897,0.6505102040816326,0.8888888888888888,0.4966666666666667,0.1305841924398625,0.1597938144329896,0.4138817480719794,0.4013605442176871,1
1539,0.4,1,0,0.4329896907216495,0.2423469387755102,0.8888888888888888,0.6866666666666668,0.1855670103092783,0.0103092783505154,0.2185089974293059,0.435374149659864,1
1540,0.8,0,1,0.134020618556701,0.1096938775510204,0.2222222222222222,0.3733333333333334,0.127147766323024,0.1030927835051546,0.1208226221079691,0.0952380952380952,0
1541,0.2,0,0,0.6185567010309277,0.5816326530612245,0.7777777777777777,0.8966666666666667,0.3127147766323024,0.0721649484536082,0.596401028277635,0.4761904761904762,1
1542,0.8,1,1,0.0721649484536082,0.0663265306122449,0.2222222222222222,0.4333333333333333,0.0515463917525773,0.0463917525773195,0.0719794344473007,0.0612244897959183,1
1543,0.6000000000000001,0,0,0.7731958762886597,0.6658163265306122,0.5555555555555556,0.7650000000000001,0.1168384879725085,0.1494845360824742,0.5552699228791774,0.7346938775510204,1
1544,0.4,1,1,0.0412371134020618,0.0535714285714285,0.2222222222222222,0.2566666666666667,0.0034364261168384,0.0309278350515463,0.0514138817480719,0.0204081632653061,0
1545,0.8,0,0,0.422680412371134,0.413265306122449,0.1111111111111111,0.3983333333333334,0.3642611683848797,0.3144329896907216,0.2313624678663239,0.1428571428571428,1
1546,0.4,0,1,0.8247422680412371,0.7015306122448979,0.7777777777777777,0.8783333333333334,0.3951890034364261,0.4484536082474226,0.660668380462725,0.7278911564625851,1
1547,0.0,0,0,0.3402061855670103,0.2959183673469387,0.5555555555555556,0.6433333333333333,0.1512027491408934,0.2474226804123711,0.2519280205655527,0.1700680272108843,1
1548,0.2,1,1,1.0,0.8622448979591836,0.6666666666666665,0.1183333333333334,0.8384879725085911,0.3659793814432989,0.7455012853470437,0.4217687074829932,0
1549,1.0,1,0,0.0515463917525773,0.0408163265306122,0.1111111111111111,0.8066666666666666,0.0171821305841924,0.0515463917525773,0.0462724935732647,0.0408163265306122,1
1550,0.2,1,1,0.1958762886597938,0.1785714285714285,0.7777777777777777,0.8766666666666667,0.0549828178694158,0.1804123711340206,0.1902313624678663,0.0952380952380952,1
1551,0.4,0,0,0.3092783505154639,0.2602040816326531,0.5555555555555556,0.3366666666666666,0.1477663230240549,0.0773195876288659,0.2493573264781491,0.3061224489795918,0
1552,0.0,1,0,0.2783505154639175,0.1913265306122449,0.3333333333333333,0.1116666666666666,0.0240549828178694,0.190721649484536,0.1902313624678663,0.2448979591836735,0
1553,0.0,0,0,0.7010309278350515,0.4591836734693877,0.2222222222222222,0.4016666666666667,0.2164948453608247,0.3298969072164948,0.5269922879177379,0.5646258503401361,0
1554,0.2,1,0,0.3608247422680412,0.3392857142857143,0.7777777777777777,0.5133333333333334,0.0137457044673539,0.1134020618556701,0.3367609254498714,0.1904761904761905,1
1555,0.6000000000000001,0,1,0.4432989690721649,0.3265306122448979,0.5555555555555556,0.45,0.3608247422680412,0.1030927835051546,0.2519280205655527,0.3945578231292517,1
1556,0.6000000000000001,1,0,0.0,0.0127551020408163,0.8888888888888888,0.7533333333333334,0.0068728522336769,0.0103092783505154,0.0,0.0136054421768707,1
1557,1.0,0,1,0.556701030927835,0.5153061224489796,0.3333333333333333,0.955,0.1890034364261168,0.4896907216494845,0.4910025706940874,0.5306122448979592,1
1558,1.0,1,0,0.5360824742268041,0.4668367346938775,0.0,0.3966666666666667,0.2646048109965636,0.1391752577319587,0.4755784061696658,0.272108843537415,1
1559,0.8,0,0,0.0103092783505154,0.0178571428571428,0.4444444444444445,0.865,0.0240549828178694,0.0154639175257731,0.0154241645244215,0.0136054421768707,1
1560,0.2,1,1,0.7525773195876289,0.7525510204081632,0.8888888888888888,0.7833333333333334,0.0481099656357388,0.268041237113402,0.712082262210797,0.5918367346938775,1
1561,1.0,0,1,0.2371134020618556,0.2372448979591836,0.2222222222222222,0.075,0.0652920962199312,0.0979381443298969,0.1670951156812339,0.1768707482993197,0
1562,0.8,1,1,0.2989690721649484,0.1989795918367346,0.5555555555555556,0.7166666666666668,0.2164948453608247,0.2319587628865979,0.2236503856041131,0.3061224489795918,1
1563,0.2,1,1,0.7628865979381443,0.4846938775510204,1.0,0.8916666666666668,0.1993127147766323,0.1185567010309278,0.557840616966581,0.5578231292517007,1
1564,0.6000000000000001,0,1,0.0309278350515463,0.0357142857142857,0.0,0.8516666666666668,0.0171821305841924,0.0257731958762886,0.0282776349614395,0.0136054421768707,1
1565,0.4,0,0,0.2577319587628866,0.1428571428571428,0.6666666666666665,0.6033333333333335,0.1099656357388316,0.0824742268041237,0.1799485861182519,0.2585034013605442,1
1566,0.4,0,1,0.3402061855670103,0.3316326530612244,0.1111111111111111,0.2,0.2199312714776632,0.0876288659793814,0.1979434447300771,0.1564625850340136,1
1567,1.0,0,0,0.3608247422680412,0.2908163265306122,0.1111111111111111,0.1883333333333333,0.2886597938144329,0.2835051546391752,0.300771208226221,0.1836734693877551,1
1568,0.4,0,1,0.556701030927835,0.5025510204081632,0.4444444444444445,0.1116666666666666,0.4707903780068728,0.2577319587628865,0.4832904884318766,0.4081632653061224,0
1569,1.0,0,1,0.4742268041237113,0.4107142857142857,0.6666666666666665,0.15,0.2886597938144329,0.1237113402061855,0.2365038560411311,0.272108843537415,0
1570,0.8,0,1,0.5154639175257731,0.3035714285714285,0.0,0.5033333333333334,0.3539518900343642,0.0412371134020618,0.519280205655527,0.5238095238095238,1
1571,0.6000000000000001,1,0,0.2783505154639175,0.2857142857142857,0.7777777777777777,0.905,0.0790378006872852,0.134020618556701,0.2673521850899742,0.2925170068027211,1
1572,0.2,1,0,0.2577319587628866,0.1658163265306122,1.0,0.6883333333333335,0.0171821305841924,0.1701030927835051,0.1491002570694087,0.1292517006802721,1
1573,0.6000000000000001,1,0,0.4948453608247422,0.4056122448979591,0.3333333333333333,0.4850000000000001,0.0652920962199312,0.1752577319587628,0.352185089974293,0.3401360544217687,1
1574,0.4,0,1,0.2577319587628866,0.2321428571428571,0.6666666666666665,0.6683333333333334,0.0137457044673539,0.1752577319587628,0.2467866323907455,0.1292517006802721,1
1575,0.8,0,1,0.268041237113402,0.2474489795918367,0.5555555555555556,0.5916666666666668,0.1683848797250859,0.1855670103092783,0.2107969151670951,0.2244897959183673,1
1576,0.6000000000000001,0,1,0.7319587628865979,0.5025510204081632,0.8888888888888888,0.7000000000000002,0.5326460481099656,0.5103092783505154,0.5835475578406171,0.6666666666666667,1
1577,0.0,1,1,0.5876288659793814,0.3775510204081632,0.4444444444444445,0.8233333333333335,0.2061855670103092,0.2216494845360824,0.3753213367609254,0.3673469387755102,1
1578,0.0,1,0,0.8144329896907216,0.5357142857142857,0.0,0.1533333333333333,0.4879725085910653,0.3402061855670103,0.8020565552699229,0.7482993197278912,0
1579,0.6000000000000001,1,1,0.1752577319587628,0.173469387755102,0.2222222222222222,0.4716666666666667,0.0137457044673539,0.1443298969072164,0.1593830334190231,0.1360544217687075,1
1580,1.0,1,0,0.1649484536082474,0.1658163265306122,0.8888888888888888,0.2616666666666667,0.0756013745704467,0.056701030927835,0.0899742930591259,0.0952380952380952,0
1581,0.0,0,1,0.7628865979381443,0.4464285714285714,0.6666666666666665,0.45,0.5223367697594502,0.6237113402061856,0.544987146529563,0.6734693877551021,1
1582,0.2,1,0,0.9175257731958762,0.760204081632653,0.6666666666666665,0.9833333333333334,0.6116838487972508,0.6391752577319587,0.8277634961439589,0.5102040816326531,1
1583,0.4,0,1,0.5257731958762886,0.3061224489795918,0.6666666666666665,0.2866666666666667,0.3436426116838488,0.0824742268041237,0.5167095115681235,0.2244897959183673,0
1584,0.4,0,0,0.3608247422680412,0.2704081632653061,0.5555555555555556,0.8133333333333335,0.0584192439862542,0.0360824742268041,0.3059125964010282,0.1768707482993197,1
1585,0.0,0,0,0.958762886597938,0.8928571428571428,0.2222222222222222,0.5083333333333333,0.3436426116838488,0.654639175257732,0.7917737789203085,0.4761904761904762,1
1586,0.6000000000000001,1,0,0.8350515463917525,0.770408163265306,0.4444444444444445,0.2883333333333333,0.4570446735395189,0.4845360824742268,0.5912596401028278,0.8027210884353743,0
1587,1.0,1,0,0.6391752577319587,0.5408163265306122,0.7777777777777777,0.7133333333333334,0.0103092783505154,0.268041237113402,0.4395886889460154,0.653061224489796,1
1588,1.0,1,1,0.5257731958762886,0.4464285714285714,0.7777777777777777,0.3416666666666667,0.3161512027491409,0.4381443298969072,0.3676092544987147,0.2789115646258503,0
1589,0.0,1,1,0.556701030927835,0.4846938775510204,0.2222222222222222,0.1783333333333333,0.1168384879725085,0.1855670103092783,0.3573264781491002,0.5714285714285715,0
1590,0.2,1,1,0.0721649484536082,0.0357142857142857,0.8888888888888888,0.2733333333333334,0.0446735395189003,0.0,0.0411311053984575,0.0476190476190476,0
1591,0.0,1,1,0.2268041237113401,0.1760204081632652,1.0,0.3566666666666667,0.140893470790378,0.1082474226804123,0.1645244215938303,0.1224489795918367,0
1592,0.2,1,0,0.958762886597938,0.5790816326530611,0.4444444444444445,0.5450000000000002,0.979381443298969,0.5927835051546392,0.5501285347043703,0.6190476190476191,1
1593,0.4,0,1,0.7422680412371133,0.3724489795918367,1.0,0.5450000000000002,0.5463917525773195,0.520618556701031,0.480719794344473,0.7006802721088435,1
1594,0.8,0,1,0.134020618556701,0.0739795918367346,0.4444444444444445,0.9300000000000002,0.0515463917525773,0.0,0.1131105398457583,0.1156462585034013,1
1595,0.6000000000000001,1,1,0.8865979381443299,0.7627551020408162,0.3333333333333333,0.5116666666666667,0.4673539518900343,0.654639175257732,0.544987146529563,0.4013605442176871,1
1596,1.0,0,1,0.4845360824742268,0.3571428571428571,0.1111111111111111,0.605,0.2920962199312715,0.3144329896907216,0.4961439588688945,0.3741496598639456,1
1597,0.2,0,1,0.8144329896907216,0.6785714285714285,0.2222222222222222,0.3700000000000001,0.7903780068728522,0.1082474226804123,0.4730077120822622,0.2857142857142857,0
1598,0.4,0,1,0.2164948453608247,0.2244897959183673,1.0,0.5166666666666668,0.127147766323024,0.0309278350515463,0.1928020565552699,0.2312925170068027,1
1599,1.0,0,1,0.288659793814433,0.1607142857142857,0.7777777777777777,0.27,0.1890034364261168,0.1804123711340206,0.2262210796915167,0.2448979591836735,0
1600,0.4,0,1,0.3814432989690722,0.2295918367346938,0.3333333333333333,0.4850000000000001,0.3745704467353952,0.1391752577319587,0.2390745501285347,0.2244897959183673,1
1601,0.8,1,1,0.1546391752577319,0.1581632653061224,1.0,0.56,0.0584192439862542,0.0463917525773195,0.1516709511568123,0.1564625850340136,1
1602,0.0,0,1,0.1958762886597938,0.1173469387755102,0.4444444444444445,0.0983333333333333,0.0343642611683848,0.0412371134020618,0.1491002570694087,0.0680272108843537,0
1603,0.8,1,1,0.979381443298969,0.6301020408163265,0.1111111111111111,0.4033333333333334,0.3367697594501718,0.6185567010309279,0.7455012853470437,0.9115646258503404,0
1604,1.0,0,1,0.3402061855670103,0.2933673469387755,0.1111111111111111,0.5700000000000001,0.0790378006872852,0.1494845360824742,0.2982005141388175,0.2448979591836735,1
1605,1.0,0,1,0.134020618556701,0.1326530612244897,0.1111111111111111,0.19,0.0274914089347079,0.0721649484536082,0.0668380462724935,0.0816326530612245,1
1606,0.6000000000000001,0,1,0.8865979381443299,0.6607142857142856,1.0,0.9416666666666668,0.6632302405498282,0.5051546391752577,0.7043701799485862,0.8503401360544218,1
1607,0.6000000000000001,1,0,0.0721649484536082,0.0714285714285714,0.4444444444444445,0.1149999999999999,0.0481099656357388,0.0051546391752577,0.0359897172236503,0.0340136054421768,0
1608,0.0,1,1,0.3402061855670103,0.2678571428571428,0.6666666666666665,0.8966666666666667,0.1615120274914089,0.3505154639175257,0.3496143958868895,0.1156462585034013,1
1609,1.0,0,0,0.5463917525773195,0.5331632653061223,0.1111111111111111,0.4700000000000001,0.415807560137457,0.4278350515463917,0.4318766066838046,0.2108843537414966,1
1610,1.0,0,1,0.9896907216494844,0.5841836734693877,0.4444444444444445,0.1933333333333333,0.3780068728522336,0.8917525773195876,0.5475578406169667,0.5782312925170069,0
1611,1.0,1,0,0.1958762886597938,0.1326530612244897,1.0,0.675,0.1855670103092783,0.0721649484536082,0.1105398457583547,0.0816326530612245,1
1612,0.0,1,0,0.1649484536082474,0.1377551020408163,0.8888888888888888,0.01,0.0171821305841924,0.0360824742268041,0.1362467866323907,0.1156462585034013,0
1613,1.0,1,1,0.5773195876288659,0.3239795918367347,0.3333333333333333,0.9183333333333334,0.2302405498281786,0.4484536082474226,0.4473007712082262,0.2789115646258503,1
1614,1.0,1,0,0.6701030927835051,0.4311224489795918,0.8888888888888888,0.5216666666666667,0.3333333333333333,0.3505154639175257,0.6246786632390746,0.4829931972789116,1
1615,0.6000000000000001,1,0,0.422680412371134,0.4081632653061224,0.4444444444444445,0.1099999999999999,0.2371134020618556,0.345360824742268,0.3084832904884318,0.3741496598639456,0
1616,0.2,1,0,0.1030927835051546,0.0637755102040816,0.5555555555555556,0.2183333333333333,0.0309278350515463,0.0206185567010309,0.0668380462724935,0.0612244897959183,0
1617,1.0,0,1,0.979381443298969,0.6530612244897959,0.0,0.7566666666666668,0.3092783505154639,0.5154639175257731,0.724935732647815,0.4557823129251701,1
1618,1.0,1,1,0.5360824742268041,0.2780612244897959,0.4444444444444445,0.245,0.0103092783505154,0.4072164948453608,0.5424164524421594,0.4081632653061224,0
1619,0.2,0,1,0.5257731958762886,0.3520408163265306,0.6666666666666665,0.3500000000000001,0.4570446735395189,0.5360824742268041,0.4781491002570694,0.5306122448979592,0
1620,0.2,1,0,0.7319587628865979,0.6096938775510203,1.0,0.04,0.4432989690721649,0.190721649484536,0.4652956298200514,0.6122448979591837,0
1621,1.0,1,0,0.958762886597938,0.4821428571428571,0.0,0.3716666666666667,0.4639175257731958,0.0773195876288659,0.532133676092545,0.4557823129251701,0
1622,0.0,0,1,0.7216494845360825,0.3903061224489796,0.0,0.1033333333333333,0.0927835051546391,0.1237113402061855,0.5269922879177379,0.4013605442176871,0
1623,0.6000000000000001,1,1,0.9072164948453608,0.8316326530612244,0.2222222222222222,0.595,0.3402061855670103,0.0309278350515463,0.7429305912596402,0.8163265306122449,1
1624,1.0,0,0,0.6494845360824741,0.586734693877551,0.5555555555555556,0.8166666666666667,0.0206185567010309,0.5,0.390745501285347,0.6462585034013606,1
1625,0.2,1,1,0.958762886597938,0.770408163265306,0.8888888888888888,0.3333333333333333,0.0446735395189003,0.1701030927835051,0.519280205655527,0.3741496598639456,0
1626,0.4,0,1,1.0,0.8392857142857142,0.1111111111111111,0.275,0.9037800687285223,0.8762886597938144,0.6195372750642674,0.3401360544217687,1
1627,0.8,0,0,0.2783505154639175,0.2142857142857142,0.2222222222222222,0.1816666666666667,0.127147766323024,0.2835051546391752,0.2030848329048843,0.1496598639455782,0
1628,0.8,1,1,0.0515463917525773,0.0382653061224489,1.0,0.5433333333333334,0.0171821305841924,0.0309278350515463,0.0282776349614395,0.0204081632653061,1
1629,1.0,0,0,0.4123711340206186,0.3341836734693877,0.7777777777777777,0.4083333333333334,0.3367697594501718,0.422680412371134,0.313624678663239,0.2380952380952381,0
1630,0.6000000000000001,0,0,0.4123711340206186,0.2831632653061224,0.4444444444444445,0.5900000000000001,0.3024054982817869,0.0206185567010309,0.4087403598971722,0.3877551020408163,1
1631,0.0,0,0,0.7628865979381443,0.6683673469387754,0.2222222222222222,0.3583333333333334,0.2130584192439862,0.768041237113402,0.557840616966581,0.272108843537415,0
1632,0.4,1,1,0.7113402061855669,0.4719387755102041,0.5555555555555556,0.8966666666666667,0.0378006872852233,0.268041237113402,0.4190231362467866,0.3333333333333333,1
1633,0.2,0,1,0.4639175257731959,0.4005102040816326,0.6666666666666665,0.1766666666666667,0.1374570446735395,0.2731958762886597,0.3598971722365038,0.2244897959183673,0
1634,0.0,1,1,0.9896907216494844,0.5841836734693877,0.4444444444444445,0.455,0.8213058419243986,0.1701030927835051,0.5989717223650386,0.9931972789115648,1
1635,0.0,1,1,0.9896907216494844,0.9795918367346936,0.0,0.5183333333333333,0.2268041237113402,0.5360824742268041,0.840616966580977,0.4081632653061224,1
1636,0.0,0,0,0.5051546391752577,0.3341836734693877,0.7777777777777777,0.5816666666666668,0.2336769759450171,0.0824742268041237,0.3958868894601542,0.2653061224489796,1
1637,0.0,0,1,0.3195876288659794,0.1887755102040816,0.5555555555555556,0.7916666666666667,0.281786941580756,0.1082474226804123,0.1825192802056555,0.2857142857142857,1
1638,0.6000000000000001,1,0,0.4432989690721649,0.3112244897959184,0.5555555555555556,0.2816666666666667,0.140893470790378,0.3917525773195876,0.3573264781491002,0.2312925170068027,0
1639,0.0,1,1,0.3814432989690722,0.3188775510204081,0.8888888888888888,0.4783333333333334,0.1546391752577319,0.2731958762886597,0.3161953727506427,0.3401360544217687,1
1640,0.6000000000000001,1,1,0.3092783505154639,0.2448979591836734,0.4444444444444445,0.0266666666666667,0.3127147766323024,0.2835051546391752,0.2185089974293059,0.2448979591836735,0
1641,0.4,1,0,0.3092783505154639,0.2576530612244898,0.4444444444444445,0.4266666666666667,0.281786941580756,0.2886597938144329,0.2879177377892031,0.3061224489795918,1
1642,0.4,0,0,0.9690721649484536,0.7882653061224489,0.5555555555555556,0.4633333333333334,0.3402061855670103,0.1134020618556701,0.673521850899743,0.9183673469387756,1
1643,0.4,0,1,0.8762886597938143,0.4744897959183673,0.0,0.4233333333333333,0.134020618556701,0.0979381443298969,0.455012853470437,0.7823129251700681,1
1644,0.4,0,1,0.1752577319587628,0.1658163265306122,0.2222222222222222,0.9866666666666668,0.0893470790378006,0.1134020618556701,0.1568123393316195,0.0612244897959183,1
1645,0.4,0,1,0.2783505154639175,0.2525510204081633,0.4444444444444445,0.025,0.2783505154639175,0.0206185567010309,0.1593830334190231,0.108843537414966,0
1646,0.0,0,0,0.6185567010309277,0.3214285714285714,0.4444444444444445,0.6583333333333334,0.0652920962199312,0.190721649484536,0.5629820051413882,0.2857142857142857,1
1647,0.0,0,0,0.5876288659793814,0.510204081632653,0.1111111111111111,0.8433333333333335,0.0103092783505154,0.190721649484536,0.4138817480719794,0.326530612244898,1
1648,0.8,0,1,0.3092783505154639,0.3188775510204081,0.3333333333333333,0.5633333333333335,0.1477663230240549,0.134020618556701,0.1979434447300771,0.2585034013605442,1
1649,0.2,0,1,0.1134020618556701,0.1198979591836734,0.1111111111111111,0.5166666666666668,0.1168384879725085,0.0412371134020618,0.1079691516709511,0.0612244897959183,1
1650,0.4,0,1,0.1134020618556701,0.0739795918367346,0.1111111111111111,0.8500000000000001,0.1305841924398625,0.1082474226804123,0.1028277634961439,0.054421768707483,1
1651,0.2,1,0,0.8762886597938143,0.8392857142857142,0.1111111111111111,0.9433333333333334,0.6735395189003436,0.8195876288659794,0.6015424164524422,0.7142857142857143,1
1652,0.6000000000000001,0,0,0.6288659793814433,0.5994897959183673,0.4444444444444445,0.7666666666666668,0.436426116838488,0.0670103092783505,0.4652956298200514,0.5986394557823129,1
1653,0.6000000000000001,1,0,0.422680412371134,0.2780612244897959,0.2222222222222222,0.4266666666666667,0.3780068728522336,0.2216494845360824,0.365038560411311,0.3469387755102041,1
1654,0.6000000000000001,0,1,0.6391752577319587,0.5918367346938774,0.5555555555555556,0.6400000000000001,0.5910652920962199,0.5309278350515464,0.6426735218508998,0.5034013605442177,1
1655,1.0,0,1,0.7731958762886597,0.6505102040816326,0.8888888888888888,0.4633333333333334,0.1718213058419244,0.3969072164948453,0.6915167095115682,0.7210884353741497,1
1656,0.4,0,0,0.6907216494845361,0.6020408163265305,0.5555555555555556,0.8566666666666667,0.4467353951890034,0.0979381443298969,0.6760925449871465,0.4081632653061224,1
1657,0.0,0,0,0.4123711340206186,0.3698979591836734,1.0,0.3500000000000001,0.3161512027491409,0.2938144329896907,0.2982005141388175,0.1768707482993197,0
1658,0.8,0,0,0.3814432989690722,0.221938775510204,0.0,0.6233333333333333,0.2989690721649484,0.2938144329896907,0.352185089974293,0.2108843537414966,1
1659,0.0,1,1,0.1855670103092783,0.1173469387755102,0.6666666666666665,0.45,0.1305841924398625,0.0154639175257731,0.1619537275064267,0.0884353741496598,1
1660,0.2,0,0,0.0309278350515463,0.0357142857142857,0.0,0.6333333333333333,0.0240549828178694,0.0412371134020618,0.0282776349614395,0.0476190476190476,1
1661,0.0,1,0,0.3402061855670103,0.2168367346938775,0.5555555555555556,0.8383333333333334,0.1855670103092783,0.0154639175257731,0.2082262210796915,0.2312925170068027,1
1662,0.4,0,1,0.2989690721649484,0.2653061224489796,0.7777777777777777,0.095,0.3161512027491409,0.0979381443298969,0.1902313624678663,0.2585034013605442,0
1663,0.6000000000000001,0,1,0.4845360824742268,0.4770408163265306,0.1111111111111111,0.4583333333333333,0.4845360824742268,0.4690721649484536,0.416452442159383,0.3129251700680272,1
1664,0.2,0,0,0.0824742268041237,0.0841836734693877,0.1111111111111111,0.41,0.0859106529209622,0.0,0.0591259640102827,0.0340136054421768,1
1665,0.4,1,0,0.6701030927835051,0.5382653061224489,0.3333333333333333,0.1166666666666667,0.1099656357388316,0.6082474226804123,0.5089974293059126,0.5850340136054423,0
1666,0.2,1,0,0.4020618556701031,0.2321428571428571,0.2222222222222222,0.6883333333333335,0.0,0.0515463917525773,0.2776349614395886,0.2108843537414966,1
1667,0.8,0,1,0.1443298969072164,0.0892857142857142,0.0,0.9933333333333334,0.0412371134020618,0.0206185567010309,0.1156812339331619,0.1360544217687075,1
1668,0.6000000000000001,1,1,0.2268041237113401,0.2270408163265306,0.6666666666666665,0.5433333333333334,0.0103092783505154,0.1855670103092783,0.2107969151670951,0.1360544217687075,1
1669,0.0,1,0,0.2061855670103092,0.1556122448979591,0.1111111111111111,0.9233333333333332,0.0309278350515463,0.0824742268041237,0.1593830334190231,0.0884353741496598,1
1670,0.8,1,0,0.3092783505154639,0.2066326530612244,0.8888888888888888,0.8366666666666667,0.0137457044673539,0.0,0.2262210796915167,0.3197278911564626,1
1671,0.8,0,1,0.1443298969072164,0.1045918367346938,1.0,0.1366666666666667,0.0584192439862542,0.0154639175257731,0.1259640102827763,0.1292517006802721,0
1672,0.4,0,0,0.3814432989690722,0.3724489795918367,0.2222222222222222,0.1916666666666667,0.0756013745704467,0.2216494845360824,0.2365038560411311,0.3129251700680272,0
1673,1.0,1,1,0.1855670103092783,0.1530612244897959,0.1111111111111111,0.1099999999999999,0.1821305841924398,0.1134020618556701,0.1311053984575835,0.1904761904761905,1
1674,0.2,1,1,0.7628865979381443,0.6403061224489796,0.4444444444444445,0.4916666666666667,0.2714776632302405,0.0206185567010309,0.6323907455012854,0.7482993197278912,1
1675,0.2,0,0,0.9896907216494844,0.5357142857142857,0.0,0.0933333333333333,0.7903780068728522,0.634020618556701,0.6529562982005142,0.9931972789115648,0
1676,1.0,0,0,0.7938144329896907,0.7551020408163265,0.2222222222222222,0.4466666666666667,0.1993127147766323,0.7164948453608248,0.4010282776349614,0.5918367346938775,1
1677,0.2,1,0,0.1443298969072164,0.0943877551020408,0.4444444444444445,0.5250000000000001,0.0756013745704467,0.1391752577319587,0.1336760925449871,0.0952380952380952,1
1678,0.2,1,1,0.6391752577319587,0.3469387755102041,0.5555555555555556,0.0216666666666667,0.6391752577319587,0.3247422680412371,0.4704370179948586,0.3333333333333333,0
1679,0.2,1,1,0.6391752577319587,0.4489795918367347,0.2222222222222222,0.4583333333333333,0.2268041237113402,0.3917525773195876,0.5861182519280206,0.3605442176870748,1
1680,0.8,1,0,0.1443298969072164,0.1326530612244897,0.4444444444444445,0.4616666666666668,0.0137457044673539,0.0618556701030927,0.0976863753213367,0.0952380952380952,1
1681,0.0,1,0,0.9278350515463916,0.7755102040816326,0.4444444444444445,0.2583333333333334,0.8556701030927835,0.1030927835051546,0.8380462724935733,0.3537414965986394,0
1682,0.2,0,0,0.7835051546391752,0.6275510204081632,0.2222222222222222,0.3333333333333333,0.5257731958762887,0.5154639175257731,0.416452442159383,0.3061224489795918,0
1683,0.2,0,1,0.3917525773195876,0.2321428571428571,0.3333333333333333,0.3483333333333334,0.0343642611683848,0.211340206185567,0.2699228791773779,0.3741496598639456,0
1684,0.4,0,1,0.6082474226804123,0.4872448979591837,0.3333333333333333,0.1316666666666667,0.1821305841924398,0.5567010309278351,0.3598971722365038,0.2789115646258503,0
1685,1.0,1,0,0.7113402061855669,0.3622448979591837,0.6666666666666665,0.6066666666666667,0.1821305841924398,0.6649484536082474,0.3958868894601542,0.6258503401360545,1
1686,0.0,0,1,0.2371134020618556,0.2448979591836734,0.2222222222222222,0.5383333333333333,0.2061855670103092,0.0927835051546391,0.1516709511568123,0.1224489795918367,1
1687,1.0,1,0,0.3092783505154639,0.2142857142857142,0.7777777777777777,0.43,0.0893470790378006,0.1288659793814432,0.2262210796915167,0.1224489795918367,1
1688,0.8,1,0,0.1546391752577319,0.1020408163265306,0.8888888888888888,0.4666666666666667,0.0515463917525773,0.1237113402061855,0.1619537275064267,0.1156462585034013,1
1689,0.8,1,0,0.6288659793814433,0.4413265306122449,0.2222222222222222,0.52,0.549828178694158,0.1701030927835051,0.596401028277635,0.217687074829932,1
1690,0.8,1,1,0.0515463917525773,0.0535714285714285,0.6666666666666665,0.675,0.0,0.0051546391752577,0.0437017994858611,0.0476190476190476,1
1691,0.8,1,1,0.0927835051546391,0.0612244897959183,0.8888888888888888,0.0016666666666667,0.0962199312714776,0.0824742268041237,0.0771208226221079,0.1020408163265306,0
1692,0.2,0,1,0.8969072164948453,0.808673469387755,0.7777777777777777,0.685,0.1477663230240549,0.0618556701030927,0.5604113110539847,0.3537414965986394,1
1693,0.6000000000000001,1,0,0.0103092783505154,0.010204081632653,1.0,0.7250000000000001,0.0309278350515463,0.0103092783505154,0.0154241645244215,0.0272108843537415,1
1694,0.2,0,0,0.2061855670103092,0.1249999999999999,0.6666666666666665,0.6366666666666667,0.0893470790378006,0.0309278350515463,0.1491002570694087,0.1224489795918367,1
1695,0.6000000000000001,0,0,0.3298969072164948,0.336734693877551,0.4444444444444445,0.08,0.2714776632302405,0.190721649484536,0.2030848329048843,0.3197278911564626,0
1696,0.0,1,1,0.7938144329896907,0.5918367346938774,1.0,0.75,0.5773195876288659,0.788659793814433,0.5372750642673523,0.272108843537415,1
1697,0.6000000000000001,0,1,0.5773195876288659,0.4566326530612244,0.7777777777777777,0.8916666666666668,0.0343642611683848,0.3144329896907216,0.3676092544987147,0.5374149659863946,1
1698,0.0,1,1,0.9484536082474226,0.5025510204081632,0.2222222222222222,0.1483333333333334,0.549828178694158,0.3659793814432989,0.4910025706940874,0.6938775510204083,0
1699,0.4,1,0,0.4742268041237113,0.4744897959183673,0.1111111111111111,0.9433333333333334,0.3505154639175257,0.3092783505154639,0.3496143958868895,0.4013605442176871,1
1700,0.6000000000000001,0,0,0.7628865979381443,0.6709183673469387,0.1111111111111111,0.6483333333333334,0.1821305841924398,0.0309278350515463,0.6169665809768639,0.5850340136054423,1
1701,0.0,0,0,0.5876288659793814,0.4413265306122449,0.7777777777777777,0.5750000000000002,0.4467353951890034,0.1597938144329896,0.5938303341902315,0.5850340136054423,1
1702,0.2,1,1,0.422680412371134,0.2499999999999999,0.0,0.8283333333333334,0.1512027491408934,0.2319587628865979,0.4113110539845758,0.3197278911564626,1
1703,1.0,1,0,0.6082474226804123,0.4464285714285714,0.2222222222222222,0.915,0.0996563573883161,0.5618556701030928,0.4061696658097686,0.5306122448979592,1
1704,1.0,1,0,0.5360824742268041,0.4948979591836734,1.0,0.205,0.2233676975945017,0.5154639175257731,0.3958868894601542,0.4965986394557823,0
1705,0.2,0,1,0.5154639175257731,0.2780612244897959,0.0,0.1166666666666667,0.3402061855670103,0.5257731958762887,0.4215938303341902,0.435374149659864,0
1706,1.0,0,0,0.8556701030927835,0.7908163265306122,0.5555555555555556,0.13,0.7353951890034364,0.6752577319587628,0.7737789203084834,0.5986394557823129,0
1707,0.8,0,0,0.0721649484536082,0.0408163265306122,1.0,0.195,0.0343642611683848,0.0412371134020618,0.0642673521850899,0.0612244897959183,0
1708,0.2,0,0,0.1237113402061855,0.096938775510204,1.0,0.3833333333333334,0.0412371134020618,0.056701030927835,0.0694087403598971,0.1292517006802721,0
1709,0.2,0,1,0.2268041237113401,0.2295918367346938,1.0,0.405,0.0240549828178694,0.0412371134020618,0.1208226221079691,0.2312925170068027,0
1710,0.8,1,0,0.6288659793814433,0.375,0.8888888888888888,0.75,0.0274914089347079,0.3350515463917525,0.3881748071979434,0.5238095238095238,1
1711,0.2,1,0,0.2989690721649484,0.1862244897959183,1.0,0.0766666666666666,0.0240549828178694,0.2371134020618556,0.2005141388174807,0.2993197278911564,0
1712,0.8,1,1,0.6907216494845361,0.4770408163265306,0.6666666666666665,0.05,0.3195876288659793,0.3659793814432989,0.4755784061696658,0.5714285714285715,0
1713,0.4,0,1,0.288659793814433,0.1811224489795918,0.4444444444444445,0.6866666666666668,0.1752577319587628,0.0515463917525773,0.2904884318766066,0.2585034013605442,1
1714,0.0,0,0,0.2989690721649484,0.2499999999999999,0.6666666666666665,0.1266666666666667,0.2199312714776632,0.134020618556701,0.2904884318766066,0.2925170068027211,0
1715,0.8,0,0,0.0412371134020618,0.0229591836734693,0.6666666666666665,0.0633333333333333,0.0171821305841924,0.0257731958762886,0.0514138817480719,0.0340136054421768,0
1716,0.8,0,1,0.4639175257731959,0.3418367346938775,0.6666666666666665,0.5,0.415807560137457,0.4329896907216495,0.4473007712082262,0.3401360544217687,1
1717,0.2,1,0,0.2371134020618556,0.1683673469387755,1.0,0.325,0.1649484536082474,0.1701030927835051,0.1388174807197943,0.2517006802721088,0
1718,0.0,1,0,0.979381443298969,0.7678571428571428,0.1111111111111111,0.0,0.5876288659793815,0.8556701030927835,0.9717223650385604,0.6258503401360545,1
1719,0.8,0,1,0.7628865979381443,0.5025510204081632,0.8888888888888888,0.6516666666666668,0.1718213058419244,0.4484536082474226,0.5938303341902315,0.761904761904762,1
1720,0.2,1,0,0.845360824742268,0.6224489795918366,0.3333333333333333,0.3650000000000001,0.4432989690721649,0.8608247422680412,0.4370179948586118,0.4081632653061224,0
1721,0.6000000000000001,1,1,0.3711340206185567,0.3775510204081632,1.0,0.4,0.3230240549828179,0.0515463917525773,0.2313624678663239,0.2448979591836735,0
1722,0.6000000000000001,0,1,0.2989690721649484,0.2831632653061224,0.7777777777777777,0.4366666666666667,0.1237113402061855,0.1855670103092783,0.1773778920308483,0.2108843537414966,1
1723,0.4,0,0,0.5670103092783505,0.5357142857142857,0.4444444444444445,0.0383333333333333,0.0549828178694158,0.5773195876288659,0.4087403598971722,0.3469387755102041,0
1724,0.2,1,1,0.5463917525773195,0.4948979591836734,0.4444444444444445,0.02,0.4398625429553264,0.2474226804123711,0.493573264781491,0.2244897959183673,0
1725,0.2,0,1,0.0,0.0076530612244897,0.0,0.3516666666666667,0.0171821305841924,0.0051546391752577,0.0128534704370179,0.0136054421768707,1
1726,0.6000000000000001,0,1,0.3608247422680412,0.3443877551020408,0.4444444444444445,0.5350000000000001,0.1374570446735395,0.0412371134020618,0.2982005141388175,0.3605442176870748,1
1727,0.4,0,1,0.1443298969072164,0.1020408163265306,1.0,0.3533333333333334,0.1099656357388316,0.1288659793814432,0.1542416452442159,0.0612244897959183,0
1728,0.8,1,0,0.3814432989690722,0.2729591836734694,0.0,0.81,0.2714776632302405,0.0824742268041237,0.2673521850899742,0.1428571428571428,1
1729,0.6000000000000001,0,1,0.0515463917525773,0.0331632653061224,0.8888888888888888,0.005,0.0206185567010309,0.0257731958762886,0.0437017994858611,0.0408163265306122,0
1730,0.6000000000000001,1,1,0.5773195876288659,0.4183673469387755,0.8888888888888888,0.5550000000000002,0.2783505154639175,0.4329896907216495,0.3701799485861182,0.2517006802721088,1
1731,0.8,1,1,0.3711340206185567,0.3494897959183674,0.2222222222222222,0.685,0.3264604810996563,0.3762886597938144,0.365038560411311,0.2108843537414966,1
1732,0.4,1,0,0.6391752577319587,0.423469387755102,0.7777777777777777,0.2866666666666667,0.3814432989690721,0.3092783505154639,0.4113110539845758,0.3061224489795918,0
1733,0.2,1,1,0.5463917525773195,0.3010204081632653,0.1111111111111111,0.0833333333333333,0.2164948453608247,0.4742268041237113,0.4344473007712082,0.4693877551020408,0
1734,0.2,0,1,0.6804123711340205,0.3418367346938775,0.4444444444444445,0.965,0.0171821305841924,0.134020618556701,0.557840616966581,0.4625850340136054,1
1735,0.8,0,0,0.6701030927835051,0.3341836734693877,0.4444444444444445,0.2266666666666666,0.1237113402061855,0.0618556701030927,0.5886889460154242,0.5102040816326531,0
1736,0.2,1,1,0.5257731958762886,0.2857142857142857,0.6666666666666665,0.9133333333333332,0.0446735395189003,0.1855670103092783,0.3701799485861182,0.3877551020408163,1
1737,0.4,1,0,0.6597938144329897,0.5841836734693877,0.7777777777777777,0.425,0.3402061855670103,0.3350515463917525,0.5912596401028278,0.2244897959183673,1
1738,0.4,1,0,0.6597938144329897,0.3265306122448979,1.0,0.975,0.3745704467353952,0.2216494845360824,0.5218508997429306,0.4217687074829932,1
1739,0.0,0,0,0.7628865979381443,0.635204081632653,0.2222222222222222,0.9800000000000002,0.436426116838488,0.5618556701030928,0.622107969151671,0.5102040816326531,1
1740,0.8,0,1,0.2371134020618556,0.1479591836734693,1.0,0.2966666666666667,0.2027491408934708,0.0412371134020618,0.2365038560411311,0.217687074829932,0
1741,0.8,0,0,0.0927835051546391,0.0561224489795918,0.1111111111111111,0.5050000000000001,0.0652920962199312,0.0721649484536082,0.0925449871465295,0.0340136054421768,1
1742,0.2,0,0,0.2164948453608247,0.2015306122448979,0.3333333333333333,0.8066666666666666,0.0687285223367697,0.0,0.1876606683804627,0.0748299319727891,1
1743,0.2,1,1,0.3195876288659794,0.2908163265306122,0.1111111111111111,0.6366666666666667,0.120274914089347,0.2835051546391752,0.3084832904884318,0.108843537414966,1
1744,0.8,1,1,0.2474226804123711,0.1428571428571428,0.2222222222222222,0.285,0.120274914089347,0.0979381443298969,0.1799485861182519,0.2312925170068027,0
1745,0.8,0,1,0.9381443298969072,0.9285714285714284,1.0,0.8466666666666667,0.5670103092783505,0.7577319587628866,0.673521850899743,0.4829931972789116,1
1746,0.8,0,0,0.5257731958762886,0.4642857142857143,0.3333333333333333,0.2833333333333334,0.0996563573883161,0.479381443298969,0.3753213367609254,0.3333333333333333,0
1747,0.4,0,0,0.5360824742268041,0.3443877551020408,1.0,0.4566666666666668,0.0309278350515463,0.4742268041237113,0.2724935732647814,0.2517006802721088,1
1748,0.8,0,1,0.3402061855670103,0.298469387755102,0.3333333333333333,0.0233333333333333,0.2646048109965636,0.0051546391752577,0.3161953727506427,0.1836734693877551,0
1749,0.4,1,0,0.4123711340206186,0.2525510204081633,0.6666666666666665,0.1783333333333333,0.2027491408934708,0.2319587628865979,0.300771208226221,0.1700680272108843,0
1750,0.0,0,1,0.9278350515463916,0.8826530612244897,0.1111111111111111,0.6700000000000002,0.5807560137457044,0.8247422680412371,0.6118251928020566,0.6666666666666667,1
1751,0.4,1,0,0.422680412371134,0.2423469387755102,0.0,0.3316666666666666,0.1512027491408934,0.2319587628865979,0.3161953727506427,0.3469387755102041,0
1752,0.2,1,1,0.7525773195876289,0.4999999999999999,0.4444444444444445,0.615,0.0618556701030927,0.4536082474226804,0.4575835475578406,0.4965986394557823,1
1753,1.0,0,1,0.5360824742268041,0.4719387755102041,1.0,0.0433333333333333,0.3333333333333333,0.520618556701031,0.3727506426735218,0.217687074829932,0
1754,0.6000000000000001,0,0,0.5463917525773195,0.4056122448979591,0.8888888888888888,0.7966666666666669,0.1615120274914089,0.5515463917525774,0.3856041131105398,0.4149659863945578,1
1755,0.4,0,1,0.1958762886597938,0.1071428571428571,0.0,0.8116666666666668,0.1649484536082474,0.1443298969072164,0.1465295629820051,0.1428571428571428,1
1756,0.0,1,0,0.3608247422680412,0.3061224489795918,0.7777777777777777,0.885,0.274914089347079,0.1134020618556701,0.2802056555269923,0.163265306122449,1
1757,0.0,1,0,0.8865979381443299,0.8316326530612244,0.8888888888888888,0.4600000000000001,0.0446735395189003,0.4484536082474226,0.8303341902313626,0.380952380952381,1
1758,1.0,0,0,0.5773195876288659,0.5739795918367346,0.5555555555555556,0.5,0.549828178694158,0.056701030927835,0.5244215938303343,0.3877551020408163,1
1759,0.8,1,0,0.7938144329896907,0.7729591836734693,0.0,0.4483333333333333,0.2611683848797251,0.1752577319587628,0.5089974293059126,0.5034013605442177,1
1760,0.2,0,1,0.2989690721649484,0.1530612244897959,1.0,0.945,0.0652920962199312,0.3144329896907216,0.1619537275064267,0.272108843537415,1
1761,0.0,0,0,0.4020618556701031,0.3622448979591837,0.5555555555555556,0.2350000000000001,0.3402061855670103,0.0154639175257731,0.3958868894601542,0.2653061224489796,0
1762,0.4,0,1,0.9896907216494844,0.8265306122448979,0.0,0.0066666666666667,0.1615120274914089,0.979381443298969,0.622107969151671,0.5850340136054423,1
1763,1.0,0,0,0.3195876288659794,0.2066326530612244,0.8888888888888888,0.3666666666666667,0.0171821305841924,0.3247422680412371,0.2750642673521851,0.272108843537415,0
1764,0.0,1,0,0.1855670103092783,0.1505102040816326,0.6666666666666665,0.5216666666666667,0.0034364261168384,0.0927835051546391,0.1311053984575835,0.0884353741496598,1
1765,0.4,0,1,0.0412371134020618,0.0204081632653061,0.3333333333333333,0.975,0.0240549828178694,0.0,0.0231362467866323,0.0204081632653061,1
1766,0.8,0,1,0.3505154639175258,0.2346938775510204,0.0,0.9016666666666668,0.1683848797250859,0.2268041237113402,0.3393316195372751,0.1428571428571428,1
1767,0.4,0,0,0.7525773195876289,0.7346938775510203,1.0,0.8583333333333334,0.4261168384879725,0.4896907216494845,0.6426735218508998,0.6190476190476191,1
1768,1.0,1,1,0.0,0.0025510204081632,0.8888888888888888,0.8700000000000001,0.0068728522336769,0.0154639175257731,0.0077120822622107,0.0204081632653061,1
1769,0.8,0,0,1.0,0.7346938775510203,0.8888888888888888,0.7866666666666668,0.8281786941580755,1.0,0.6812339331619538,0.7959183673469389,1
1770,1.0,1,1,0.6082474226804123,0.5663265306122448,0.2222222222222222,0.7933333333333334,0.6048109965635738,0.5103092783505154,0.3470437017994858,0.326530612244898,1
1771,0.8,0,1,0.3402061855670103,0.2551020408163265,0.4444444444444445,0.0616666666666666,0.3092783505154639,0.2886597938144329,0.2622107969151671,0.3061224489795918,0
1772,0.0,0,1,0.7835051546391752,0.4770408163265306,0.5555555555555556,0.055,0.5292096219931272,0.768041237113402,0.7789203084832905,0.653061224489796,0
1773,0.6000000000000001,0,1,0.8762886597938143,0.7397959183673468,0.1111111111111111,0.02,0.3092783505154639,0.1443298969072164,0.763496143958869,0.3333333333333333,1
1774,0.4,1,1,0.5463917525773195,0.3086734693877551,0.6666666666666665,0.9033333333333332,0.0,0.3505154639175257,0.3984575835475578,0.3945578231292517,1
1775,0.6000000000000001,1,1,0.1649484536082474,0.1224489795918367,0.3333333333333333,0.8166666666666667,0.0034364261168384,0.0,0.0874035989717223,0.1360544217687075,1
1776,0.4,1,0,0.8041237113402061,0.8061224489795917,0.7777777777777777,0.8433333333333335,0.6838487972508591,0.0927835051546391,0.5886889460154242,0.3673469387755102,1
1777,1.0,0,1,0.7525773195876289,0.4260204081632653,0.3333333333333333,0.0,0.268041237113402,0.4278350515463917,0.4781491002570694,0.4557823129251701,0
1778,1.0,1,1,0.3608247422680412,0.298469387755102,0.5555555555555556,0.5083333333333333,0.1683848797250859,0.0927835051546391,0.3316195372750642,0.2108843537414966,1
1779,0.4,1,1,0.1443298969072164,0.1122448979591836,0.5555555555555556,0.4700000000000001,0.0515463917525773,0.0670103092783505,0.1259640102827763,0.0680272108843537,1
1780,1.0,1,0,0.1134020618556701,0.0612244897959183,0.2222222222222222,0.5116666666666667,0.0274914089347079,0.0773195876288659,0.1131105398457583,0.108843537414966,1
1781,1.0,1,1,0.2268041237113401,0.2015306122448979,0.4444444444444445,0.6816666666666666,0.0721649484536082,0.190721649484536,0.2185089974293059,0.1904761904761905,1
1782,0.8,1,1,0.4020618556701031,0.288265306122449,0.6666666666666665,0.9233333333333332,0.0171821305841924,0.3556701030927835,0.3187660668380462,0.3877551020408163,1
1783,0.4,0,1,0.7319587628865979,0.3801020408163265,1.0,0.7933333333333334,0.5051546391752577,0.4948453608247422,0.6709511568123394,0.2789115646258503,1
1784,0.2,1,1,0.8041237113402061,0.6198979591836734,0.5555555555555556,0.5816666666666668,0.3711340206185567,0.0824742268041237,0.5526992287917738,0.6258503401360545,1
1785,0.6000000000000001,0,0,0.7938144329896907,0.7066326530612245,0.1111111111111111,0.1566666666666667,0.7835051546391752,0.6804123711340206,0.4601542416452442,0.2653061224489796,1
1786,0.8,0,0,0.7216494845360825,0.4744897959183673,0.7777777777777777,0.1183333333333334,0.2268041237113402,0.7268041237113402,0.4781491002570694,0.3333333333333333,0
1787,0.6000000000000001,0,0,0.6185567010309277,0.3290816326530612,0.6666666666666665,0.6783333333333335,0.5910652920962199,0.4587628865979381,0.5861182519280206,0.2857142857142857,1
1788,0.4,0,1,0.5670103092783505,0.4540816326530612,1.0,0.3183333333333333,0.2336769759450171,0.0051546391752577,0.4473007712082262,0.2653061224489796,0
1789,0.0,1,1,0.5773195876288659,0.3520408163265306,0.7777777777777777,0.45,0.281786941580756,0.2164948453608247,0.4138817480719794,0.2517006802721088,1
1790,0.2,0,0,0.0721649484536082,0.0816326530612245,0.8888888888888888,0.1583333333333333,0.0859106529209622,0.0412371134020618,0.0694087403598971,0.0884353741496598,0
1791,0.0,0,1,0.2061855670103092,0.183673469387755,0.4444444444444445,0.3283333333333333,0.0790378006872852,0.1082474226804123,0.1388174807197943,0.1224489795918367,0
1792,0.6000000000000001,0,1,0.1649484536082474,0.1275510204081632,0.6666666666666665,0.2333333333333334,0.0687285223367697,0.0051546391752577,0.0874035989717223,0.0680272108843537,0
1793,0.0,0,1,0.0618556701030927,0.0535714285714285,0.7777777777777777,0.875,0.0240549828178694,0.0,0.0719794344473007,0.0748299319727891,1
1794,0.4,1,1,0.7628865979381443,0.4540816326530612,0.6666666666666665,0.0333333333333333,0.5051546391752577,0.134020618556701,0.7146529562982006,0.5782312925170069,0
1795,0.4,1,1,0.4020618556701031,0.336734693877551,0.1111111111111111,0.91,0.3058419243986254,0.4020618556701031,0.2853470437017995,0.163265306122449,1
1796,0.6000000000000001,1,1,0.4536082474226804,0.2704081632653061,0.5555555555555556,0.9266666666666667,0.4639175257731958,0.2628865979381443,0.2339331619537275,0.2244897959183673,1
1797,0.6000000000000001,1,0,0.2164948453608247,0.1658163265306122,0.4444444444444445,0.1966666666666666,0.0962199312714776,0.1391752577319587,0.1542416452442159,0.0952380952380952,0
1798,0.0,0,1,0.8041237113402061,0.5306122448979591,0.2222222222222222,0.01,0.5532646048109966,0.6082474226804123,0.7172236503856042,0.5918367346938775,0
1799,0.4,0,1,0.3711340206185567,0.3622448979591837,0.7777777777777777,0.445,0.0824742268041237,0.134020618556701,0.2622107969151671,0.2040816326530612,1
1800,0.4,0,1,0.958762886597938,0.9311224489795916,0.2222222222222222,0.3216666666666667,0.8281786941580755,0.711340206185567,0.8174807197943446,0.4217687074829932,0
1801,0.4,1,0,0.9381443298969072,0.5331632653061223,0.0,0.3483333333333334,0.0962199312714776,0.134020618556701,0.9125964010282775,0.4489795918367347,0
1802,0.8,1,0,0.4639175257731959,0.4260204081632653,0.1111111111111111,0.1066666666666666,0.0996563573883161,0.2371134020618556,0.4755784061696658,0.4217687074829932,1
1803,1.0,0,0,0.5979381443298969,0.6045918367346939,1.0,0.5650000000000002,0.0103092783505154,0.3762886597938144,0.3804627249357326,0.4489795918367347,1
1804,0.4,1,1,0.5463917525773195,0.5459183673469387,0.0,0.015,0.4054982817869416,0.0515463917525773,0.5475578406169667,0.5170068027210885,1
1805,0.0,0,1,0.4536082474226804,0.3698979591836734,0.2222222222222222,0.2216666666666666,0.415807560137457,0.2371134020618556,0.2776349614395886,0.4557823129251701,0
1806,1.0,0,0,1.0,0.8494897959183673,1.0,0.4666666666666667,0.2405498281786941,0.5567010309278351,0.9537275064267352,1.0,1
1807,0.2,1,1,0.6185567010309277,0.4056122448979591,0.1111111111111111,0.9800000000000002,0.0,0.6185567010309279,0.6169665809768639,0.272108843537415,1
1808,0.8,0,1,0.0206185567010309,0.0204081632653061,0.2222222222222222,0.5733333333333335,0.0343642611683848,0.0154639175257731,0.0334190231362467,0.0272108843537415,1
1809,0.2,0,1,0.7835051546391752,0.5586734693877551,0.4444444444444445,0.7716666666666667,0.3848797250859106,0.0721649484536082,0.686375321336761,0.3333333333333333,1
1810,0.0,1,1,0.2783505154639175,0.2678571428571428,1.0,0.6566666666666667,0.2199312714776632,0.0103092783505154,0.2647814910025707,0.1428571428571428,1
1811,0.6000000000000001,0,0,0.0309278350515463,0.0229591836734693,0.2222222222222222,0.7616666666666667,0.0446735395189003,0.0051546391752577,0.0231362467866323,0.0408163265306122,1
1812,0.0,0,0,0.2371134020618556,0.1683673469387755,0.5555555555555556,0.285,0.2439862542955326,0.2061855670103092,0.1259640102827763,0.1020408163265306,0
1813,1.0,0,0,0.9072164948453608,0.8903061224489796,0.0,0.2283333333333334,0.6323024054982818,0.9175257731958762,0.4627249357326478,0.7074829931972789,1
1814,0.8,0,1,0.5154639175257731,0.2831632653061224,0.4444444444444445,0.1766666666666667,0.5051546391752577,0.1030927835051546,0.3264781491002571,0.2993197278911564,0
1815,1.0,0,0,0.5979381443298969,0.4948979591836734,1.0,0.1266666666666667,0.5051546391752577,0.5515463917525774,0.4318766066838046,0.3741496598639456,0
1816,0.2,1,0,0.5051546391752577,0.3443877551020408,0.6666666666666665,0.0833333333333333,0.2130584192439862,0.1134020618556701,0.3161953727506427,0.2448979591836735,0
1817,1.0,0,1,0.8041237113402061,0.5663265306122448,1.0,0.8066666666666666,0.2611683848797251,0.3762886597938144,0.660668380462725,0.7346938775510204,1
1818,0.8,1,1,0.9278350515463916,0.6403061224489796,0.6666666666666665,0.7750000000000001,0.7285223367697594,0.3402061855670103,0.6375321336760926,0.380952380952381,1
1819,0.8,0,0,0.9896907216494844,0.8137755102040816,0.8888888888888888,0.4883333333333334,0.3264604810996563,0.0206185567010309,0.866323907455013,0.9727891156462586,1
1820,0.6000000000000001,1,1,0.7628865979381443,0.7576530612244897,0.4444444444444445,0.0733333333333333,0.6529209621993127,0.7061855670103092,0.7017994858611826,0.7551020408163266,0
1821,0.2,1,0,0.5051546391752577,0.2933673469387755,0.5555555555555556,0.0233333333333333,0.5051546391752577,0.3917525773195876,0.3110539845758355,0.3333333333333333,0
1822,0.8,1,1,0.134020618556701,0.0765306122448979,0.7777777777777777,0.1366666666666667,0.0068728522336769,0.1237113402061855,0.0745501285347043,0.0748299319727891,0
1823,0.4,0,1,0.6185567010309277,0.413265306122449,0.1111111111111111,0.3500000000000001,0.4845360824742268,0.2422680412371134,0.4601542416452442,0.4285714285714286,0
1824,0.4,1,1,0.6288659793814433,0.6198979591836734,0.3333333333333333,0.2733333333333334,0.2646048109965636,0.1134020618556701,0.3264781491002571,0.4693877551020408,0
1825,0.2,1,1,0.5463917525773195,0.3724489795918367,0.0,0.1716666666666667,0.2542955326460481,0.4587628865979381,0.4987146529562982,0.2789115646258503,0
1826,0.6000000000000001,0,0,0.8144329896907216,0.7678571428571428,0.5555555555555556,0.51,0.0309278350515463,0.056701030927835,0.8123393316195373,0.7891156462585035,1
1827,0.2,1,0,0.6288659793814433,0.5535714285714285,1.0,0.5766666666666667,0.3264604810996563,0.4072164948453608,0.3393316195372751,0.3741496598639456,1
1828,0.2,1,0,0.0927835051546391,0.0841836734693877,1.0,0.325,0.0549828178694158,0.056701030927835,0.0719794344473007,0.0340136054421768,0
1829,0.6000000000000001,0,1,0.7216494845360825,0.5433673469387754,0.0,0.5433333333333334,0.3642611683848797,0.0824742268041237,0.6838046272493574,0.2517006802721088,1
1830,0.2,0,1,0.288659793814433,0.1454081632653061,0.7777777777777777,0.3633333333333334,0.1305841924398625,0.0876288659793814,0.2904884318766066,0.2653061224489796,0
1831,1.0,1,0,0.2577319587628866,0.1862244897959183,0.3333333333333333,0.7433333333333334,0.0309278350515463,0.1134020618556701,0.1773778920308483,0.2312925170068027,1
1832,0.0,0,0,0.4948453608247422,0.4081632653061224,0.5555555555555556,0.7283333333333335,0.0893470790378006,0.1752577319587628,0.2956298200514138,0.2993197278911564,1
1833,0.0,0,0,0.845360824742268,0.5612244897959183,0.6666666666666665,0.1183333333333334,0.2852233676975945,0.190721649484536,0.5655526992287918,0.6190476190476191,0
1834,0.2,1,0,0.7731958762886597,0.6887755102040816,0.3333333333333333,0.3483333333333334,0.3470790378006873,0.1134020618556701,0.5115681233933163,0.7346938775510204,0
1835,0.2,1,0,0.4639175257731959,0.3494897959183674,0.0,0.185,0.1580756013745704,0.2628865979381443,0.2647814910025707,0.2517006802721088,0
1836,0.4,0,0,0.422680412371134,0.2933673469387755,1.0,0.6683333333333334,0.3986254295532646,0.2371134020618556,0.3573264781491002,0.2244897959183673,1
1837,1.0,0,0,0.2371134020618556,0.2168367346938775,0.4444444444444445,0.7816666666666667,0.127147766323024,0.0824742268041237,0.2030848329048843,0.1836734693877551,1
1838,1.0,0,1,0.4329896907216495,0.3112244897959184,0.2222222222222222,0.7333333333333334,0.281786941580756,0.1185567010309278,0.2467866323907455,0.3673469387755102,1
1839,1.0,0,0,0.5670103092783505,0.288265306122449,0.1111111111111111,0.9866666666666668,0.3505154639175257,0.3144329896907216,0.5012853470437019,0.5034013605442177,1
1840,0.4,0,0,0.5257731958762886,0.3265306122448979,0.6666666666666665,0.195,0.1683848797250859,0.3195876288659793,0.4601542416452442,0.4625850340136054,0
1841,1.0,1,0,0.4536082474226804,0.3596938775510204,0.2222222222222222,0.8083333333333333,0.2233676975945017,0.3247422680412371,0.3701799485861182,0.4217687074829932,1
1842,0.6000000000000001,0,0,0.0206185567010309,0.0204081632653061,0.7777777777777777,0.3400000000000001,0.0068728522336769,0.0206185567010309,0.0128534704370179,0.0272108843537415,0
1843,0.0,0,0,0.1958762886597938,0.1428571428571428,0.6666666666666665,0.17,0.1512027491408934,0.0,0.1156812339331619,0.0680272108843537,0
1844,0.4,1,1,0.1030927835051546,0.0816326530612245,0.7777777777777777,0.4,0.1065292096219931,0.0927835051546391,0.0822622107969151,0.054421768707483,0
1845,0.4,1,1,0.8041237113402061,0.7168367346938774,0.4444444444444445,0.5116666666666667,0.3917525773195876,0.1958762886597938,0.737789203084833,0.7891156462585035,1
1846,0.2,1,1,0.4948453608247422,0.4872448979591837,0.4444444444444445,0.1833333333333333,0.3986254295532646,0.3195876288659793,0.2930591259640103,0.3061224489795918,0
1847,0.0,0,0,0.8556701030927835,0.4311224489795918,0.5555555555555556,0.54,0.2233676975945017,0.4329896907216495,0.4704370179948586,0.3469387755102041,1
1848,0.8,1,0,0.4536082474226804,0.4158163265306122,0.7777777777777777,0.8416666666666668,0.1649484536082474,0.4123711340206185,0.2879177377892031,0.1904761904761905,1
1849,0.4,1,0,0.4536082474226804,0.4030612244897959,0.8888888888888888,0.6816666666666666,0.2439862542955326,0.4639175257731958,0.3470437017994858,0.3673469387755102,1
1850,0.4,0,1,0.8556701030927835,0.7806122448979591,0.6666666666666665,0.3516666666666667,0.8006872852233676,0.2268041237113402,0.5552699228791774,0.3741496598639456,0
1851,0.2,1,1,0.7835051546391752,0.6326530612244897,0.8888888888888888,0.7766666666666668,0.2371134020618556,0.3711340206185567,0.4190231362467866,0.6938775510204083,1
1852,0.6000000000000001,0,1,0.1237113402061855,0.0892857142857142,0.7777777777777777,0.2516666666666667,0.1065292096219931,0.0670103092783505,0.1028277634961439,0.0884353741496598,0
1853,0.2,0,1,0.3608247422680412,0.2525510204081633,0.1111111111111111,0.245,0.0103092783505154,0.1030927835051546,0.365038560411311,0.217687074829932,0
1854,0.6000000000000001,0,1,0.0824742268041237,0.0561224489795918,0.8888888888888888,0.7716666666666667,0.0137457044673539,0.056701030927835,0.0462724935732647,0.0952380952380952,1
1855,1.0,0,0,0.0721649484536082,0.0714285714285714,1.0,0.8900000000000001,0.0343642611683848,0.0463917525773195,0.0462724935732647,0.0884353741496598,1
1856,0.4,1,0,0.556701030927835,0.4897959183673469,0.3333333333333333,0.215,0.2096219931271477,0.1134020618556701,0.5347043701799487,0.489795918367347,0
1857,0.8,0,0,0.3092783505154639,0.2627551020408163,0.7777777777777777,0.655,0.268041237113402,0.2525773195876288,0.2596401028277635,0.1224489795918367,1
1858,0.2,1,0,0.2783505154639175,0.2755102040816327,1.0,0.2966666666666667,0.1443298969072164,0.1494845360824742,0.2107969151670951,0.2040816326530612,0
1859,0.4,1,1,0.0103092783505154,0.0127551020408163,0.4444444444444445,0.7533333333333334,0.0206185567010309,0.0154639175257731,0.0179948586118251,0.0272108843537415,1
1860,0.0,1,1,0.2268041237113401,0.1428571428571428,0.6666666666666665,0.0316666666666667,0.0687285223367697,0.2164948453608247,0.2365038560411311,0.2244897959183673,0
1861,0.6000000000000001,1,0,0.4948453608247422,0.4413265306122449,0.3333333333333333,0.005,0.2164948453608247,0.4948453608247422,0.3213367609254499,0.4693877551020408,0
1862,0.6000000000000001,0,1,0.4948453608247422,0.4183673469387755,1.0,0.2,0.0378006872852233,0.2577319587628865,0.4730077120822622,0.4693877551020408,0
1863,0.4,0,1,0.0,0.0076530612244897,0.3333333333333333,0.42,0.0137457044673539,0.0103092783505154,0.0102827763496143,0.0136054421768707,1
1864,0.6000000000000001,0,1,0.5979381443298969,0.4005102040816326,0.5555555555555556,0.51,0.0893470790378006,0.5979381443298969,0.4884318766066838,0.5306122448979592,1
1865,0.4,0,0,0.556701030927835,0.3418367346938775,0.0,0.43,0.2577319587628865,0.479381443298969,0.3033419023136247,0.4557823129251701,1
1866,0.2,0,0,0.4432989690721649,0.3086734693877551,0.2222222222222222,0.3400000000000001,0.4123711340206185,0.1649484536082474,0.3290488431876606,0.1496598639455782,0
1867,1.0,0,1,0.0,0.0,0.3333333333333333,0.1866666666666667,0.0,0.0051546391752577,0.0051413881748071,0.0068027210884353,0
1868,0.8,0,1,0.6185567010309277,0.4591836734693877,0.1111111111111111,1.0,0.5807560137457044,0.1752577319587628,0.3856041131105398,0.435374149659864,1
1869,0.8,0,1,0.9896907216494844,0.5994897959183673,0.3333333333333333,0.5566666666666666,0.4398625429553264,0.479381443298969,0.9588688946015425,0.4149659863945578,1
1870,1.0,1,1,0.3814432989690722,0.221938775510204,0.3333333333333333,0.0666666666666666,0.1683848797250859,0.3505154639175257,0.2236503856041131,0.3537414965986394,0
1871,0.6000000000000001,0,1,0.8350515463917525,0.5255102040816326,0.1111111111111111,0.5250000000000001,0.1512027491408934,0.0103092783505154,0.480719794344473,0.653061224489796,1
1872,0.4,1,1,0.4845360824742268,0.3035714285714285,0.8888888888888888,0.0883333333333333,0.2405498281786941,0.0103092783505154,0.3624678663239074,0.2448979591836735,0
1873,0.8,1,1,0.6907216494845361,0.4081632653061224,0.3333333333333333,0.51,0.1993127147766323,0.0463917525773195,0.6015424164524422,0.2448979591836735,1
1874,0.4,0,0,0.4432989690721649,0.3622448979591837,0.8888888888888888,0.33,0.2714776632302405,0.0103092783505154,0.3393316195372751,0.326530612244898,0
1875,0.8,0,0,0.7525773195876289,0.5510204081632653,0.0,0.4750000000000001,0.2336769759450171,0.6288659793814433,0.699228791773779,0.5510204081632654,1
1876,0.2,0,1,0.2164948453608247,0.1556122448979591,0.3333333333333333,0.4633333333333334,0.1237113402061855,0.0927835051546391,0.1722365038560411,0.2040816326530612,1
1877,0.2,1,0,0.7422680412371133,0.3877551020408163,0.0,0.655,0.1030927835051546,0.6597938144329897,0.5526992287917738,0.6326530612244898,1
1878,0.8,1,0,0.4742268041237113,0.3571428571428571,0.2222222222222222,0.8250000000000002,0.2027491408934708,0.0,0.2776349614395886,0.1768707482993197,1
1879,0.2,1,0,0.2474226804123711,0.2448979591836734,0.2222222222222222,0.4900000000000001,0.0996563573883161,0.2216494845360824,0.1645244215938303,0.1700680272108843,1
1880,0.6000000000000001,0,1,0.2577319587628866,0.2627551020408163,0.3333333333333333,0.9000000000000001,0.0171821305841924,0.1546391752577319,0.2236503856041131,0.1292517006802721,1
1881,0.6000000000000001,0,0,0.3608247422680412,0.2704081632653061,0.7777777777777777,0.0016666666666667,0.268041237113402,0.1185567010309278,0.2390745501285347,0.2312925170068027,0
1882,0.8,1,1,0.2474226804123711,0.2321428571428571,0.8888888888888888,0.3016666666666667,0.0927835051546391,0.2268041237113402,0.2133676092544987,0.163265306122449,0
1883,1.0,0,1,0.8865979381443299,0.5816326530612245,0.7777777777777777,0.385,0.7147766323024055,0.134020618556701,0.5604113110539847,0.54421768707483,0
1884,0.4,0,0,0.7525773195876289,0.3852040816326531,0.3333333333333333,0.0533333333333333,0.2852233676975945,0.1597938144329896,0.6015424164524422,0.3673469387755102,0
1885,0.0,1,0,0.4639175257731959,0.4642857142857143,0.1111111111111111,0.3600000000000001,0.0343642611683848,0.4329896907216495,0.2596401028277635,0.4149659863945578,1
1886,0.4,0,0,0.7113402061855669,0.6709183673469387,0.2222222222222222,0.7116666666666667,0.5670103092783505,0.5051546391752577,0.5347043701799487,0.5374149659863946,1
1887,0.6000000000000001,0,1,0.5463917525773195,0.4846938775510204,0.4444444444444445,0.0733333333333333,0.4948453608247422,0.0670103092783505,0.3110539845758355,0.4489795918367347,0
1888,0.4,1,0,0.958762886597938,0.7959183673469387,0.5555555555555556,0.5833333333333335,0.6048109965635738,0.8556701030927835,0.5629820051413882,0.7755102040816327,1
1889,0.6000000000000001,1,1,0.4123711340206186,0.3852040816326531,0.3333333333333333,0.1033333333333333,0.3402061855670103,0.2731958762886597,0.390745501285347,0.380952380952381,0
1890,1.0,1,1,0.6907216494845361,0.4668367346938775,0.8888888888888888,0.0116666666666667,0.120274914089347,0.2474226804123711,0.6426735218508998,0.2857142857142857,0
1891,1.0,1,0,1.0,0.6198979591836734,0.0,0.3833333333333334,0.831615120274914,0.6597938144329897,0.5167095115681235,0.8843537414965987,0
1892,1.0,1,0,0.6701030927835051,0.4438775510204081,0.2222222222222222,0.3033333333333333,0.1099656357388316,0.5360824742268041,0.467866323907455,0.3877551020408163,0
1893,0.0,0,1,0.9381443298969072,0.5586734693877551,0.6666666666666665,0.6683333333333334,0.0206185567010309,0.520618556701031,0.9151670951156812,0.3877551020408163,1
1894,0.4,1,0,0.556701030927835,0.4311224489795918,0.7777777777777777,0.4766666666666667,0.4707903780068728,0.1082474226804123,0.3598971722365038,0.2925170068027211,1
1895,0.0,1,1,0.8144329896907216,0.4413265306122449,0.7777777777777777,0.14,0.5223367697594502,0.6855670103092784,0.8071979434447302,0.6938775510204083,0
1896,0.8,0,0,0.5979381443298969,0.4515306122448979,0.8888888888888888,0.9700000000000002,0.2302405498281786,0.1288659793814432,0.3059125964010282,0.5102040816326531,1
1897,1.0,0,1,0.4123711340206186,0.2780612244897959,0.0,0.7633333333333334,0.1821305841924398,0.3350515463917525,0.2390745501285347,0.2585034013605442,1
1898,1.0,1,0,0.1443298969072164,0.0943877551020408,0.8888888888888888,0.3816666666666667,0.0103092783505154,0.0618556701030927,0.1285347043701799,0.1360544217687075,0
1899,0.6000000000000001,1,1,0.0618556701030927,0.0306122448979591,0.0,0.4816666666666667,0.0515463917525773,0.056701030927835,0.0385604113110539,0.0272108843537415,1
1900,0.2,1,0,0.0309278350515463,0.0255102040816326,0.2222222222222222,0.6166666666666667,0.0343642611683848,0.0257731958762886,0.0282776349614395,0.0476190476190476,1
1901,1.0,0,1,0.422680412371134,0.3520408163265306,0.5555555555555556,0.3866666666666667,0.4329896907216495,0.2938144329896907,0.300771208226221,0.3129251700680272,0
1902,0.0,0,0,0.3917525773195876,0.3112244897959184,0.8888888888888888,0.9466666666666668,0.3780068728522336,0.0412371134020618,0.3624678663239074,0.1564625850340136,1
1903,0.4,0,0,0.2783505154639175,0.1785714285714285,0.0,0.7933333333333334,0.2852233676975945,0.1546391752577319,0.2107969151670951,0.2312925170068027,1
1904,1.0,1,1,0.2164948453608247,0.2244897959183673,0.7777777777777777,0.5733333333333335,0.1374570446735395,0.134020618556701,0.1619537275064267,0.2108843537414966,1
1905,0.0,1,1,0.1649484536082474,0.1454081632653061,0.5555555555555556,0.5966666666666667,0.0996563573883161,0.1185567010309278,0.1079691516709511,0.163265306122449,1
1906,0.2,1,1,0.8762886597938143,0.8571428571428571,0.4444444444444445,0.7766666666666668,0.5601374570446735,0.0360824742268041,0.493573264781491,0.6122448979591837,1
1907,0.6000000000000001,0,0,0.7835051546391752,0.5306122448979591,0.5555555555555556,0.6950000000000001,0.0412371134020618,0.5515463917525774,0.5038560411311055,0.4217687074829932,1
1908,0.4,1,0,0.3092783505154639,0.1530612244897959,0.4444444444444445,0.065,0.0103092783505154,0.2525773195876288,0.1799485861182519,0.1836734693877551,0
1909,0.0,0,0,0.1443298969072164,0.1071428571428571,0.8888888888888888,0.2716666666666667,0.0034364261168384,0.1030927835051546,0.0976863753213367,0.1224489795918367,0
1910,0.8,0,0,0.2268041237113401,0.1785714285714285,0.1111111111111111,0.4,0.0859106529209622,0.0154639175257731,0.1928020565552699,0.1496598639455782,1
1911,0.2,1,0,0.1649484536082474,0.1428571428571428,0.7777777777777777,0.8400000000000001,0.0274914089347079,0.1288659793814432,0.1208226221079691,0.0680272108843537,1
1912,0.2,1,0,0.7525773195876289,0.4005102040816326,0.4444444444444445,0.4016666666666667,0.5601374570446735,0.2319587628865979,0.5681233933161954,0.3469387755102041,0
1913,0.8,0,1,0.6701030927835051,0.461734693877551,0.4444444444444445,0.1183333333333334,0.0652920962199312,0.0721649484536082,0.3958868894601542,0.2993197278911564,0
1914,1.0,1,0,0.5773195876288659,0.3418367346938775,0.2222222222222222,0.1149999999999999,0.3608247422680412,0.1391752577319587,0.3033419023136247,0.2040816326530612,0
1915,0.0,0,0,0.0309278350515463,0.0382653061224489,0.0,0.585,0.0240549828178694,0.0,0.0359897172236503,0.0136054421768707,1
1916,0.0,1,1,0.9484536082474226,0.7755102040816326,0.4444444444444445,0.295,0.5979381443298969,0.0463917525773195,0.699228791773779,0.4217687074829932,0
1917,0.8,0,0,0.1443298969072164,0.1505102040816326,0.8888888888888888,0.4233333333333333,0.1099656357388316,0.0412371134020618,0.1336760925449871,0.0748299319727891,1
1918,0.0,1,1,0.9381443298969072,0.6301020408163265,0.6666666666666665,0.1033333333333333,0.5120274914089347,0.8298969072164948,0.8226221079691517,0.7482993197278912,0
1919,1.0,1,0,0.3608247422680412,0.3494897959183674,0.0,0.2816666666666667,0.1305841924398625,0.0309278350515463,0.1979434447300771,0.1904761904761905,1
1920,0.6000000000000001,0,0,0.0721649484536082,0.0408163265306122,0.5555555555555556,0.4116666666666667,0.0824742268041237,0.0206185567010309,0.0694087403598971,0.0272108843537415,0
1921,0.8,0,0,0.0309278350515463,0.0255102040816326,0.2222222222222222,0.8483333333333334,0.0068728522336769,0.0154639175257731,0.0154241645244215,0.0340136054421768,1
1922,0.2,1,1,0.7835051546391752,0.4056122448979591,0.0,0.0583333333333333,0.1683848797250859,0.4072164948453608,0.7300771208226222,0.435374149659864,0
1923,1.0,0,1,0.5257731958762886,0.3418367346938775,0.8888888888888888,0.6800000000000002,0.2611683848797251,0.0463917525773195,0.4858611825192802,0.4013605442176871,1
1924,0.0,1,0,0.0103092783505154,0.010204081632653,0.7777777777777777,0.7983333333333333,0.0068728522336769,0.0,0.0179948586118251,0.0272108843537415,1
1925,0.0,1,1,0.4948453608247422,0.4999999999999999,0.2222222222222222,0.7466666666666668,0.2852233676975945,0.4381443298969072,0.2827763496143959,0.2040816326530612,1
1926,0.0,1,0,0.7938144329896907,0.721938775510204,0.8888888888888888,0.4016666666666667,0.0137457044673539,0.2010309278350515,0.5655526992287918,0.4557823129251701,0
1927,0.8,1,0,0.5257731958762886,0.3954081632653061,0.0,0.3783333333333334,0.1305841924398625,0.268041237113402,0.4987146529562982,0.2653061224489796,0
1928,0.0,0,1,0.5463917525773195,0.3826530612244898,0.1111111111111111,0.9316666666666668,0.1580756013745704,0.4896907216494845,0.5424164524421594,0.1972789115646258,1
1929,0.0,1,0,0.134020618556701,0.135204081632653,0.8888888888888888,0.5066666666666668,0.0687285223367697,0.1237113402061855,0.1053984575835475,0.1224489795918367,1
1930,1.0,1,0,0.6597938144329897,0.5051020408163265,0.8888888888888888,0.08,0.2371134020618556,0.1288659793814432,0.5706940874035991,0.489795918367347,0
1931,0.8,1,1,0.6185567010309277,0.4056122448979591,1.0,0.7233333333333334,0.3024054982817869,0.2061855670103092,0.3676092544987147,0.2993197278911564,1
1932,0.6000000000000001,1,0,0.6288659793814433,0.4260204081632653,0.7777777777777777,0.1466666666666667,0.4020618556701031,0.1082474226804123,0.4061696658097686,0.217687074829932,0
1933,0.0,1,1,0.3711340206185567,0.1989795918367346,1.0,0.885,0.2233676975945017,0.0876288659793814,0.1902313624678663,0.1360544217687075,1
1934,1.0,0,0,0.0309278350515463,0.0306122448979591,0.2222222222222222,0.2216666666666666,0.0,0.0360824742268041,0.0411311053984575,0.0476190476190476,0
1935,0.4,1,1,0.4948453608247422,0.3979591836734694,0.7777777777777777,0.665,0.3024054982817869,0.3041237113402061,0.4575835475578406,0.489795918367347,1
1936,0.0,0,0,0.4432989690721649,0.4285714285714285,0.3333333333333333,0.005,0.2542955326460481,0.422680412371134,0.4395886889460154,0.2857142857142857,0
1937,0.8,0,0,0.0824742268041237,0.0892857142857142,0.0,0.5183333333333333,0.0584192439862542,0.0927835051546391,0.0565552699228791,0.0408163265306122,1
1938,0.4,1,0,0.1546391752577319,0.086734693877551,1.0,0.43,0.140893470790378,0.0721649484536082,0.1208226221079691,0.1700680272108843,1
1939,0.8,1,1,0.1030927835051546,0.1147959183673469,0.0,0.7533333333333334,0.0962199312714776,0.0463917525773195,0.0694087403598971,0.0408163265306122,1
1940,1.0,0,1,0.8556701030927835,0.6505102040816326,0.6666666666666665,0.81,0.4776632302405498,0.5670103092783505,0.8251928020565553,0.7687074829931974,1
1941,0.0,1,0,0.8659793814432989,0.7321428571428571,0.8888888888888888,0.3016666666666667,0.7285223367697594,0.134020618556701,0.7043701799485862,0.3673469387755102,0
1942,0.4,1,0,0.0206185567010309,0.0255102040816326,0.7777777777777777,0.3450000000000001,0.0068728522336769,0.0103092783505154,0.0308483290488431,0.0204081632653061,0
1943,0.8,1,0,0.8762886597938143,0.4974489795918367,0.6666666666666665,0.6916666666666667,0.4639175257731958,0.6907216494845361,0.8149100257069409,0.5782312925170069,1
1944,0.0,0,0,0.1649484536082474,0.1377551020408163,1.0,0.1533333333333333,0.1305841924398625,0.1237113402061855,0.0822622107969151,0.0952380952380952,0
1945,0.0,1,1,0.4639175257731959,0.4438775510204081,0.7777777777777777,0.9783333333333336,0.0446735395189003,0.2525773195876288,0.3316195372750642,0.4557823129251701,1
1946,0.0,0,0,0.7319587628865979,0.5433673469387754,0.0,0.2983333333333333,0.6151202749140894,0.634020618556701,0.4010282776349614,0.5102040816326531,0
1947,0.4,1,0,0.845360824742268,0.8112244897959183,1.0,0.0466666666666667,0.5601374570446735,0.2371134020618556,0.493573264781491,0.54421768707483,0
1948,0.4,1,1,0.4742268041237113,0.3214285714285714,0.3333333333333333,0.7333333333333334,0.3195876288659793,0.0463917525773195,0.2750642673521851,0.2517006802721088,1
1949,0.4,1,0,0.9278350515463916,0.8647959183673468,0.0,0.26,0.4192439862542955,0.5824742268041236,0.6555269922879178,0.3877551020408163,1
1950,0.2,0,0,0.6185567010309277,0.5306122448979591,0.4444444444444445,0.2783333333333334,0.5360824742268041,0.5412371134020618,0.596401028277635,0.3605442176870748,0
1951,0.0,1,1,0.0,0.010204081632653,0.4444444444444445,0.4783333333333334,0.0,0.0051546391752577,0.0051413881748071,0.0068027210884353,0
1952,0.0,0,1,0.2371134020618556,0.1632653061224489,0.7777777777777777,0.4483333333333333,0.1546391752577319,0.1752577319587628,0.1516709511568123,0.0884353741496598,1
1953,0.6000000000000001,0,1,0.8041237113402061,0.6147959183673468,0.6666666666666665,0.165,0.6563573883161512,0.2783505154639175,0.5218508997429306,0.7891156462585035,0
1954,0.2,0,0,0.4536082474226804,0.3801020408163265,0.1111111111111111,0.4883333333333334,0.4742268041237113,0.1958762886597938,0.2930591259640103,0.2653061224489796,1
1955,0.6000000000000001,0,1,0.4845360824742268,0.3163265306122449,0.3333333333333333,0.1816666666666667,0.0687285223367697,0.1288659793814432,0.4884318766066838,0.3197278911564626,0
1956,0.8,0,0,0.958762886597938,0.5357142857142857,0.8888888888888888,0.0883333333333333,0.7869415807560137,0.1185567010309278,0.5424164524421594,0.7551020408163266,0
1957,1.0,1,1,0.4432989690721649,0.288265306122449,1.0,0.01,0.1649484536082474,0.0979381443298969,0.2982005141388175,0.3877551020408163,0
1958,0.4,1,1,0.5876288659793814,0.3545918367346938,0.5555555555555556,0.3316666666666666,0.3161512027491409,0.5979381443298969,0.5115681233933163,0.2993197278911564,0
1959,0.8,1,0,0.4123711340206186,0.3647959183673469,0.2222222222222222,0.04,0.2164948453608247,0.3041237113402061,0.2930591259640103,0.2040816326530612,0
1960,0.4,0,1,0.3195876288659794,0.2806122448979591,0.2222222222222222,0.5783333333333334,0.1752577319587628,0.3092783505154639,0.3213367609254499,0.2993197278911564,1
1961,0.4,1,1,0.4845360824742268,0.3137755102040816,0.0,0.7783333333333333,0.0378006872852233,0.3814432989690721,0.3264781491002571,0.2585034013605442,1
1962,0.8,0,0,0.5257731958762886,0.2653061224489796,0.5555555555555556,0.8683333333333334,0.5292096219931272,0.5257731958762887,0.4447300771208226,0.1768707482993197,1
1963,0.8,0,0,0.7216494845360825,0.4438775510204081,0.2222222222222222,0.0633333333333333,0.3402061855670103,0.479381443298969,0.7069408740359898,0.489795918367347,0
1964,0.0,1,0,0.845360824742268,0.6122448979591836,0.1111111111111111,0.8083333333333333,0.40893470790378,0.520618556701031,0.6760925449871465,0.5782312925170069,1
1965,0.6000000000000001,1,0,0.3711340206185567,0.2933673469387755,0.1111111111111111,0.6566666666666667,0.0,0.0257731958762886,0.2056555269922879,0.3469387755102041,1
1966,0.0,0,0,1.0,0.5612244897959183,1.0,0.5216666666666667,0.9759450171821306,0.4587628865979381,0.5989717223650386,0.3333333333333333,1
1967,0.8,1,1,0.2783505154639175,0.2040816326530612,0.4444444444444445,0.03,0.2989690721649484,0.211340206185567,0.2724935732647814,0.1428571428571428,0
1968,0.6000000000000001,0,1,0.5979381443298969,0.4693877551020408,0.8888888888888888,0.8050000000000002,0.0962199312714776,0.4381443298969072,0.5141388174807199,0.5986394557823129,1
1969,0.4,0,0,0.1546391752577319,0.1275510204081632,1.0,0.7683333333333333,0.0859106529209622,0.0257731958762886,0.0874035989717223,0.0816326530612245,1
1970,0.8,1,1,0.5257731958762886,0.298469387755102,0.4444444444444445,0.0483333333333333,0.5257731958762887,0.479381443298969,0.4370179948586118,0.4149659863945578,0
1971,1.0,0,1,0.7525773195876289,0.375,0.6666666666666665,0.6016666666666668,0.415807560137457,0.2989690721649484,0.7609254498714654,0.2993197278911564,1
1972,0.8,0,0,0.0206185567010309,0.0153061224489795,0.8888888888888888,0.065,0.0240549828178694,0.0103092783505154,0.0128534704370179,0.0136054421768707,0
1973,0.2,1,1,0.8350515463917525,0.4438775510204081,0.4444444444444445,0.6216666666666668,0.8144329896907216,0.2731958762886597,0.7300771208226222,0.2857142857142857,1
1974,0.6000000000000001,1,0,0.4432989690721649,0.423469387755102,0.8888888888888888,0.7466666666666668,0.2920962199312715,0.3711340206185567,0.3804627249357326,0.4489795918367347,1
1975,0.6000000000000001,1,0,0.4536082474226804,0.2474489795918367,0.1111111111111111,0.6700000000000002,0.2336769759450171,0.0773195876288659,0.4061696658097686,0.3061224489795918,1
1976,0.8,0,0,0.4639175257731959,0.2551020408163265,0.5555555555555556,0.6833333333333333,0.2577319587628865,0.3969072164948453,0.4267352185089974,0.4489795918367347,1
1977,0.0,1,1,0.0721649484536082,0.0816326530612245,0.2222222222222222,0.0516666666666667,0.0824742268041237,0.0721649484536082,0.0822622107969151,0.0748299319727891,0
1978,0.2,0,0,0.2268041237113401,0.1862244897959183,0.5555555555555556,0.12,0.1958762886597938,0.2268041237113402,0.1619537275064267,0.0952380952380952,0
1979,0.0,0,1,0.3814432989690722,0.2372448979591836,0.4444444444444445,0.8050000000000002,0.3402061855670103,0.1082474226804123,0.2724935732647814,0.2653061224489796,1
1980,0.0,1,0,0.8350515463917525,0.7933673469387754,0.8888888888888888,0.43,0.4570446735395189,0.1494845360824742,0.6580976863753214,0.4285714285714286,1
1981,0.8,1,1,0.4639175257731959,0.3239795918367347,0.2222222222222222,0.42,0.1924398625429553,0.4278350515463917,0.2982005141388175,0.163265306122449,1
1982,0.8,0,0,0.3814432989690722,0.2627551020408163,1.0,0.4066666666666667,0.140893470790378,0.1597938144329896,0.2724935732647814,0.3333333333333333,0
1983,0.4,0,0,0.0206185567010309,0.0178571428571428,0.2222222222222222,0.2083333333333333,0.0274914089347079,0.0154639175257731,0.0128534704370179,0.0136054421768707,0
1984,0.4,0,1,0.1546391752577319,0.1224489795918367,0.8888888888888888,0.035,0.0687285223367697,0.1443298969072164,0.1233933161953727,0.1020408163265306,0
1985,0.4,1,1,0.6082474226804123,0.3877551020408163,0.3333333333333333,0.7633333333333334,0.3058419243986254,0.2061855670103092,0.3341902313624678,0.489795918367347,1
1986,1.0,1,1,0.7319587628865979,0.4923469387755102,0.4444444444444445,0.1216666666666667,0.3573883161512027,0.2422680412371134,0.493573264781491,0.7210884353741497,0
1987,0.6000000000000001,0,1,0.0103092783505154,0.0051020408163265,0.2222222222222222,0.9600000000000002,0.0103092783505154,0.0051546391752577,0.0205655526992287,0.0204081632653061,1
1988,0.4,0,0,0.422680412371134,0.3622448979591837,0.4444444444444445,0.4900000000000001,0.3917525773195876,0.0360824742268041,0.352185089974293,0.3605442176870748,1
1989,0.6000000000000001,0,0,0.7010309278350515,0.461734693877551,0.8888888888888888,0.895,0.0962199312714776,0.4072164948453608,0.3881748071979434,0.3877551020408163,1
1990,0.0,0,1,0.4845360824742268,0.413265306122449,0.1111111111111111,0.5,0.3814432989690721,0.1134020618556701,0.300771208226221,0.4421768707482993,1
1991,0.8,1,0,0.6185567010309277,0.3086734693877551,1.0,0.4116666666666667,0.4879725085910653,0.5567010309278351,0.4344473007712082,0.54421768707483,0
1992,0.2,0,0,0.4020618556701031,0.3954081632653061,0.5555555555555556,0.2183333333333333,0.3333333333333333,0.3762886597938144,0.3830334190231362,0.3877551020408163,0
1993,0.0,0,1,0.7319587628865979,0.568877551020408,0.5555555555555556,0.9183333333333334,0.1134020618556701,0.1752577319587628,0.6298200514138819,0.3605442176870748,1
1994,0.8,0,1,0.9278350515463916,0.7091836734693877,0.5555555555555556,0.7666666666666668,0.7972508591065292,0.5,0.5655526992287918,0.8775510204081634,1
1995,0.0,0,0,0.0618556701030927,0.0535714285714285,0.0,0.6933333333333334,0.0240549828178694,0.0618556701030927,0.0719794344473007,0.0272108843537415,1
1996,0.8,0,0,0.2783505154639175,0.2780612244897959,0.4444444444444445,0.74,0.2268041237113402,0.2061855670103092,0.1799485861182519,0.108843537414966,1
1997,0.6000000000000001,0,0,0.8144329896907216,0.5433673469387754,0.1111111111111111,0.7333333333333334,0.7697594501718212,0.190721649484536,0.4267352185089974,0.6734693877551021,1
1998,0.0,1,0,0.9381443298969072,0.510204081632653,0.6666666666666665,0.7650000000000001,0.9278350515463916,0.5979381443298969,0.673521850899743,0.7414965986394558,1
1999,0.8,1,1,0.9278350515463916,0.7423469387755102,0.6666666666666665,0.3616666666666667,0.1683848797250859,0.0,0.853470437017995,0.6870748299319729,0
2000,0.6000000000000001,0,1,0.2989690721649484,0.1530612244897959,0.8888888888888888,0.9916666666666668,0.0790378006872852,0.1752577319587628,0.2622107969151671,0.2857142857142857,1
2001,0.6000000000000001,0,1,0.7010309278350515,0.3852040816326531,1.0,0.025,0.6838487972508591,0.3917525773195876,0.4138817480719794,0.4013605442176871,0
2002,0.8,0,0,0.3814432989690722,0.2168367346938775,0.6666666666666665,0.3783333333333334,0.1580756013745704,0.2525773195876288,0.3753213367609254,0.2108843537414966,0
2003,0.6000000000000001,1,0,0.5463917525773195,0.4974489795918367,0.6666666666666665,0.9216666666666667,0.2508591065292096,0.1546391752577319,0.390745501285347,0.2108843537414966,1
2004,0.0,1,0,0.6597938144329897,0.3418367346938775,1.0,0.7450000000000001,0.1237113402061855,0.1237113402061855,0.6066838046272495,0.4081632653061224,1
2005,0.4,0,0,1.0,0.798469387755102,0.7777777777777777,0.9866666666666668,0.1443298969072164,0.9020618556701032,0.7994858611825193,0.8639455782312926,1
2006,0.8,1,1,0.6597938144329897,0.5153061224489796,0.3333333333333333,0.9266666666666667,0.6460481099656358,0.2783505154639175,0.3804627249357326,0.6394557823129252,1
2007,0.6000000000000001,1,0,0.8659793814432989,0.5943877551020408,0.1111111111111111,0.04,0.4742268041237113,0.1958762886597938,0.724935732647815,0.2925170068027211,0
2008,1.0,1,0,0.7938144329896907,0.721938775510204,0.5555555555555556,0.8533333333333335,0.415807560137457,0.7422680412371134,0.763496143958869,0.7959183673469389,1
2009,1.0,1,1,0.6804123711340205,0.568877551020408,0.0,0.8400000000000001,0.120274914089347,0.6443298969072164,0.4601542416452442,0.6734693877551021,1
2010,0.8,1,0,0.0515463917525773,0.0382653061224489,0.3333333333333333,0.9566666666666668,0.0549828178694158,0.0515463917525773,0.0257069408740359,0.0204081632653061,1
2011,0.4,0,1,0.3711340206185567,0.2474489795918367,0.5555555555555556,0.3600000000000001,0.0824742268041237,0.2164948453608247,0.3573264781491002,0.3469387755102041,0
2012,1.0,1,1,0.6907216494845361,0.4591836734693877,0.1111111111111111,0.17,0.4329896907216495,0.6752577319587628,0.5886889460154242,0.4149659863945578,0
2013,0.2,1,1,0.3608247422680412,0.3086734693877551,0.5555555555555556,0.05,0.1168384879725085,0.0515463917525773,0.2596401028277635,0.1904761904761905,0
2014,0.2,1,0,0.7938144329896907,0.6045918367346939,0.5555555555555556,0.945,0.70446735395189,0.5154639175257731,0.7814910025706941,0.6394557823129252,1
2015,0.8,1,1,0.8865979381443299,0.8647959183673468,0.7777777777777777,0.9066666666666668,0.6426116838487972,0.5670103092783505,0.5244215938303343,0.7278911564625851,1
2016,1.0,0,1,0.3195876288659794,0.1913265306122449,0.3333333333333333,0.0166666666666667,0.1030927835051546,0.2010309278350515,0.2056555269922879,0.2857142857142857,0
2017,0.8,0,0,0.5773195876288659,0.3545918367346938,1.0,0.3916666666666667,0.3505154639175257,0.2061855670103092,0.5347043701799487,0.2312925170068027,0
2018,0.2,1,1,0.7422680412371133,0.7448979591836734,0.7777777777777777,0.0383333333333333,0.3436426116838488,0.2268041237113402,0.7480719794344474,0.5510204081632654,0
2019,0.2,1,0,0.8247422680412371,0.645408163265306,0.1111111111111111,0.6433333333333333,0.0687285223367697,0.3041237113402061,0.4370179948586118,0.2993197278911564,1
2020,0.0,0,1,0.3195876288659794,0.2372448979591836,0.3333333333333333,0.275,0.2096219931271477,0.0360824742268041,0.2416452442159383,0.1360544217687075,0
2021,0.8,1,1,0.5257731958762886,0.2653061224489796,0.5555555555555556,0.4116666666666667,0.0343642611683848,0.5257731958762887,0.2904884318766066,0.3877551020408163,0
2022,0.2,0,0,0.5670103092783505,0.4795918367346938,0.5555555555555556,0.5816666666666668,0.3230240549828179,0.5257731958762887,0.4138817480719794,0.3061224489795918,1
2023,0.4,0,0,0.9072164948453608,0.7831632653061223,0.6666666666666665,0.6166666666666667,0.7319587628865979,0.2783505154639175,0.7917737789203085,0.8775510204081634,1
2024,0.6000000000000001,1,0,0.5876288659793814,0.3596938775510204,0.4444444444444445,0.18,0.0824742268041237,0.2628865979381443,0.5835475578406171,0.2517006802721088,0
2025,0.4,0,0,0.5360824742268041,0.2959183673469387,0.2222222222222222,0.005,0.5154639175257731,0.4742268041237113,0.3881748071979434,0.4693877551020408,0
2026,0.0,1,0,0.9896907216494844,0.8801020408163265,0.6666666666666665,0.3283333333333333,0.1030927835051546,0.1134020618556701,0.6041131105398458,0.653061224489796,0
2027,0.8,1,1,0.9896907216494844,0.8622448979591836,0.6666666666666665,0.7333333333333334,0.2233676975945017,0.8711340206185567,0.6889460154241646,0.3469387755102041,1
2028,0.8,0,1,0.3711340206185567,0.2015306122448979,0.1111111111111111,0.015,0.3745704467353952,0.2010309278350515,0.2544987146529563,0.2244897959183673,0
2029,0.0,0,0,0.958762886597938,0.6147959183673468,0.6666666666666665,0.7816666666666667,0.4948453608247422,0.1237113402061855,0.7840616966580978,0.9659863945578232,1
2030,0.6000000000000001,1,1,0.2371134020618556,0.173469387755102,0.2222222222222222,0.2,0.1305841924398625,0.1701030927835051,0.2159383033419023,0.2040816326530612,0
2031,0.2,1,0,0.1752577319587628,0.1454081632653061,1.0,0.4,0.0378006872852233,0.0721649484536082,0.1028277634961439,0.0884353741496598,0
2032,1.0,1,1,0.4329896907216495,0.2627551020408163,1.0,0.8433333333333335,0.3333333333333333,0.1855670103092783,0.2699228791773779,0.1700680272108843,1
2033,0.8,1,1,0.1237113402061855,0.0663265306122449,0.2222222222222222,0.7050000000000001,0.1305841924398625,0.0,0.1131105398457583,0.108843537414966,1
2034,1.0,0,1,0.3092783505154639,0.2933673469387755,0.7777777777777777,0.4416666666666667,0.2783505154639175,0.1391752577319587,0.2287917737789203,0.1224489795918367,1
2035,0.2,1,1,0.2989690721649484,0.2270408163265306,0.7777777777777777,0.1233333333333334,0.0824742268041237,0.1804123711340206,0.1748071979434447,0.2380952380952381,0
2036,0.8,1,0,0.4432989690721649,0.2448979591836734,0.4444444444444445,0.3483333333333334,0.3814432989690721,0.1597938144329896,0.3059125964010282,0.1836734693877551,0
2037,0.6000000000000001,0,1,0.9381443298969072,0.5918367346938774,0.7777777777777777,0.7133333333333334,0.120274914089347,0.5103092783505154,0.6940874035989718,0.6666666666666667,1
2038,0.4,1,0,0.6907216494845361,0.4566326530612244,1.0,0.16,0.5360824742268041,0.2216494845360824,0.5809768637532134,0.3673469387755102,0
2039,0.0,0,1,0.3814432989690722,0.211734693877551,0.0,0.6116666666666668,0.1477663230240549,0.3402061855670103,0.3393316195372751,0.1360544217687075,1
2040,1.0,0,0,0.3092783505154639,0.1811224489795918,0.5555555555555556,0.4716666666666667,0.3230240549828179,0.2835051546391752,0.2647814910025707,0.2448979591836735,1
2041,0.2,0,1,0.556701030927835,0.5306122448979591,0.4444444444444445,0.265,0.3333333333333333,0.0721649484536082,0.3496143958868895,0.5510204081632654,0
2042,0.8,0,1,0.3608247422680412,0.2959183673469387,0.8888888888888888,0.5583333333333333,0.2096219931271477,0.3298969072164948,0.2802056555269923,0.3197278911564626,1
2043,0.6000000000000001,0,0,0.845360824742268,0.6862244897959183,0.5555555555555556,0.5066666666666668,0.7353951890034364,0.4536082474226804,0.6015424164524422,0.3197278911564626,1
2044,0.0,0,1,0.4123711340206186,0.2193877551020407,0.6666666666666665,0.8266666666666667,0.1030927835051546,0.0824742268041237,0.3341902313624678,0.326530612244898,1
2045,0.8,1,0,0.3711340206185567,0.2091836734693877,0.4444444444444445,0.1933333333333333,0.2130584192439862,0.2474226804123711,0.3753213367609254,0.2789115646258503,0
2046,0.6000000000000001,1,0,0.3092783505154639,0.2015306122448979,0.3333333333333333,0.0183333333333333,0.1683848797250859,0.2886597938144329,0.2673521850899742,0.108843537414966,0
2047,0.2,1,0,0.979381443298969,0.8571428571428571,0.4444444444444445,0.8883333333333334,0.845360824742268,0.8350515463917526,0.7197943444730078,0.4489795918367347,1
2048,0.2,0,1,0.422680412371134,0.2321428571428571,0.2222222222222222,0.405,0.2542955326460481,0.268041237113402,0.3727506426735218,0.2857142857142857,0
2049,1.0,1,1,0.8144329896907216,0.510204081632653,0.8888888888888888,0.7516666666666667,0.0549828178694158,0.4072164948453608,0.8071979434447302,0.5034013605442177,1
2050,1.0,0,1,0.9484536082474226,0.5841836734693877,0.6666666666666665,0.975,0.5807560137457044,0.0618556701030927,0.8894601542416454,0.3197278911564626,1
2051,0.8,0,1,0.8144329896907216,0.4872448979591837,0.2222222222222222,0.0766666666666666,0.268041237113402,0.479381443298969,0.7455012853470437,0.3061224489795918,0
2052,0.8,1,0,0.6494845360824741,0.3622448979591837,0.1111111111111111,0.4800000000000001,0.3539518900343642,0.4896907216494845,0.5784061696658098,0.435374149659864,1
2053,0.4,1,0,0.9484536082474226,0.5816326530612245,0.1111111111111111,0.3133333333333333,0.6907216494845361,0.1804123711340206,0.7275064267352186,0.7414965986394558,0
2054,0.2,0,1,0.2474226804123711,0.1607142857142857,1.0,0.7750000000000001,0.0721649484536082,0.0103092783505154,0.1259640102827763,0.0884353741496598,1
2055,0.6000000000000001,0,1,0.8041237113402061,0.645408163265306,0.2222222222222222,0.0616666666666666,0.3024054982817869,0.0257731958762886,0.4781491002570694,0.6666666666666667,0
2056,0.2,1,0,0.4639175257731959,0.2295918367346938,0.3333333333333333,0.3583333333333334,0.0343642611683848,0.2422680412371134,0.3676092544987147,0.3877551020408163,0
2057,0.4,1,1,0.7628865979381443,0.5612244897959183,0.5555555555555556,0.425,0.0721649484536082,0.711340206185567,0.4473007712082262,0.4829931972789116,1
2058,0.2,1,1,0.6804123711340205,0.6862244897959183,0.0,0.6700000000000002,0.1580756013745704,0.1237113402061855,0.6889460154241646,0.4285714285714286,1
2059,0.4,0,1,0.6597938144329897,0.4260204081632653,0.0,0.2616666666666667,0.0034364261168384,0.0927835051546391,0.5912596401028278,0.4557823129251701,0
2060,0.4,1,0,0.8247422680412371,0.6862244897959183,0.4444444444444445,0.2083333333333333,0.3917525773195876,0.2525773195876288,0.7455012853470437,0.3061224489795918,0
2061,0.2,1,1,0.4329896907216495,0.3061224489795918,0.2222222222222222,0.4716666666666667,0.0824742268041237,0.4072164948453608,0.4344473007712082,0.4489795918367347,1
2062,0.2,0,0,0.8350515463917525,0.7372448979591836,0.2222222222222222,0.9616666666666668,0.4707903780068728,0.5103092783505154,0.8020565552699229,0.6462585034013606,1
2063,0.0,1,0,0.9278350515463916,0.923469387755102,0.6666666666666665,0.3700000000000001,0.3608247422680412,0.2731958762886597,0.5681233933161954,0.8979591836734695,0
2064,1.0,0,1,0.2577319587628866,0.2142857142857142,1.0,0.645,0.0893470790378006,0.0618556701030927,0.2236503856041131,0.0884353741496598,1
2065,0.0,1,0,0.6082474226804123,0.5943877551020408,1.0,0.9266666666666667,0.1134020618556701,0.268041237113402,0.4473007712082262,0.435374149659864,1
2066,0.8,0,1,0.9175257731958762,0.8341836734693877,0.3333333333333333,0.405,0.5395189003436426,0.7422680412371134,0.493573264781491,0.761904761904762,0
2067,1.0,0,1,0.7628865979381443,0.3852040816326531,0.6666666666666665,0.4600000000000001,0.0790378006872852,0.1443298969072164,0.622107969151671,0.3197278911564626,1
2068,0.4,0,0,0.7216494845360825,0.4260204081632653,0.4444444444444445,0.9266666666666667,0.6219931271477663,0.654639175257732,0.3984575835475578,0.4081632653061224,1
2069,0.0,1,1,0.2474226804123711,0.2015306122448979,0.3333333333333333,0.7033333333333334,0.120274914089347,0.2164948453608247,0.1748071979434447,0.217687074829932,1
2070,0.8,1,1,0.6494845360824741,0.5076530612244897,0.5555555555555556,0.5883333333333334,0.6391752577319587,0.0721649484536082,0.6041131105398458,0.435374149659864,1
2071,1.0,1,0,0.8969072164948453,0.8979591836734693,0.7777777777777777,0.3,0.5910652920962199,0.5824742268041236,0.6401028277634963,0.3333333333333333,0
2072,0.4,1,1,0.5360824742268041,0.3571428571428571,0.6666666666666665,0.295,0.3505154639175257,0.0360824742268041,0.2776349614395886,0.3741496598639456,0
2073,0.0,1,0,0.0103092783505154,0.0051020408163265,0.0,0.975,0.0068728522336769,0.0206185567010309,0.0102827763496143,0.0136054421768707,1
2074,0.0,0,0,0.845360824742268,0.4923469387755102,0.8888888888888888,0.3833333333333334,0.584192439862543,0.1855670103092783,0.6143958868894602,0.8367346938775511,0
2075,0.6000000000000001,1,0,0.8350515463917525,0.4311224489795918,0.3333333333333333,0.9500000000000002,0.1615120274914089,0.4536082474226804,0.4627249357326478,0.6802721088435375,1
2076,0.8,0,0,0.1546391752577319,0.135204081632653,0.3333333333333333,0.1583333333333333,0.0927835051546391,0.0412371134020618,0.0822622107969151,0.163265306122449,0
2077,0.4,0,0,0.134020618556701,0.0994897959183673,0.7777777777777777,0.7850000000000001,0.0859106529209622,0.0412371134020618,0.1388174807197943,0.0748299319727891,1
2078,0.2,0,1,0.0,0.0051020408163265,0.0,0.4650000000000001,0.0171821305841924,0.0051546391752577,0.0051413881748071,0.0068027210884353,1
2079,0.2,1,1,0.0824742268041237,0.086734693877551,0.6666666666666665,0.8300000000000001,0.0687285223367697,0.0103092783505154,0.0899742930591259,0.0952380952380952,1
2080,0.6000000000000001,0,1,0.8865979381443299,0.6326530612244897,0.3333333333333333,0.2883333333333333,0.5910652920962199,0.0309278350515463,0.6195372750642674,0.8435374149659864,0
2081,0.0,1,1,0.0824742268041237,0.0739795918367346,0.3333333333333333,0.0066666666666667,0.0171821305841924,0.0309278350515463,0.0874035989717223,0.0476190476190476,0
2082,0.0,0,1,0.8659793814432989,0.5790816326530611,0.6666666666666665,0.6300000000000001,0.6460481099656358,0.845360824742268,0.5809768637532134,0.8163265306122449,1
2083,1.0,1,1,0.2268041237113401,0.2193877551020407,0.0,0.7416666666666667,0.0584192439862542,0.1030927835051546,0.2287917737789203,0.1428571428571428,1
2084,0.2,1,0,0.2268041237113401,0.2193877551020407,0.3333333333333333,0.8916666666666668,0.0824742268041237,0.0618556701030927,0.1336760925449871,0.0748299319727891,1
2085,1.0,0,1,0.5979381443298969,0.3010204081632653,1.0,0.9133333333333332,0.4776632302405498,0.2474226804123711,0.455012853470437,0.2448979591836735,1
2086,1.0,0,0,0.7628865979381443,0.4081632653061224,0.8888888888888888,0.9533333333333334,0.1752577319587628,0.0979381443298969,0.5244215938303343,0.3401360544217687,1
2087,0.6000000000000001,0,0,0.8041237113402061,0.5051020408163265,0.4444444444444445,0.5133333333333334,0.3367697594501718,0.7989690721649484,0.6632390745501286,0.3537414965986394,1
2088,0.0,1,1,0.5360824742268041,0.4897959183673469,0.7777777777777777,0.7633333333333334,0.0893470790378006,0.1391752577319587,0.4627249357326478,0.4081632653061224,1
2089,0.0,0,1,0.1237113402061855,0.086734693877551,0.1111111111111111,0.9016666666666668,0.1030927835051546,0.0515463917525773,0.1105398457583547,0.0680272108843537,1
2090,0.0,0,1,0.0618556701030927,0.058673469387755,0.0,0.53,0.0103092783505154,0.0618556701030927,0.0437017994858611,0.0340136054421768,1
2091,0.8,1,1,0.0103092783505154,0.0204081632653061,0.1111111111111111,0.2616666666666667,0.0240549828178694,0.0051546391752577,0.0205655526992287,0.0272108843537415,1
2092,0.0,1,0,0.4020618556701031,0.3596938775510204,0.1111111111111111,0.9066666666666668,0.0927835051546391,0.3092783505154639,0.2467866323907455,0.2857142857142857,1
2093,0.4,0,0,0.134020618556701,0.0892857142857142,0.1111111111111111,0.7933333333333334,0.0962199312714776,0.0,0.1285347043701799,0.0952380952380952,1
2094,0.2,0,0,0.4536082474226804,0.3469387755102041,0.3333333333333333,0.3666666666666667,0.4570446735395189,0.3298969072164948,0.2442159383033419,0.1496598639455782,0
2095,0.2,1,1,0.3195876288659794,0.183673469387755,0.5555555555555556,0.5800000000000001,0.2199312714776632,0.0876288659793814,0.2159383033419023,0.108843537414966,1
2096,0.8,0,1,0.7938144329896907,0.7933673469387754,0.4444444444444445,0.5900000000000001,0.5670103092783505,0.7835051546391752,0.6452442159383034,0.3401360544217687,1
2097,0.0,0,0,0.8144329896907216,0.6683673469387754,1.0,0.07,0.1993127147766323,0.2886597938144329,0.6015424164524422,0.3945578231292517,0
2098,1.0,0,0,0.0721649484536082,0.0637755102040816,0.7777777777777777,0.8466666666666667,0.0721649484536082,0.0463917525773195,0.0719794344473007,0.054421768707483,1
2099,0.2,1,1,0.4845360824742268,0.3801020408163265,0.4444444444444445,0.215,0.1958762886597938,0.3762886597938144,0.3624678663239074,0.2244897959183673,0
2100,0.6000000000000001,1,1,0.6082474226804123,0.4540816326530612,0.6666666666666665,0.3966666666666667,0.4054982817869416,0.2164948453608247,0.4087403598971722,0.5102040816326531,0
2101,0.6000000000000001,0,0,0.4432989690721649,0.4107142857142857,0.2222222222222222,0.3883333333333334,0.0618556701030927,0.2886597938144329,0.3059125964010282,0.2653061224489796,0
2102,0.4,1,1,0.2783505154639175,0.1785714285714285,0.3333333333333333,0.1566666666666667,0.2646048109965636,0.134020618556701,0.1902313624678663,0.272108843537415,0
2103,0.2,0,0,0.7938144329896907,0.7397959183673468,0.0,0.7850000000000001,0.6048109965635738,0.6597938144329897,0.5167095115681235,0.272108843537415,1
2104,1.0,1,1,0.4020618556701031,0.2499999999999999,0.1111111111111111,0.8200000000000001,0.1512027491408934,0.3144329896907216,0.2133676092544987,0.3333333333333333,1
2105,1.0,0,1,0.7731958762886597,0.3877551020408163,0.3333333333333333,0.1783333333333333,0.2233676975945017,0.4690721649484536,0.6683804627249358,0.3129251700680272,0
2106,0.0,0,0,0.556701030927835,0.4846938775510204,0.8888888888888888,0.4066666666666667,0.2199312714776632,0.1443298969072164,0.5038560411311055,0.435374149659864,0
2107,1.0,1,0,0.9072164948453608,0.4515306122448979,0.8888888888888888,0.3483333333333334,0.845360824742268,0.268041237113402,0.506426735218509,0.4149659863945578,0
2108,0.8,0,1,0.6391752577319587,0.461734693877551,0.7777777777777777,0.0333333333333333,0.6082474226804123,0.1855670103092783,0.3496143958868895,0.5646258503401361,0
2109,0.8,1,0,0.6907216494845361,0.3673469387755102,0.0,0.3266666666666667,0.4123711340206185,0.3608247422680412,0.390745501285347,0.272108843537415,0
2110,0.6000000000000001,0,0,0.9175257731958762,0.6913265306122448,0.8888888888888888,0.5866666666666667,0.2920962199312715,0.3762886597938144,0.8071979434447302,0.4625850340136054,1
2111,0.4,1,1,0.0927835051546391,0.086734693877551,0.0,0.8433333333333335,0.0927835051546391,0.0412371134020618,0.0668380462724935,0.0340136054421768,1
2112,0.8,0,0,0.1546391752577319,0.1071428571428571,0.5555555555555556,0.8683333333333334,0.1099656357388316,0.0979381443298969,0.1182519280205655,0.1020408163265306,1
2113,1.0,1,1,0.9278350515463916,0.7270408163265305,1.0,0.53,0.4914089347079037,0.5567010309278351,0.8637532133676094,0.7210884353741497,1
2114,0.4,0,1,0.8350515463917525,0.5178571428571428,0.5555555555555556,0.7150000000000001,0.7697594501718212,0.4639175257731958,0.7994858611825193,0.5714285714285715,1
2115,1.0,0,1,0.4948453608247422,0.2627551020408163,0.2222222222222222,0.8983333333333334,0.4329896907216495,0.4432989690721649,0.5012853470437019,0.2380952380952381,1
2116,0.6000000000000001,1,0,0.2061855670103092,0.1556122448979591,0.0,0.03,0.0481099656357388,0.1082474226804123,0.1028277634961439,0.1020408163265306,0
2117,0.4,1,0,0.4432989690721649,0.2372448979591836,0.7777777777777777,0.1733333333333333,0.0618556701030927,0.3092783505154639,0.429305912596401,0.1836734693877551,0
2118,1.0,0,1,0.4020618556701031,0.221938775510204,0.2222222222222222,0.4683333333333334,0.2268041237113402,0.0773195876288659,0.2827763496143959,0.2312925170068027,1
2119,0.2,0,0,0.268041237113402,0.1658163265306122,0.8888888888888888,0.4933333333333334,0.2714776632302405,0.0206185567010309,0.1799485861182519,0.1020408163265306,1
2120,0.2,0,0,0.6597938144329897,0.520408163265306,0.1111111111111111,0.1916666666666667,0.4398625429553264,0.61340206185567,0.4473007712082262,0.2653061224489796,1
2121,0.6000000000000001,0,1,0.3092783505154639,0.1760204081632652,0.2222222222222222,0.7133333333333334,0.1649484536082474,0.1030927835051546,0.1979434447300771,0.3129251700680272,1
2122,0.0,0,0,0.6288659793814433,0.3316326530612244,0.0,0.6100000000000001,0.3024054982817869,0.2061855670103092,0.3573264781491002,0.3333333333333333,1
2123,0.4,1,0,0.4639175257731959,0.4438775510204081,0.6666666666666665,0.625,0.1993127147766323,0.3711340206185567,0.3290488431876606,0.4421768707482993,1
2124,0.0,1,0,0.4020618556701031,0.3852040816326531,0.7777777777777777,0.0066666666666667,0.1030927835051546,0.268041237113402,0.4087403598971722,0.2108843537414966,0
2125,1.0,1,1,0.7113402061855669,0.3877551020408163,0.1111111111111111,0.29,0.2611683848797251,0.4639175257731958,0.5681233933161954,0.6394557823129252,0
2126,0.8,1,1,0.4845360824742268,0.2525510204081633,0.8888888888888888,0.1166666666666667,0.3745704467353952,0.1134020618556701,0.3444730077120823,0.4489795918367347,0
2127,0.8,1,0,0.556701030927835,0.510204081632653,1.0,0.4933333333333334,0.1752577319587628,0.5618556701030928,0.3187660668380462,0.5374149659863946,1
2128,0.8,1,0,0.3298969072164948,0.2040816326530612,0.0,0.445,0.1958762886597938,0.0979381443298969,0.2544987146529563,0.1836734693877551,1
2129,0.6000000000000001,0,0,0.4432989690721649,0.4030612244897959,0.7777777777777777,0.6183333333333334,0.3608247422680412,0.1855670103092783,0.3110539845758355,0.3945578231292517,1
2130,0.4,1,0,0.0103092783505154,0.0127551020408163,0.8888888888888888,0.865,0.0103092783505154,0.0154639175257731,0.0154241645244215,0.0272108843537415,1
2131,1.0,0,1,0.7628865979381443,0.5790816326530611,0.4444444444444445,0.8816666666666668,0.1065292096219931,0.3762886597938144,0.4447300771208226,0.4965986394557823,1
2132,1.0,1,0,0.0309278350515463,0.0229591836734693,0.5555555555555556,0.2566666666666667,0.0481099656357388,0.0257731958762886,0.0179948586118251,0.0204081632653061,0
2133,0.0,1,1,0.5876288659793814,0.3801020408163265,0.7777777777777777,0.165,0.5223367697594502,0.1649484536082474,0.3059125964010282,0.4421768707482993,0
2134,0.0,1,0,0.7113402061855669,0.520408163265306,0.4444444444444445,0.8066666666666666,0.3264604810996563,0.5876288659793815,0.7095115681233933,0.5850340136054423,1
2135,0.4,0,1,0.8556701030927835,0.6785714285714285,0.2222222222222222,0.3966666666666667,0.7319587628865979,0.845360824742268,0.544987146529563,0.3129251700680272,0
2136,0.0,1,1,0.6391752577319587,0.423469387755102,0.7777777777777777,0.7650000000000001,0.5567010309278351,0.3659793814432989,0.3830334190231362,0.2108843537414966,1
2137,0.4,1,0,0.7113402061855669,0.5382653061224489,0.5555555555555556,0.665,0.3917525773195876,0.6907216494845361,0.5732647814910027,0.326530612244898,1
2138,1.0,0,0,0.1649484536082474,0.1301020408163265,0.6666666666666665,0.0783333333333333,0.1305841924398625,0.0670103092783505,0.1182519280205655,0.1156462585034013,0
2139,0.6000000000000001,0,1,0.6597938144329897,0.635204081632653,1.0,0.4966666666666667,0.4501718213058419,0.1855670103092783,0.5244215938303343,0.5850340136054423,1
2140,0.8,1,1,0.8865979381443299,0.6836734693877551,0.0,0.1766666666666667,0.5601374570446735,0.3195876288659793,0.6632390745501286,0.3945578231292517,1
2141,0.4,0,0,0.4742268041237113,0.3954081632653061,1.0,0.9333333333333332,0.0584192439862542,0.1701030927835051,0.3367609254498714,0.3469387755102041,1
2142,1.0,1,1,0.4329896907216495,0.413265306122449,0.4444444444444445,0.8433333333333335,0.120274914089347,0.2268041237113402,0.2802056555269923,0.1904761904761905,1
2143,0.0,0,0,0.1855670103092783,0.1683673469387755,0.0,0.2466666666666667,0.0927835051546391,0.1958762886597938,0.1748071979434447,0.108843537414966,1
2144,0.4,1,0,0.6804123711340205,0.568877551020408,1.0,0.155,0.0721649484536082,0.1134020618556701,0.5141388174807199,0.5578231292517007,0
2145,1.0,0,1,0.6597938144329897,0.4005102040816326,0.5555555555555556,0.8516666666666668,0.4501718213058419,0.2577319587628865,0.3701799485861182,0.3401360544217687,1
2146,0.4,1,0,0.3195876288659794,0.1938775510204081,1.0,0.8816666666666668,0.1649484536082474,0.1082474226804123,0.3316195372750642,0.1768707482993197,1
2147,0.6000000000000001,0,0,0.7422680412371133,0.5892857142857142,0.7777777777777777,0.6666666666666667,0.6632302405498282,0.1546391752577319,0.5244215938303343,0.6054421768707483,1
2148,0.0,0,1,0.4432989690721649,0.3086734693877551,0.8888888888888888,0.6983333333333335,0.3539518900343642,0.0103092783505154,0.2287917737789203,0.2108843537414966,1
2149,0.2,0,1,0.958762886597938,0.770408163265306,0.5555555555555556,0.2166666666666666,0.1855670103092783,0.4123711340206185,0.7840616966580978,0.7142857142857143,0
2150,0.2,1,0,0.0618556701030927,0.0688775510204081,0.1111111111111111,0.0633333333333333,0.0309278350515463,0.0515463917525773,0.0591259640102827,0.0272108843537415,1
2151,0.4,1,0,0.3917525773195876,0.3239795918367347,0.1111111111111111,0.6583333333333334,0.2199312714776632,0.3556701030927835,0.3881748071979434,0.2925170068027211,1
2152,0.4,0,0,0.7010309278350515,0.6479591836734693,0.8888888888888888,0.1233333333333334,0.1168384879725085,0.7061855670103092,0.3753213367609254,0.3061224489795918,0
2153,0.6000000000000001,1,0,0.3402061855670103,0.2091836734693877,0.8888888888888888,0.5150000000000001,0.2508591065292096,0.0,0.3187660668380462,0.1700680272108843,1
2154,0.6000000000000001,1,1,0.979381443298969,0.9107142857142856,0.2222222222222222,0.5516666666666667,0.120274914089347,0.2835051546391752,0.724935732647815,0.5102040816326531,1
2155,0.0,0,0,0.3298969072164948,0.2678571428571428,0.2222222222222222,0.2316666666666667,0.1821305841924398,0.0721649484536082,0.2904884318766066,0.1292517006802721,0
2156,0.2,1,1,0.4536082474226804,0.336734693877551,1.0,0.895,0.1924398625429553,0.3969072164948453,0.2982005141388175,0.1700680272108843,1
2157,0.8,1,0,0.3711340206185567,0.2576530612244898,0.4444444444444445,0.8883333333333334,0.2577319587628865,0.1288659793814432,0.3547557840616966,0.2857142857142857,1
2158,0.8,0,1,0.4123711340206186,0.2372448979591836,1.0,0.9383333333333336,0.2542955326460481,0.0463917525773195,0.2262210796915167,0.2312925170068027,1
2159,0.4,1,0,0.2371134020618556,0.2142857142857142,0.1111111111111111,0.6400000000000001,0.0,0.0309278350515463,0.2416452442159383,0.1768707482993197,1
2160,0.0,0,1,0.7010309278350515,0.6198979591836734,0.2222222222222222,0.4033333333333334,0.2199312714776632,0.134020618556701,0.622107969151671,0.3197278911564626,0
2161,0.2,0,0,0.5257731958762886,0.2857142857142857,0.3333333333333333,0.7550000000000001,0.3436426116838488,0.2164948453608247,0.3624678663239074,0.2040816326530612,1
2162,0.0,0,0,0.6391752577319587,0.3545918367346938,0.0,0.3533333333333334,0.0549828178694158,0.4742268041237113,0.5861182519280206,0.2380952380952381,0
2163,0.6000000000000001,0,0,0.3298969072164948,0.1989795918367346,0.5555555555555556,0.1416666666666667,0.2096219931271477,0.2061855670103092,0.2673521850899742,0.272108843537415,0
2164,0.8,0,0,0.6701030927835051,0.4719387755102041,0.0,0.7483333333333335,0.5360824742268041,0.4072164948453608,0.5038560411311055,0.5850340136054423,1
2165,0.2,0,1,0.4536082474226804,0.2499999999999999,0.1111111111111111,0.53,0.0756013745704467,0.0051546391752577,0.3239074550128534,0.2925170068027211,1
2166,0.8,1,1,0.0721649484536082,0.0561224489795918,0.1111111111111111,0.4716666666666667,0.0446735395189003,0.0412371134020618,0.0385604113110539,0.0748299319727891,1
2167,0.0,1,0,0.5051546391752577,0.4999999999999999,0.8888888888888888,0.5916666666666668,0.1512027491408934,0.0,0.4318766066838046,0.4829931972789116,1
2168,0.0,0,1,0.7010309278350515,0.5255102040816326,1.0,0.1333333333333334,0.4054982817869416,0.5567010309278351,0.5347043701799487,0.4217687074829932,0
2169,0.6000000000000001,1,1,0.4020618556701031,0.3673469387755102,0.2222222222222222,0.6316666666666668,0.2268041237113402,0.190721649484536,0.2622107969151671,0.380952380952381,1
2170,0.4,1,0,0.4536082474226804,0.3698979591836734,0.2222222222222222,0.1833333333333333,0.4432989690721649,0.3505154639175257,0.4061696658097686,0.3945578231292517,0
2171,0.4,1,1,0.3505154639175258,0.2857142857142857,0.3333333333333333,0.4833333333333334,0.0549828178694158,0.268041237113402,0.2724935732647814,0.2040816326530612,1
2172,1.0,1,0,0.5876288659793814,0.3443877551020408,0.6666666666666665,0.1616666666666667,0.4261168384879725,0.0309278350515463,0.5167095115681235,0.2040816326530612,0
2173,0.4,1,0,0.0412371134020618,0.0459183673469387,0.7777777777777777,0.2083333333333333,0.0309278350515463,0.0257731958762886,0.0514138817480719,0.0204081632653061,0
2174,0.0,1,0,0.4845360824742268,0.4107142857142857,0.0,0.1383333333333334,0.1134020618556701,0.1804123711340206,0.377892030848329,0.3945578231292517,1
2175,1.0,1,1,0.6391752577319587,0.6020408163265305,0.2222222222222222,0.1766666666666667,0.5051546391752577,0.6391752577319587,0.6452442159383034,0.2925170068027211,0
2176,0.4,1,0,0.7010309278350515,0.4974489795918367,0.4444444444444445,0.4383333333333333,0.134020618556701,0.4845360824742268,0.5784061696658098,0.54421768707483,1
2177,0.6000000000000001,1,1,0.6701030927835051,0.3341836734693877,0.6666666666666665,0.8033333333333335,0.1683848797250859,0.2061855670103092,0.6555269922879178,0.653061224489796,1
2178,0.2,0,1,0.0618556701030927,0.048469387755102,0.1111111111111111,0.9200000000000002,0.0309278350515463,0.0103092783505154,0.0488431876606683,0.0680272108843537,1
2179,1.0,0,0,0.7628865979381443,0.7015306122448979,0.0,0.7550000000000001,0.6323024054982818,0.6288659793814433,0.4267352185089974,0.54421768707483,1
2180,1.0,1,1,0.3092783505154639,0.1862244897959183,0.1111111111111111,0.315,0.1718213058419244,0.1494845360824742,0.2647814910025707,0.1292517006802721,0
2181,0.4,0,1,0.4845360824742268,0.3443877551020408,0.0,0.4766666666666667,0.3402061855670103,0.0721649484536082,0.2467866323907455,0.4761904761904762,1
2182,0.6000000000000001,0,0,0.7216494845360825,0.5229591836734693,0.7777777777777777,0.4333333333333333,0.0721649484536082,0.5515463917525774,0.5347043701799487,0.2448979591836735,1
2183,0.6000000000000001,1,0,0.556701030927835,0.5178571428571428,0.2222222222222222,0.3116666666666667,0.2199312714776632,0.5,0.5115681233933163,0.2789115646258503,0
2184,0.8,1,1,0.7319587628865979,0.4591836734693877,0.3333333333333333,0.2233333333333333,0.3436426116838488,0.1494845360824742,0.6812339331619538,0.4557823129251701,0
2185,0.8,0,0,0.3195876288659794,0.1709183673469387,1.0,0.3400000000000001,0.281786941580756,0.1649484536082474,0.1799485861182519,0.1700680272108843,0
2186,0.4,1,1,0.9278350515463916,0.6377551020408162,0.1111111111111111,0.8783333333333334,0.8900343642611683,0.8195876288659794,0.4884318766066838,0.7482993197278912,1
2187,0.6000000000000001,0,1,0.8144329896907216,0.586734693877551,1.0,0.595,0.5395189003436426,0.1494845360824742,0.7146529562982006,0.4217687074829932,1
2188,1.0,1,0,0.6597938144329897,0.5382653061224489,0.4444444444444445,0.245,0.436426116838488,0.5721649484536082,0.5115681233933163,0.435374149659864,0
2189,0.0,1,1,0.4123711340206186,0.3392857142857143,0.1111111111111111,0.8900000000000001,0.2989690721649484,0.1752577319587628,0.300771208226221,0.2108843537414966,1
2190,0.4,1,0,0.5773195876288659,0.5459183673469387,0.3333333333333333,0.09,0.4295532646048109,0.1185567010309278,0.3059125964010282,0.4625850340136054,0
2191,0.4,1,1,0.556701030927835,0.5280612244897959,0.8888888888888888,0.9716666666666668,0.3367697594501718,0.0824742268041237,0.5295629820051414,0.4081632653061224,1
2192,0.0,0,1,0.3505154639175258,0.2448979591836734,0.5555555555555556,0.5683333333333334,0.3539518900343642,0.1237113402061855,0.2262210796915167,0.1836734693877551,1
2193,0.2,1,1,0.7731958762886597,0.423469387755102,0.2222222222222222,0.5350000000000001,0.7766323024054983,0.4072164948453608,0.6966580976863754,0.6938775510204083,1
2194,0.0,1,1,0.7835051546391752,0.586734693877551,0.4444444444444445,0.4783333333333334,0.4295532646048109,0.479381443298969,0.699228791773779,0.6598639455782314,1
2195,0.6000000000000001,0,0,0.5670103092783505,0.3852040816326531,0.7777777777777777,0.2066666666666666,0.1615120274914089,0.1546391752577319,0.4138817480719794,0.380952380952381,0
2196,1.0,1,0,0.6288659793814433,0.5153061224489796,0.6666666666666665,0.3583333333333334,0.1477663230240549,0.1855670103092783,0.4627249357326478,0.6190476190476191,0
2197,1.0,0,1,0.2164948453608247,0.1122448979591836,0.8888888888888888,0.4866666666666667,0.0549828178694158,0.2010309278350515,0.1516709511568123,0.1904761904761905,1
2198,0.8,1,1,0.9690721649484536,0.4999999999999999,0.2222222222222222,0.0316666666666667,0.1099656357388316,0.8505154639175257,0.7146529562982006,0.4489795918367347,0
2199,0.2,0,1,0.0824742268041237,0.0918367346938775,0.7777777777777777,0.1,0.0859106529209622,0.0154639175257731,0.0462724935732647,0.0408163265306122,0
2200,1.0,1,1,0.7216494845360825,0.6836734693877551,0.5555555555555556,0.3916666666666667,0.2886597938144329,0.6597938144329897,0.7146529562982006,0.326530612244898,0
2201,0.4,0,1,0.3711340206185567,0.2831632653061224,0.7777777777777777,0.6100000000000001,0.3092783505154639,0.1237113402061855,0.1979434447300771,0.2585034013605442,1
2202,0.8,0,1,0.9381443298969072,0.6198979591836734,0.7777777777777777,0.1983333333333333,0.6219931271477663,0.0,0.6786632390745502,0.3469387755102041,0
2203,0.4,0,1,0.7216494845360825,0.5510204081632653,0.5555555555555556,0.5666666666666667,0.0,0.5876288659793815,0.3676092544987147,0.2585034013605442,1
2204,0.0,1,0,0.7628865979381443,0.4948979591836734,0.5555555555555556,0.4083333333333334,0.1477663230240549,0.268041237113402,0.750642673521851,0.4965986394557823,0
2205,0.8,1,0,0.4432989690721649,0.3826530612244898,0.4444444444444445,0.905,0.4536082474226804,0.3556701030927835,0.2699228791773779,0.1496598639455782,1
2206,0.2,0,1,1.0,0.7806122448979591,1.0,0.4316666666666667,0.415807560137457,0.3144329896907216,0.9845758354755784,0.8231292517006803,1
2207,0.0,0,1,0.0515463917525773,0.0433673469387755,0.8888888888888888,0.5833333333333335,0.0137457044673539,0.0670103092783505,0.0642673521850899,0.0340136054421768,1
2208,0.0,1,0,0.3402061855670103,0.3061224489795918,0.7777777777777777,0.2983333333333333,0.3333333333333333,0.3092783505154639,0.1953727506426735,0.3197278911564626,0
2209,0.2,1,1,0.0103092783505154,0.0178571428571428,0.6666666666666665,0.04,0.0034364261168384,0.0051546391752577,0.0205655526992287,0.0068027210884353,0
2210,1.0,0,1,0.5360824742268041,0.4183673469387755,0.0,0.09,0.0378006872852233,0.2319587628865979,0.4884318766066838,0.3537414965986394,1
2211,0.8,0,1,0.268041237113402,0.2066326530612244,0.4444444444444445,0.3683333333333334,0.0515463917525773,0.0618556701030927,0.2262210796915167,0.2517006802721088,0
2212,1.0,0,1,0.4845360824742268,0.3979591836734694,0.3333333333333333,0.3416666666666667,0.4261168384879725,0.2525773195876288,0.3753213367609254,0.4149659863945578,0
2213,0.8,0,0,0.0412371134020618,0.0357142857142857,0.5555555555555556,0.2266666666666666,0.0137457044673539,0.0,0.0359897172236503,0.0476190476190476,0
2214,0.0,1,0,0.288659793814433,0.1989795918367346,0.2222222222222222,0.6383333333333334,0.1099656357388316,0.2525773195876288,0.2544987146529563,0.217687074829932,1
2215,0.0,1,0,0.1649484536082474,0.1403061224489795,0.8888888888888888,0.08,0.0996563573883161,0.0360824742268041,0.1645244215938303,0.0680272108843537,0
2216,0.8,1,1,0.5051546391752577,0.3928571428571428,0.2222222222222222,0.945,0.3848797250859106,0.4278350515463917,0.4858611825192802,0.2448979591836735,1
2217,1.0,1,0,0.1237113402061855,0.096938775510204,0.6666666666666665,0.9666666666666668,0.127147766323024,0.0927835051546391,0.0642673521850899,0.1428571428571428,1
2218,0.4,1,1,0.6701030927835051,0.6428571428571428,0.4444444444444445,0.6216666666666668,0.3814432989690721,0.4432989690721649,0.6375321336760926,0.3401360544217687,1
2219,0.6000000000000001,0,0,0.422680412371134,0.3137755102040816,0.8888888888888888,0.3033333333333333,0.3195876288659793,0.0463917525773195,0.3316195372750642,0.4149659863945578,0
2220,0.6000000000000001,1,1,0.7835051546391752,0.4923469387755102,0.1111111111111111,0.7783333333333333,0.6219931271477663,0.5412371134020618,0.519280205655527,0.5238095238095238,1
2221,0.6000000000000001,0,0,0.5360824742268041,0.3954081632653061,0.8888888888888888,0.7666666666666668,0.436426116838488,0.1185567010309278,0.4138817480719794,0.489795918367347,1
2222,0.0,0,0,0.0309278350515463,0.0408163265306122,0.0,0.9283333333333336,0.0378006872852233,0.0257731958762886,0.0385604113110539,0.0204081632653061,1
2223,0.2,1,0,0.8659793814432989,0.673469387755102,0.4444444444444445,0.7250000000000001,0.4054982817869416,0.4690721649484536,0.5244215938303343,0.761904761904762,1
2224,0.6000000000000001,1,0,0.2371134020618556,0.2295918367346938,0.1111111111111111,0.8500000000000001,0.0927835051546391,0.1701030927835051,0.2339331619537275,0.2517006802721088,1
2225,0.8,0,0,0.288659793814433,0.1760204081632652,0.0,0.6333333333333333,0.0309278350515463,0.1752577319587628,0.2390745501285347,0.1156462585034013,1
2226,1.0,0,1,0.7010309278350515,0.6785714285714285,0.1111111111111111,0.9816666666666668,0.0481099656357388,0.2164948453608247,0.5681233933161954,0.5034013605442177,1
2227,0.2,0,1,0.0206185567010309,0.0306122448979591,0.7777777777777777,0.6466666666666667,0.0137457044673539,0.0154639175257731,0.0231362467866323,0.0136054421768707,1
2228,1.0,0,0,0.5154639175257731,0.3418367346938775,0.7777777777777777,0.385,0.3024054982817869,0.2319587628865979,0.3958868894601542,0.1972789115646258,0
2229,0.6000000000000001,1,0,0.3195876288659794,0.2755102040816327,0.0,0.6000000000000001,0.2233676975945017,0.190721649484536,0.3084832904884318,0.3061224489795918,1
2230,0.2,0,1,0.2268041237113401,0.2168367346938775,0.8888888888888888,0.19,0.1237113402061855,0.1134020618556701,0.1748071979434447,0.1700680272108843,0
2231,0.8,1,1,0.5773195876288659,0.3954081632653061,0.6666666666666665,0.38,0.2164948453608247,0.0051546391752577,0.5424164524421594,0.5918367346938775,0
2232,0.8,0,1,0.9484536082474226,0.5025510204081632,0.5555555555555556,0.8616666666666668,0.1237113402061855,0.0824742268041237,0.8766066838046274,0.54421768707483,1
2233,0.4,0,0,0.6082474226804123,0.3826530612244898,0.0,0.8316666666666668,0.2439862542955326,0.2835051546391752,0.4498714652956298,0.3605442176870748,1
2234,0.2,1,1,0.7525773195876289,0.5382653061224489,1.0,0.5916666666666668,0.4467353951890034,0.5309278350515464,0.7146529562982006,0.5510204081632654,1
2235,0.4,0,0,0.4020618556701031,0.4056122448979591,0.2222222222222222,0.41,0.120274914089347,0.1597938144329896,0.3804627249357326,0.2517006802721088,0
2236,0.6000000000000001,0,0,0.8556701030927835,0.7780612244897959,0.6666666666666665,0.7416666666666667,0.3780068728522336,0.422680412371134,0.4910025706940874,0.489795918367347,1
2237,0.0,1,0,0.422680412371134,0.423469387755102,0.3333333333333333,0.9733333333333334,0.2233676975945017,0.2783505154639175,0.300771208226221,0.2517006802721088,1
2238,1.0,0,0,0.9381443298969072,0.5535714285714285,0.1111111111111111,0.8700000000000001,0.718213058419244,0.5154639175257731,0.6143958868894602,0.8231292517006803,1
2239,0.8,0,0,0.5979381443298969,0.4693877551020408,0.0,0.5383333333333333,0.1477663230240549,0.2061855670103092,0.4832904884318766,0.3877551020408163,1
2240,0.2,0,1,0.5257731958762886,0.4744897959183673,0.7777777777777777,0.1016666666666666,0.0103092783505154,0.2577319587628865,0.2982005141388175,0.3741496598639456,0
2241,1.0,0,1,0.7422680412371133,0.4056122448979591,0.0,0.7966666666666669,0.584192439862543,0.1391752577319587,0.4910025706940874,0.6258503401360545,1
2242,0.2,0,1,0.0927835051546391,0.0892857142857142,0.3333333333333333,0.7983333333333333,0.0206185567010309,0.0927835051546391,0.0951156812339331,0.108843537414966,1
2243,0.2,1,1,0.6597938144329897,0.520408163265306,0.1111111111111111,0.4900000000000001,0.1649484536082474,0.0103092783505154,0.6709511568123394,0.6054421768707483,1
2244,0.6000000000000001,1,0,0.8247422680412371,0.7142857142857142,0.0,0.3833333333333334,0.5154639175257731,0.5412371134020618,0.5115681233933163,0.8231292517006803,1
2245,0.6000000000000001,0,0,0.3195876288659794,0.2295918367346938,0.5555555555555556,0.04,0.1821305841924398,0.134020618556701,0.1850899742930591,0.1360544217687075,0
2246,0.8,1,1,0.2371134020618556,0.221938775510204,0.4444444444444445,0.1566666666666667,0.2302405498281786,0.1030927835051546,0.1799485861182519,0.2040816326530612,0
2247,0.6000000000000001,1,1,0.3195876288659794,0.2576530612244898,0.5555555555555556,0.8600000000000001,0.2439862542955326,0.3247422680412371,0.2956298200514138,0.3333333333333333,1
2248,1.0,0,0,0.0824742268041237,0.0510204081632653,0.7777777777777777,0.205,0.0584192439862542,0.0360824742268041,0.0668380462724935,0.0952380952380952,0
2249,1.0,1,1,0.6185567010309277,0.3188775510204081,0.0,0.3983333333333334,0.1924398625429553,0.5051546391752577,0.5655526992287918,0.326530612244898,0
2250,0.2,1,0,0.7010309278350515,0.5280612244897959,1.0,0.4233333333333333,0.5807560137457044,0.3402061855670103,0.3676092544987147,0.380952380952381,1
2251,0.4,1,1,0.7010309278350515,0.4770408163265306,0.2222222222222222,0.3716666666666667,0.1821305841924398,0.479381443298969,0.6555269922879178,0.6462585034013606,0
2252,0.2,0,1,0.5257731958762886,0.298469387755102,0.4444444444444445,0.9200000000000002,0.0137457044673539,0.5360824742268041,0.4781491002570694,0.3401360544217687,1
2253,0.0,0,1,0.1649484536082474,0.086734693877551,0.0,0.3416666666666667,0.134020618556701,0.1237113402061855,0.1079691516709511,0.0952380952380952,0
2254,0.0,1,1,0.2164948453608247,0.1938775510204081,0.4444444444444445,0.2166666666666666,0.2268041237113402,0.1443298969072164,0.2005141388174807,0.1292517006802721,0
2255,0.4,1,0,0.3917525773195876,0.2270408163265306,0.7777777777777777,0.8066666666666666,0.1099656357388316,0.0309278350515463,0.3264781491002571,0.3333333333333333,1
2256,0.2,0,0,0.8969072164948453,0.6045918367346939,0.2222222222222222,0.1333333333333334,0.5670103092783505,0.3814432989690721,0.7043701799485862,0.5102040816326531,0
2257,0.6000000000000001,1,0,0.8041237113402061,0.4668367346938775,1.0,0.4416666666666667,0.0549828178694158,0.4432989690721649,0.5706940874035991,0.6394557823129252,1
2258,0.8,1,1,0.7938144329896907,0.6785714285714285,0.6666666666666665,0.2433333333333334,0.6151202749140894,0.3762886597938144,0.416452442159383,0.5578231292517007,0
2259,1.0,1,1,0.6701030927835051,0.5076530612244897,0.3333333333333333,0.1766666666666667,0.2371134020618556,0.2525773195876288,0.3856041131105398,0.4829931972789116,0
2260,0.8,0,0,0.2268041237113401,0.1454081632653061,0.2222222222222222,0.6866666666666668,0.2336769759450171,0.1134020618556701,0.1465295629820051,0.0816326530612245,1
2261,0.8,0,0,0.8659793814432989,0.568877551020408,0.6666666666666665,0.7150000000000001,0.0103092783505154,0.8350515463917526,0.519280205655527,0.8095238095238095,1
2262,0.2,0,1,0.5257731958762886,0.3647959183673469,1.0,0.3466666666666667,0.3848797250859106,0.1443298969072164,0.429305912596401,0.3129251700680272,0
2263,0.0,1,0,0.7422680412371133,0.6275510204081632,1.0,0.5800000000000001,0.2439862542955326,0.4072164948453608,0.5912596401028278,0.4217687074829932,1
2264,0.0,0,1,0.8762886597938143,0.4693877551020408,0.4444444444444445,0.0766666666666666,0.0412371134020618,0.0927835051546391,0.7814910025706941,0.5578231292517007,0
2265,1.0,1,0,0.8247422680412371,0.4642857142857143,0.1111111111111111,0.1566666666666667,0.3298969072164948,0.2938144329896907,0.6966580976863754,0.7551020408163266,0
2266,0.0,0,1,0.3608247422680412,0.2397959183673469,0.5555555555555556,0.3350000000000001,0.0893470790378006,0.3402061855670103,0.2287917737789203,0.3129251700680272,0
2267,1.0,0,1,0.9278350515463916,0.9183673469387754,0.0,0.5916666666666668,0.1030927835051546,0.0618556701030927,0.8200514138817482,0.5918367346938775,1
2268,0.8,0,0,0.6082474226804123,0.5255102040816326,0.1111111111111111,0.6033333333333335,0.3505154639175257,0.3608247422680412,0.5912596401028278,0.2789115646258503,1
2269,0.4,1,1,0.8865979381443299,0.7780612244897959,1.0,0.8666666666666667,0.0240549828178694,0.2474226804123711,0.6580976863753214,0.8639455782312926,1
2270,1.0,0,0,0.9278350515463916,0.4744897959183673,0.4444444444444445,0.3683333333333334,0.2852233676975945,0.7474226804123711,0.5938303341902315,0.4693877551020408,0
2271,0.6000000000000001,1,0,0.7216494845360825,0.7040816326530611,0.5555555555555556,0.2883333333333333,0.7250859106529209,0.4536082474226804,0.7069408740359898,0.5918367346938775,0
2272,0.2,1,0,0.0412371134020618,0.0229591836734693,0.4444444444444445,0.435,0.0309278350515463,0.0154639175257731,0.0282776349614395,0.0408163265306122,1
2273,1.0,1,0,0.8041237113402061,0.5816326530612245,1.0,0.2683333333333334,0.2027491408934708,0.1237113402061855,0.7455012853470437,0.489795918367347,0
2274,0.8,1,1,0.6907216494845361,0.3443877551020408,0.7777777777777777,0.6916666666666667,0.0721649484536082,0.3144329896907216,0.5295629820051414,0.5578231292517007,1
2275,0.0,0,1,0.422680412371134,0.3903061224489796,0.8888888888888888,0.2333333333333334,0.2130584192439862,0.0670103092783505,0.2493573264781491,0.3197278911564626,0
2276,0.6000000000000001,0,1,0.8556701030927835,0.6275510204081632,0.8888888888888888,0.7483333333333335,0.3298969072164948,0.0618556701030927,0.8071979434447302,0.6870748299319729,1
2277,0.8,0,0,0.8659793814432989,0.4362244897959184,0.0,0.8116666666666668,0.4020618556701031,0.5463917525773195,0.4652956298200514,0.7210884353741497,1
2278,0.6000000000000001,1,0,0.6288659793814433,0.3469387755102041,0.8888888888888888,0.7466666666666668,0.6082474226804123,0.4536082474226804,0.5501285347043703,0.5850340136054423,1
2279,0.6000000000000001,0,1,0.5773195876288659,0.3392857142857143,0.5555555555555556,0.035,0.0584192439862542,0.1701030927835051,0.5655526992287918,0.2312925170068027,0
2280,0.6000000000000001,1,1,0.0824742268041237,0.0510204081632653,0.4444444444444445,0.005,0.0343642611683848,0.0206185567010309,0.0565552699228791,0.0680272108843537,0
2281,0.0,0,1,0.1546391752577319,0.1301020408163265,0.3333333333333333,0.6366666666666667,0.0824742268041237,0.0515463917525773,0.0925449871465295,0.1428571428571428,1
2282,0.4,0,0,0.3092783505154639,0.211734693877551,0.8888888888888888,0.5633333333333335,0.0343642611683848,0.2525773195876288,0.2133676092544987,0.2380952380952381,1
2283,0.0,1,1,0.7525773195876289,0.4158163265306122,0.6666666666666665,0.2333333333333334,0.5910652920962199,0.7474226804123711,0.6118251928020566,0.7006802721088435,0
2284,0.2,0,1,0.1855670103092783,0.1607142857142857,0.4444444444444445,0.955,0.0481099656357388,0.0103092783505154,0.1542416452442159,0.163265306122449,1
2285,0.6000000000000001,0,0,0.9175257731958762,0.4948979591836734,1.0,0.2283333333333334,0.2164948453608247,0.7061855670103092,0.6015424164524422,0.8775510204081634,0
2286,0.8,1,1,0.845360824742268,0.4948979591836734,0.3333333333333333,0.8266666666666667,0.6151202749140894,0.4742268041237113,0.5115681233933163,0.5238095238095238,1
2287,0.8,1,0,0.7113402061855669,0.6862244897959183,0.7777777777777777,0.8733333333333335,0.0824742268041237,0.4123711340206185,0.5681233933161954,0.2653061224489796,1
2288,0.4,0,0,0.0,0.0127551020408163,0.2222222222222222,0.0633333333333333,0.0034364261168384,0.0,0.0025706940874035,0.0068027210884353,0
2289,0.0,0,1,0.4948453608247422,0.3724489795918367,0.5555555555555556,0.4583333333333333,0.4398625429553264,0.0773195876288659,0.3084832904884318,0.4489795918367347,1
2290,0.0,0,1,0.4432989690721649,0.423469387755102,0.3333333333333333,0.7883333333333333,0.2164948453608247,0.3505154639175257,0.352185089974293,0.4081632653061224,1
2291,0.4,0,1,0.5051546391752577,0.4948979591836734,0.0,0.7216666666666667,0.0,0.2319587628865979,0.3239074550128534,0.4217687074829932,1
2292,0.6000000000000001,1,1,0.4020618556701031,0.2627551020408163,0.6666666666666665,0.2916666666666667,0.1855670103092783,0.2216494845360824,0.3496143958868895,0.3061224489795918,0
2293,0.2,0,0,0.7216494845360825,0.375,0.4444444444444445,0.6283333333333334,0.3642611683848797,0.2010309278350515,0.622107969151671,0.2789115646258503,1
2294,0.6000000000000001,0,0,0.7835051546391752,0.4438775510204081,0.2222222222222222,0.1716666666666667,0.4329896907216495,0.190721649484536,0.6272493573264782,0.6802721088435375,0
2295,0.6000000000000001,1,1,0.7525773195876289,0.6377551020408162,0.5555555555555556,0.7783333333333333,0.4536082474226804,0.5567010309278351,0.4910025706940874,0.653061224489796,1
2296,0.6000000000000001,1,1,0.6391752577319587,0.5280612244897959,0.0,0.855,0.134020618556701,0.5618556701030928,0.519280205655527,0.2993197278911564,1
2297,0.8,1,0,0.7010309278350515,0.6479591836734693,1.0,0.4950000000000001,0.6838487972508591,0.6958762886597938,0.699228791773779,0.6870748299319729,1
2298,0.8,0,1,0.9072164948453608,0.7857142857142856,0.3333333333333333,0.9933333333333334,0.2439862542955326,0.2268041237113402,0.5938303341902315,0.8911564625850341,1
2299,0.4,0,1,0.4329896907216495,0.3469387755102041,0.2222222222222222,0.8500000000000001,0.4536082474226804,0.2164948453608247,0.377892030848329,0.3537414965986394,1
2300,0.4,0,0,0.0721649484536082,0.0433673469387755,0.6666666666666665,0.0616666666666666,0.0584192439862542,0.0,0.0462724935732647,0.0408163265306122,0
2301,0.2,1,0,0.9896907216494844,0.6785714285714285,0.8888888888888888,0.8200000000000001,0.5463917525773195,0.7268041237113402,0.6401028277634963,0.8095238095238095,1
2302,0.8,0,0,0.0412371134020618,0.0331632653061224,0.2222222222222222,0.8066666666666666,0.0103092783505154,0.0051546391752577,0.0411311053984575,0.0340136054421768,1
2303,1.0,1,1,0.979381443298969,0.760204081632653,0.5555555555555556,0.2233333333333333,0.6735395189003436,0.922680412371134,0.532133676092545,0.4693877551020408,0
2304,0.4,1,1,0.845360824742268,0.8239795918367346,0.4444444444444445,0.14,0.4776632302405498,0.0824742268041237,0.5475578406169667,0.4761904761904762,0
2305,0.2,1,0,0.8350515463917525,0.6275510204081632,0.4444444444444445,0.5700000000000001,0.3951890034364261,0.7938144329896907,0.5475578406169667,0.3945578231292517,1
2306,0.8,1,0,0.7938144329896907,0.7551020408163265,0.3333333333333333,0.0233333333333333,0.7560137457044673,0.2371134020618556,0.660668380462725,0.5510204081632654,0
2307,0.2,0,0,0.8659793814432989,0.6530612244897959,0.0,0.51,0.127147766323024,0.768041237113402,0.8329048843187662,0.8299319727891157,1
2308,1.0,0,1,0.6701030927835051,0.4413265306122449,0.6666666666666665,0.905,0.436426116838488,0.0103092783505154,0.493573264781491,0.380952380952381,1
2309,0.0,1,0,0.2577319587628866,0.1811224489795918,0.4444444444444445,0.7966666666666669,0.2336769759450171,0.0412371134020618,0.1362467866323907,0.1904761904761905,1
2310,0.0,0,0,0.6597938144329897,0.645408163265306,0.3333333333333333,0.6966666666666668,0.4329896907216495,0.6288659793814433,0.5501285347043703,0.6122448979591837,1
2311,0.2,1,1,0.7113402061855669,0.5229591836734693,1.0,0.2283333333333334,0.3298969072164948,0.3762886597938144,0.6272493573264782,0.5986394557823129,0
2312,1.0,1,1,0.0103092783505154,0.010204081632653,0.4444444444444445,0.4766666666666667,0.0,0.0206185567010309,0.0179948586118251,0.0068027210884353,1
2313,0.4,1,0,0.2061855670103092,0.1709183673469387,0.2222222222222222,0.7950000000000002,0.2096219931271477,0.0206185567010309,0.1053984575835475,0.2244897959183673,1
2314,0.2,1,1,0.8762886597938143,0.8010204081632653,0.5555555555555556,0.3750000000000001,0.268041237113402,0.5257731958762887,0.7712082262210798,0.4149659863945578,0
2315,0.8,1,0,0.7216494845360825,0.5816326530612245,0.5555555555555556,0.5533333333333335,0.1580756013745704,0.4381443298969072,0.4910025706940874,0.2993197278911564,1
2316,0.0,0,0,0.1855670103092783,0.1147959183673469,1.0,0.0616666666666666,0.0446735395189003,0.1134020618556701,0.1336760925449871,0.1156462585034013,0
2317,0.8,1,1,0.8659793814432989,0.7040816326530611,0.3333333333333333,0.2633333333333334,0.7697594501718212,0.0927835051546391,0.866323907455013,0.7959183673469389,0
2318,0.4,1,1,0.2164948453608247,0.1301020408163265,0.3333333333333333,0.1066666666666666,0.1546391752577319,0.0257731958762886,0.1722365038560411,0.1360544217687075,0
2319,0.4,0,1,0.9690721649484536,0.7525510204081632,0.7777777777777777,0.3316666666666666,0.979381443298969,0.3247422680412371,0.8097686375321338,0.5034013605442177,0
2320,0.4,1,1,0.1752577319587628,0.1581632653061224,0.7777777777777777,0.9783333333333336,0.0687285223367697,0.0618556701030927,0.1079691516709511,0.1156462585034013,1
2321,0.2,1,0,0.1958762886597938,0.1530612244897959,0.7777777777777777,0.9700000000000002,0.134020618556701,0.1134020618556701,0.1902313624678663,0.1972789115646258,1
2322,0.2,0,1,0.3814432989690722,0.2142857142857142,0.3333333333333333,0.8616666666666668,0.0309278350515463,0.1288659793814432,0.2673521850899742,0.1428571428571428,1
2323,1.0,0,1,0.0,0.0,0.4444444444444445,0.6733333333333333,0.0171821305841924,0.0051546391752577,0.0128534704370179,0.0136054421768707,1
2324,0.2,0,1,0.1752577319587628,0.1071428571428571,0.5555555555555556,0.7366666666666668,0.0412371134020618,0.1030927835051546,0.1053984575835475,0.0816326530612245,1
2325,0.0,0,1,0.3092783505154639,0.288265306122449,0.1111111111111111,0.155,0.1615120274914089,0.0154639175257731,0.1979434447300771,0.2108843537414966,1
2326,0.0,0,0,0.0927835051546391,0.1020408163265306,0.8888888888888888,0.8800000000000001,0.0240549828178694,0.0412371134020618,0.0668380462724935,0.0612244897959183,1
2327,1.0,1,1,0.8041237113402061,0.5408163265306122,0.5555555555555556,0.7983333333333333,0.0893470790378006,0.7783505154639175,0.7583547557840618,0.7074829931972789,1
2328,0.8,1,1,0.6082474226804123,0.5459183673469387,0.2222222222222222,0.9333333333333332,0.4776632302405498,0.0463917525773195,0.3547557840616966,0.380952380952381,1
2329,1.0,1,0,0.3092783505154639,0.2627551020408163,0.0,0.22,0.2233676975945017,0.190721649484536,0.2802056555269923,0.2517006802721088,1
2330,0.8,1,1,0.9072164948453608,0.7678571428571428,1.0,0.3866666666666667,0.7216494845360825,0.3814432989690721,0.776349614395887,0.8911564625850341,0
2331,0.0,0,1,0.1030927835051546,0.0739795918367346,0.0,0.6300000000000001,0.0515463917525773,0.0515463917525773,0.0796915167095115,0.0612244897959183,1
2332,0.6000000000000001,1,0,0.7938144329896907,0.6811224489795917,0.2222222222222222,0.5016666666666667,0.6082474226804123,0.4020618556701031,0.7017994858611826,0.7823129251700681,1
2333,0.6000000000000001,1,1,0.7731958762886597,0.5816326530612245,0.3333333333333333,0.8450000000000002,0.0996563573883161,0.5051546391752577,0.5167095115681235,0.4761904761904762,1
2334,0.4,0,0,0.4329896907216495,0.413265306122449,0.7777777777777777,0.965,0.268041237113402,0.3865979381443299,0.2570694087403599,0.3673469387755102,1
2335,0.2,0,0,0.2989690721649484,0.2780612244897959,0.8888888888888888,0.6083333333333334,0.0687285223367697,0.2783505154639175,0.300771208226221,0.1700680272108843,1
2336,1.0,0,1,0.2474226804123711,0.2295918367346938,0.7777777777777777,0.6616666666666668,0.1752577319587628,0.0618556701030927,0.1902313624678663,0.2517006802721088,1
2337,0.8,1,0,0.5463917525773195,0.5459183673469387,0.6666666666666665,0.945,0.1718213058419244,0.4484536082474226,0.3830334190231362,0.2108843537414966,1
2338,0.2,1,0,0.5670103092783505,0.3877551020408163,0.3333333333333333,0.4066666666666667,0.3608247422680412,0.4484536082474226,0.5295629820051414,0.4761904761904762,0
2339,1.0,1,0,0.6082474226804123,0.520408163265306,1.0,0.3033333333333333,0.3230240549828179,0.1030927835051546,0.4267352185089974,0.4013605442176871,0
2340,0.4,1,0,0.8247422680412371,0.5663265306122448,0.8888888888888888,0.9283333333333336,0.4604810996563573,0.7371134020618556,0.7223650385604113,0.5714285714285715,1
2341,0.2,1,0,0.5979381443298969,0.5331632653061223,0.5555555555555556,0.415,0.6151202749140894,0.422680412371134,0.4267352185089974,0.4217687074829932,0
2342,0.2,1,1,0.8041237113402061,0.7729591836734693,0.4444444444444445,0.7000000000000002,0.8144329896907216,0.4381443298969072,0.6323907455012854,0.6598639455782314,1
2343,0.8,0,0,0.1855670103092783,0.1147959183673469,0.3333333333333333,0.0033333333333334,0.0515463917525773,0.0412371134020618,0.0951156812339331,0.1768707482993197,0
2344,1.0,1,1,0.1134020618556701,0.0663265306122449,0.5555555555555556,0.615,0.0137457044673539,0.0876288659793814,0.0925449871465295,0.1224489795918367,1
2345,0.2,1,0,0.7010309278350515,0.6836734693877551,0.2222222222222222,0.4850000000000001,0.2302405498281786,0.6288659793814433,0.544987146529563,0.3333333333333333,1
2346,0.6000000000000001,1,0,0.4020618556701031,0.3826530612244898,0.2222222222222222,0.2333333333333334,0.2577319587628865,0.2628865979381443,0.2030848329048843,0.1360544217687075,0
2347,0.6000000000000001,1,0,0.8041237113402061,0.6607142857142856,0.7777777777777777,0.9833333333333334,0.5429553264604811,0.2216494845360824,0.634961439588689,0.272108843537415,1
2348,0.8,0,0,0.8144329896907216,0.7066326530612245,0.3333333333333333,0.605,0.3024054982817869,0.5824742268041236,0.660668380462725,0.3741496598639456,1
2349,0.8,1,1,0.958762886597938,0.568877551020408,0.6666666666666665,0.2216666666666666,0.3436426116838488,0.0463917525773195,0.5861182519280206,0.9115646258503404,0
2350,0.0,1,0,0.9278350515463916,0.5663265306122448,0.4444444444444445,0.0283333333333333,0.4879725085910653,0.8969072164948453,0.724935732647815,0.7278911564625851,0
2351,0.4,1,0,0.3814432989690722,0.3673469387755102,0.7777777777777777,0.1,0.0893470790378006,0.0103092783505154,0.2056555269922879,0.1972789115646258,0
2352,0.2,1,0,0.9175257731958762,0.6607142857142856,0.3333333333333333,0.7116666666666667,0.7147766323024055,0.3659793814432989,0.7069408740359898,0.6054421768707483,1
2353,0.6000000000000001,1,1,0.288659793814433,0.2040816326530612,0.1111111111111111,0.6416666666666668,0.0996563573883161,0.2783505154639175,0.2827763496143959,0.2585034013605442,1
2354,0.8,1,0,0.1855670103092783,0.1020408163265306,0.3333333333333333,0.1216666666666667,0.0687285223367697,0.1391752577319587,0.1902313624678663,0.1496598639455782,0
2355,1.0,1,0,0.6288659793814433,0.3647959183673469,0.3333333333333333,0.2816666666666667,0.4570446735395189,0.520618556701031,0.622107969151671,0.2585034013605442,0
2356,0.6000000000000001,0,1,0.4020618556701031,0.2704081632653061,0.3333333333333333,0.4133333333333334,0.3024054982817869,0.268041237113402,0.3316195372750642,0.2925170068027211,0
2357,0.0,0,0,0.9896907216494844,0.7423469387755102,1.0,0.53,0.0412371134020618,0.7525773195876289,0.8611825192802057,0.5646258503401361,1
2358,0.4,1,0,0.5154639175257731,0.3852040816326531,0.3333333333333333,0.5966666666666667,0.0412371134020618,0.3865979381443299,0.3213367609254499,0.217687074829932,1
2359,0.6000000000000001,1,0,0.7628865979381443,0.7244897959183673,0.8888888888888888,0.8016666666666667,0.7319587628865979,0.6391752577319587,0.7532133676092546,0.54421768707483,1
2360,0.6000000000000001,0,0,0.9278350515463916,0.8979591836734693,0.0,0.6916666666666667,0.3814432989690721,0.6082474226804123,0.5012853470437019,0.7959183673469389,1
2361,1.0,0,0,0.2061855670103092,0.1989795918367346,0.1111111111111111,0.1816666666666667,0.0103092783505154,0.0,0.1182519280205655,0.163265306122449,0
2362,0.4,0,1,0.8350515463917525,0.5178571428571428,0.4444444444444445,0.3400000000000001,0.0034364261168384,0.0463917525773195,0.8457583547557841,0.4557823129251701,0
2363,0.6000000000000001,1,1,0.6082474226804123,0.5433673469387754,0.7777777777777777,0.2133333333333333,0.0996563573883161,0.3144329896907216,0.3804627249357326,0.489795918367347,0
2364,0.4,1,0,0.4432989690721649,0.4158163265306122,1.0,0.6733333333333333,0.2199312714776632,0.2164948453608247,0.4267352185089974,0.163265306122449,1
2365,0.6000000000000001,0,0,0.6597938144329897,0.4719387755102041,0.5555555555555556,0.8900000000000001,0.6460481099656358,0.479381443298969,0.3444730077120823,0.326530612244898,1
2366,0.8,0,0,0.8969072164948453,0.8826530612244897,0.6666666666666665,0.6566666666666667,0.5292096219931272,0.1443298969072164,0.5218508997429306,0.6190476190476191,1
2367,0.8,1,1,0.3814432989690722,0.3316326530612244,1.0,0.255,0.3367697594501718,0.0257731958762886,0.3084832904884318,0.3197278911564626,0
2368,0.6000000000000001,1,1,0.8969072164948453,0.895408163265306,0.6666666666666665,0.1733333333333333,0.7663230240549828,0.3969072164948453,0.6709511568123394,0.4013605442176871,0
2369,1.0,0,0,0.6391752577319587,0.5612244897959183,0.5555555555555556,0.7933333333333334,0.0171821305841924,0.4690721649484536,0.6118251928020566,0.3945578231292517,1
2370,0.2,0,1,0.958762886597938,0.7244897959183673,0.7777777777777777,0.3766666666666667,0.845360824742268,0.2525773195876288,0.8097686375321338,0.4489795918367347,0
2371,0.6000000000000001,1,1,0.0103092783505154,0.0178571428571428,0.3333333333333333,0.5683333333333334,0.0240549828178694,0.0103092783505154,0.0205655526992287,0.0136054421768707,1
2372,1.0,0,0,0.4020618556701031,0.3061224489795918,0.2222222222222222,0.4700000000000001,0.3745704467353952,0.3144329896907216,0.3547557840616966,0.2380952380952381,1
2373,0.4,1,0,0.8144329896907216,0.5229591836734693,0.8888888888888888,0.7966666666666669,0.140893470790378,0.7989690721649484,0.4215938303341902,0.7210884353741497,1
2374,0.8,1,0,1.0,0.7168367346938774,0.4444444444444445,0.7716666666666667,0.8144329896907216,0.654639175257732,0.9125964010282775,0.3945578231292517,1
2375,0.0,0,0,0.4742268041237113,0.4770408163265306,0.5555555555555556,0.5833333333333335,0.2405498281786941,0.0515463917525773,0.3933161953727506,0.326530612244898,1
2376,0.0,1,1,0.2783505154639175,0.2397959183673469,0.0,0.8666666666666667,0.2302405498281786,0.0824742268041237,0.2262210796915167,0.2653061224489796,1
2377,0.2,0,1,0.3402061855670103,0.336734693877551,0.5555555555555556,0.8733333333333335,0.2886597938144329,0.2010309278350515,0.2904884318766066,0.2789115646258503,1
2378,0.2,0,1,0.4845360824742268,0.3137755102040816,0.1111111111111111,0.6966666666666668,0.4054982817869416,0.3762886597938144,0.2956298200514138,0.2585034013605442,1
2379,0.4,0,1,0.5051546391752577,0.3316326530612244,0.6666666666666665,0.0216666666666667,0.2027491408934708,0.4072164948453608,0.455012853470437,0.2653061224489796,0
2380,1.0,1,0,0.7319587628865979,0.6607142857142856,0.4444444444444445,0.7516666666666667,0.0481099656357388,0.6288659793814433,0.6786632390745502,0.7074829931972789,1
2381,0.0,1,1,0.0,0.0,0.8888888888888888,0.3666666666666667,0.0034364261168384,0.0154639175257731,0.0077120822622107,0.0068027210884353,0
2382,0.4,1,0,0.1237113402061855,0.1122448979591836,0.1111111111111111,0.0916666666666666,0.0721649484536082,0.0309278350515463,0.1053984575835475,0.0952380952380952,1
2383,0.6000000000000001,1,1,0.8762886597938143,0.8494897959183673,0.6666666666666665,0.0233333333333333,0.2646048109965636,0.5154639175257731,0.5501285347043703,0.4217687074829932,0
2384,0.2,0,1,0.268041237113402,0.1428571428571428,1.0,0.7133333333333334,0.0343642611683848,0.1649484536082474,0.2570694087403599,0.0952380952380952,1
2385,0.6000000000000001,1,1,0.9175257731958762,0.760204081632653,0.6666666666666665,0.44,0.9140893470790378,0.3762886597938144,0.5758354755784062,0.5578231292517007,1
2386,0.0,0,1,0.6804123711340205,0.3826530612244898,0.6666666666666665,0.665,0.6838487972508591,0.134020618556701,0.3496143958868895,0.5646258503401361,1
2387,0.0,0,1,0.4948453608247422,0.4260204081632653,0.2222222222222222,0.54,0.2302405498281786,0.3195876288659793,0.3881748071979434,0.4013605442176871,1
2388,0.0,1,1,0.4329896907216495,0.4209183673469387,0.6666666666666665,0.8250000000000002,0.2989690721649484,0.4484536082474226,0.3161953727506427,0.2312925170068027,1
2389,1.0,0,1,0.845360824742268,0.4668367346938775,1.0,0.6716666666666666,0.0859106529209622,0.3659793814432989,0.7326478149100257,0.6462585034013606,1
2390,0.8,1,0,0.7835051546391752,0.4336734693877551,0.1111111111111111,0.1566666666666667,0.1237113402061855,0.6752577319587628,0.6169665809768639,0.489795918367347,0
2391,0.8,1,1,0.4742268041237113,0.2448979591836734,0.6666666666666665,0.7983333333333333,0.1786941580756013,0.479381443298969,0.4704370179948586,0.1972789115646258,1
2392,0.2,1,0,0.3092783505154639,0.2168367346938775,0.1111111111111111,0.175,0.0343642611683848,0.134020618556701,0.2673521850899742,0.2312925170068027,0
2393,1.0,1,1,0.2164948453608247,0.1632653061224489,0.7777777777777777,0.52,0.2302405498281786,0.1701030927835051,0.2185089974293059,0.1360544217687075,1
2394,1.0,0,1,0.9278350515463916,0.7091836734693877,0.4444444444444445,0.2466666666666667,0.7663230240549828,0.1701030927835051,0.8457583547557841,0.7278911564625851,0
2395,0.4,0,1,0.4639175257731959,0.3418367346938775,0.2222222222222222,0.3433333333333334,0.0446735395189003,0.4072164948453608,0.4215938303341902,0.2380952380952381,0
2396,0.0,0,1,0.8041237113402061,0.7678571428571428,0.0,0.7933333333333334,0.570446735395189,0.0721649484536082,0.7403598971722366,0.5306122448979592,1
2397,0.2,1,1,0.2474226804123711,0.211734693877551,0.2222222222222222,0.7166666666666668,0.0274914089347079,0.1494845360824742,0.1465295629820051,0.2108843537414966,1
2398,0.6000000000000001,0,0,0.0,0.0127551020408163,1.0,0.7166666666666668,0.0,0.0154639175257731,0.0025706940874035,0.0204081632653061,1
2399,1.0,1,0,0.7319587628865979,0.4311224489795918,0.0,0.075,0.2096219931271477,0.4329896907216495,0.5886889460154242,0.3333333333333333,0
2400,0.8,0,0,0.3195876288659794,0.2933673469387755,0.0,0.9116666666666668,0.268041237113402,0.1237113402061855,0.3033419023136247,0.2040816326530612,1
2401,0.8,0,0,0.8350515463917525,0.586734693877551,1.0,0.1633333333333333,0.6357388316151202,0.5927835051546392,0.4318766066838046,0.6734693877551021,0
2402,1.0,0,1,0.4020618556701031,0.2372448979591836,0.0,0.0116666666666667,0.3024054982817869,0.4020618556701031,0.2107969151670951,0.2108843537414966,0
2403,0.2,0,0,0.7319587628865979,0.596938775510204,0.7777777777777777,0.9200000000000002,0.3230240549828179,0.3505154639175257,0.5732647814910027,0.5782312925170069,1
2404,0.2,0,0,0.9381443298969072,0.693877551020408,0.2222222222222222,0.1066666666666666,0.4192439862542955,0.711340206185567,0.6426735218508998,0.7346938775510204,0
2405,0.4,1,1,0.422680412371134,0.3801020408163265,0.5555555555555556,0.42,0.1168384879725085,0.1082474226804123,0.3187660668380462,0.326530612244898,1
2406,0.6000000000000001,0,0,0.2474226804123711,0.1989795918367346,0.0,0.2016666666666666,0.1443298969072164,0.1597938144329896,0.1516709511568123,0.1700680272108843,1
2407,1.0,1,0,0.2783505154639175,0.2423469387755102,0.5555555555555556,0.4800000000000001,0.2027491408934708,0.1185567010309278,0.1670951156812339,0.1972789115646258,1
2408,0.4,1,1,0.0721649484536082,0.0816326530612245,0.2222222222222222,0.7716666666666667,0.0790378006872852,0.0154639175257731,0.0437017994858611,0.0408163265306122,1
2409,0.6000000000000001,0,1,0.4845360824742268,0.4387755102040816,1.0,0.8716666666666668,0.4329896907216495,0.4484536082474226,0.3598971722365038,0.326530612244898,1
2410,0.0,1,0,0.7731958762886597,0.6249999999999999,0.4444444444444445,0.5700000000000001,0.5773195876288659,0.5515463917525774,0.6966580976863754,0.3061224489795918,1
2411,0.2,1,0,0.4639175257731959,0.4209183673469387,0.5555555555555556,0.5783333333333334,0.3573883161512027,0.4278350515463917,0.2647814910025707,0.2312925170068027,1
2412,1.0,0,0,0.288659793814433,0.2193877551020407,1.0,0.9766666666666668,0.0893470790378006,0.0515463917525773,0.2647814910025707,0.1904761904761905,1
2413,0.8,0,0,0.979381443298969,0.6607142857142856,0.1111111111111111,0.3633333333333334,0.9003436426116839,0.0,0.5706940874035991,0.9523809523809524,0
2414,0.0,1,1,0.6907216494845361,0.6760204081632653,1.0,0.3583333333333334,0.3711340206185567,0.1288659793814432,0.4215938303341902,0.5646258503401361,0
2415,0.4,0,1,0.3711340206185567,0.3086734693877551,0.3333333333333333,0.0666666666666666,0.0618556701030927,0.134020618556701,0.2416452442159383,0.1768707482993197,0
2416,0.6000000000000001,0,1,0.0412371134020618,0.0357142857142857,0.6666666666666665,0.3683333333333334,0.0,0.0515463917525773,0.0359897172236503,0.0408163265306122,0
2417,0.4,0,1,0.1030927835051546,0.0663265306122449,0.5555555555555556,0.05,0.0137457044673539,0.0824742268041237,0.0899742930591259,0.0408163265306122,0
2418,0.8,0,1,0.7835051546391752,0.6760204081632653,0.0,0.29,0.3058419243986254,0.5773195876288659,0.4652956298200514,0.380952380952381,1
2419,0.0,0,0,0.9072164948453608,0.8877551020408162,0.2222222222222222,0.9966666666666668,0.0171821305841924,0.8350515463917526,0.5244215938303343,0.6190476190476191,1
2420,0.2,0,0,0.268041237113402,0.2244897959183673,0.5555555555555556,0.2266666666666666,0.1237113402061855,0.0257731958762886,0.1928020565552699,0.2448979591836735,0
2421,0.2,0,0,0.7835051546391752,0.5357142857142857,0.4444444444444445,0.0433333333333333,0.7835051546391752,0.5515463917525774,0.467866323907455,0.3061224489795918,0
2422,0.8,1,1,0.4639175257731959,0.2346938775510204,0.8888888888888888,0.9600000000000002,0.4054982817869416,0.3402061855670103,0.455012853470437,0.2789115646258503,1
2423,0.4,1,0,0.4536082474226804,0.4387755102040816,1.0,0.4950000000000001,0.3917525773195876,0.3144329896907216,0.3547557840616966,0.2789115646258503,1
2424,0.8,1,0,0.5051546391752577,0.4030612244897959,0.6666666666666665,0.2266666666666666,0.3917525773195876,0.1391752577319587,0.3290488431876606,0.4557823129251701,0
2425,0.6000000000000001,0,1,0.6082474226804123,0.5739795918367346,0.8888888888888888,0.5666666666666667,0.5773195876288659,0.3762886597938144,0.4961439588688945,0.4081632653061224,1
2426,0.0,0,0,0.5979381443298969,0.5765306122448979,0.7777777777777777,0.0033333333333334,0.4192439862542955,0.3350515463917525,0.4473007712082262,0.4829931972789116,0
2427,0.4,0,0,0.845360824742268,0.5841836734693877,0.7777777777777777,0.2933333333333333,0.5223367697594502,0.2783505154639175,0.4730077120822622,0.5850340136054423,0
2428,0.4,1,0,0.9381443298969072,0.5535714285714285,0.6666666666666665,0.155,0.1477663230240549,0.1958762886597938,0.7223650385604113,0.9455782312925172,0
2429,0.0,1,0,0.4123711340206186,0.2551020408163265,0.4444444444444445,0.3433333333333334,0.3195876288659793,0.2319587628865979,0.3110539845758355,0.4081632653061224,0
2430,0.6000000000000001,1,0,0.9690721649484536,0.9566326530612244,0.4444444444444445,0.1966666666666666,0.2302405498281786,0.2835051546391752,0.8894601542416454,0.7687074829931974,0
2431,0.6000000000000001,1,0,0.556701030927835,0.3341836734693877,0.2222222222222222,0.9416666666666668,0.5120274914089347,0.5,0.3084832904884318,0.4081632653061224,1
2432,0.8,1,0,0.7835051546391752,0.721938775510204,0.0,0.6716666666666666,0.0171821305841924,0.6391752577319587,0.750642673521851,0.7142857142857143,1
2433,0.4,1,1,0.4432989690721649,0.3137755102040816,0.0,0.4466666666666667,0.2371134020618556,0.2010309278350515,0.4498714652956298,0.1972789115646258,1
2434,0.6000000000000001,1,0,0.2268041237113401,0.1428571428571428,0.0,0.2083333333333333,0.0378006872852233,0.0257731958762886,0.1825192802056555,0.1700680272108843,0
2435,0.0,0,0,0.3814432989690722,0.2806122448979591,0.5555555555555556,0.0083333333333334,0.1718213058419244,0.3041237113402061,0.2185089974293059,0.1428571428571428,0
2436,1.0,1,1,0.9690721649484536,0.5178571428571428,0.2222222222222222,0.26,0.5945017182130584,0.5670103092783505,0.5501285347043703,0.7891156462585035,0
2437,0.8,0,0,0.0721649484536082,0.058673469387755,0.0,0.5033333333333334,0.0206185567010309,0.0412371134020618,0.0745501285347043,0.0680272108843537,1
2438,0.6000000000000001,1,1,0.0927835051546391,0.0892857142857142,1.0,0.8566666666666667,0.0481099656357388,0.0773195876288659,0.0745501285347043,0.0748299319727891,1
2439,0.8,0,0,0.6391752577319587,0.6275510204081632,0.0,0.5666666666666667,0.3436426116838488,0.2938144329896907,0.4730077120822622,0.4285714285714286,1
2440,0.4,1,0,0.4536082474226804,0.375,0.1111111111111111,0.8616666666666668,0.2474226804123711,0.1237113402061855,0.3264781491002571,0.4489795918367347,1
2441,0.8,1,0,0.7628865979381443,0.7525510204081632,1.0,0.1016666666666666,0.4742268041237113,0.2989690721649484,0.3856041131105398,0.4013605442176871,0
2442,1.0,0,0,0.6804123711340205,0.5051020408163265,0.6666666666666665,0.8983333333333334,0.0652920962199312,0.0309278350515463,0.3933161953727506,0.5102040816326531,1
2443,1.0,1,0,0.7113402061855669,0.6811224489795917,1.0,0.4866666666666667,0.1752577319587628,0.4948453608247422,0.5115681233933163,0.5170068027210885,1
2444,0.8,0,1,0.6701030927835051,0.6224489795918366,0.2222222222222222,0.33,0.4432989690721649,0.0360824742268041,0.4755784061696658,0.5714285714285715,0
2445,1.0,0,1,0.5773195876288659,0.3086734693877551,0.2222222222222222,0.9116666666666668,0.1752577319587628,0.4639175257731958,0.3547557840616966,0.5170068027210885,1
2446,0.0,1,1,0.8659793814432989,0.7423469387755102,0.7777777777777777,0.5716666666666668,0.0343642611683848,0.7268041237113402,0.840616966580977,0.8367346938775511,1
2447,0.0,1,1,0.3402061855670103,0.2627551020408163,0.1111111111111111,0.1483333333333334,0.2852233676975945,0.2474226804123711,0.2262210796915167,0.1700680272108843,1
2448,0.4,1,1,0.4742268041237113,0.4387755102040816,1.0,0.135,0.0137457044673539,0.3556701030927835,0.3367609254498714,0.4761904761904762,0
2449,1.0,1,1,0.6082474226804123,0.3596938775510204,0.7777777777777777,0.1666666666666667,0.3161512027491409,0.1443298969072164,0.6041131105398458,0.380952380952381,0
2450,1.0,1,1,0.5154639175257731,0.3163265306122449,0.7777777777777777,0.6966666666666668,0.4020618556701031,0.0051546391752577,0.4575835475578406,0.489795918367347,1
2451,1.0,0,1,0.4020618556701031,0.3086734693877551,0.3333333333333333,0.015,0.281786941580756,0.0515463917525773,0.3264781491002571,0.2244897959183673,0
2452,1.0,0,0,0.3092783505154639,0.1811224489795918,0.0,0.8966666666666667,0.0756013745704467,0.1494845360824742,0.2544987146529563,0.2448979591836735,1
2453,0.6000000000000001,0,1,0.7525773195876289,0.5433673469387754,0.6666666666666665,0.6300000000000001,0.3024054982817869,0.6237113402061856,0.5089974293059126,0.761904761904762,1
2454,0.4,0,1,0.134020618556701,0.1071428571428571,0.6666666666666665,0.8766666666666667,0.1099656357388316,0.0876288659793814,0.1105398457583547,0.108843537414966,1
2455,0.8,1,1,0.1030927835051546,0.0714285714285714,0.7777777777777777,0.08,0.0412371134020618,0.1134020618556701,0.0822622107969151,0.1156462585034013,0
2456,0.2,1,1,0.845360824742268,0.4948979591836734,0.2222222222222222,0.2933333333333333,0.8487972508591065,0.8505154639175257,0.8097686375321338,0.8231292517006803,0
2457,0.0,0,1,0.7938144329896907,0.6632653061224489,0.3333333333333333,0.6100000000000001,0.1580756013745704,0.4742268041237113,0.4652956298200514,0.8027210884353743,1
2458,0.2,1,1,0.1958762886597938,0.1020408163265306,1.0,0.9933333333333334,0.0034364261168384,0.1185567010309278,0.1850899742930591,0.1564625850340136,1
2459,0.4,1,0,0.2371134020618556,0.1709183673469387,1.0,0.4116666666666667,0.0274914089347079,0.0618556701030927,0.1259640102827763,0.1564625850340136,0
2460,0.4,0,1,0.3608247422680412,0.3469387755102041,0.0,0.175,0.2027491408934708,0.1649484536082474,0.2262210796915167,0.3741496598639456,1
2461,1.0,1,0,0.0927835051546391,0.0943877551020408,0.7777777777777777,0.33,0.0137457044673539,0.0051546391752577,0.0514138817480719,0.0476190476190476,0
2462,1.0,1,0,0.6494845360824741,0.6249999999999999,0.3333333333333333,0.7983333333333333,0.2405498281786941,0.4948453608247422,0.3958868894601542,0.5986394557823129,1
2463,0.0,0,1,0.8247422680412371,0.7959183673469387,0.3333333333333333,0.1716666666666667,0.3951890034364261,0.4536082474226804,0.480719794344473,0.4149659863945578,0
2464,0.4,0,0,0.4948453608247422,0.3086734693877551,0.3333333333333333,0.6816666666666666,0.3883161512027491,0.3505154639175257,0.3341902313624678,0.2857142857142857,1
2465,0.2,0,0,0.134020618556701,0.1454081632653061,0.2222222222222222,0.3450000000000001,0.0893470790378006,0.1391752577319587,0.1156812339331619,0.1292517006802721,0
2466,1.0,0,0,0.3608247422680412,0.2244897959183673,0.8888888888888888,0.1133333333333334,0.1168384879725085,0.1237113402061855,0.2082262210796915,0.2244897959183673,0
2467,0.6000000000000001,1,1,0.4020618556701031,0.3647959183673469,0.7777777777777777,0.7666666666666668,0.1615120274914089,0.3402061855670103,0.3753213367609254,0.2040816326530612,1
2468,0.4,0,0,0.7216494845360825,0.4209183673469387,0.2222222222222222,0.8266666666666667,0.2268041237113402,0.3144329896907216,0.3624678663239074,0.6666666666666667,1
2469,0.2,1,0,0.1855670103092783,0.1198979591836734,0.2222222222222222,0.9600000000000002,0.0171821305841924,0.1494845360824742,0.1413881748071979,0.1020408163265306,1
2470,0.6000000000000001,0,0,0.1855670103092783,0.1122448979591836,0.6666666666666665,0.6216666666666668,0.0274914089347079,0.1752577319587628,0.1439588688946015,0.1020408163265306,1
2471,0.2,1,1,0.5051546391752577,0.2857142857142857,0.1111111111111111,0.7450000000000001,0.1718213058419244,0.4587628865979381,0.3547557840616966,0.4761904761904762,1
2472,0.2,0,0,0.5979381443298969,0.3392857142857143,0.5555555555555556,0.4816666666666667,0.3092783505154639,0.0154639175257731,0.3161953727506427,0.4829931972789116,1
2473,0.2,1,0,0.4845360824742268,0.4540816326530612,0.3333333333333333,0.1366666666666667,0.4673539518900343,0.0206185567010309,0.390745501285347,0.163265306122449,0
2474,0.6000000000000001,0,1,0.0721649484536082,0.0510204081632653,0.5555555555555556,1.0,0.0446735395189003,0.0,0.0771208226221079,0.0748299319727891,1
2475,0.2,1,1,0.7525773195876289,0.6301020408163265,0.8888888888888888,0.5466666666666666,0.120274914089347,0.1134020618556701,0.5501285347043703,0.3197278911564626,1
2476,0.4,1,0,0.6391752577319587,0.6301020408163265,0.5555555555555556,0.6116666666666668,0.4639175257731958,0.2835051546391752,0.647814910025707,0.3673469387755102,1
2477,0.4,1,1,0.8762886597938143,0.6658163265306122,0.0,0.7966666666666669,0.2920962199312715,0.1237113402061855,0.7326478149100257,0.7006802721088435,1
2478,0.8,1,1,0.7319587628865979,0.4311224489795918,0.8888888888888888,0.885,0.6357388316151202,0.2216494845360824,0.5835475578406171,0.3537414965986394,1
2479,1.0,1,0,0.7422680412371133,0.6836734693877551,0.1111111111111111,0.0333333333333333,0.6804123711340206,0.7525773195876289,0.6401028277634963,0.6394557823129252,1
2480,0.4,1,0,0.2577319587628866,0.2295918367346938,0.7777777777777777,0.5933333333333335,0.2646048109965636,0.1288659793814432,0.1568123393316195,0.2448979591836735,1
2481,0.6000000000000001,1,0,0.3298969072164948,0.2193877551020407,0.2222222222222222,0.9933333333333334,0.1443298969072164,0.2474226804123711,0.2544987146529563,0.2857142857142857,1
2482,0.6000000000000001,0,1,0.1958762886597938,0.1811224489795918,0.1111111111111111,0.0333333333333333,0.1134020618556701,0.1391752577319587,0.1542416452442159,0.1496598639455782,1
2483,0.4,0,0,0.2989690721649484,0.2602040816326531,0.4444444444444445,0.7516666666666667,0.1890034364261168,0.3041237113402061,0.2236503856041131,0.108843537414966,1
2484,1.0,0,0,0.4639175257731959,0.4362244897959184,0.0,0.3716666666666667,0.3642611683848797,0.3608247422680412,0.2724935732647814,0.3537414965986394,1
2485,1.0,1,0,0.2989690721649484,0.2602040816326531,0.2222222222222222,0.4733333333333334,0.2646048109965636,0.1082474226804123,0.2724935732647814,0.1972789115646258,1
2486,0.4,0,0,0.5670103092783505,0.5127551020408163,0.0,0.55,0.1030927835051546,0.1597938144329896,0.5732647814910027,0.1972789115646258,1
2487,0.6000000000000001,1,1,0.2164948453608247,0.1964285714285714,0.6666666666666665,0.2866666666666667,0.1512027491408934,0.1701030927835051,0.1902313624678663,0.1224489795918367,0
2488,0.0,0,1,0.6597938144329897,0.4642857142857143,0.7777777777777777,0.8366666666666667,0.5017182130584192,0.056701030927835,0.5526992287917738,0.6598639455782314,1
2489,0.4,1,1,0.2577319587628866,0.1556122448979591,0.8888888888888888,0.4116666666666667,0.1718213058419244,0.0876288659793814,0.2287917737789203,0.1156462585034013,0
2490,0.2,0,1,0.0618556701030927,0.0637755102040816,0.7777777777777777,0.7100000000000002,0.0687285223367697,0.0670103092783505,0.0719794344473007,0.0816326530612245,1
2491,0.2,1,0,0.6597938144329897,0.4642857142857143,0.3333333333333333,0.6866666666666668,0.0790378006872852,0.1649484536082474,0.6195372750642674,0.5170068027210885,1
2492,0.6000000000000001,1,0,0.3814432989690722,0.2653061224489796,0.2222222222222222,0.8166666666666667,0.3642611683848797,0.0979381443298969,0.313624678663239,0.1836734693877551,1
2493,1.0,0,0,0.0,0.0076530612244897,0.7777777777777777,0.16,0.0,0.0,0.0051413881748071,0.0136054421768707,0
2494,0.6000000000000001,1,0,0.1855670103092783,0.0994897959183673,0.2222222222222222,0.885,0.0446735395189003,0.0876288659793814,0.1696658097686375,0.0816326530612245,1
2495,0.4,1,1,0.9175257731958762,0.5255102040816326,1.0,0.5533333333333335,0.1443298969072164,0.0206185567010309,0.763496143958869,0.8979591836734695,1
2496,0.6000000000000001,1,0,0.4639175257731959,0.2678571428571428,0.3333333333333333,0.3783333333333334,0.4570446735395189,0.1597938144329896,0.3419023136246786,0.326530612244898,0
2497,0.6000000000000001,0,1,0.3092783505154639,0.2755102040816327,0.2222222222222222,0.6800000000000002,0.3058419243986254,0.2938144329896907,0.2005141388174807,0.1020408163265306,1
2498,0.4,0,0,0.1546391752577319,0.0994897959183673,0.6666666666666665,0.8816666666666668,0.0068728522336769,0.0824742268041237,0.1105398457583547,0.108843537414966,1
2499,0.2,0,0,0.2474226804123711,0.1989795918367346,0.5555555555555556,0.9233333333333332,0.1546391752577319,0.2628865979381443,0.1542416452442159,0.1700680272108843,1
2500,0.6000000000000001,0,1,0.2577319587628866,0.1632653061224489,0.6666666666666665,0.9983333333333336,0.0824742268041237,0.2164948453608247,0.1465295629820051,0.1360544217687075,1
2501,0.0,0,1,0.3505154639175258,0.3341836734693877,0.2222222222222222,0.4816666666666667,0.1237113402061855,0.0,0.2802056555269923,0.272108843537415,1
2502,0.8,1,1,0.7216494845360825,0.6556122448979591,0.2222222222222222,0.4516666666666667,0.1615120274914089,0.0,0.5732647814910027,0.2857142857142857,1
2503,0.4,0,1,0.2371134020618556,0.1556122448979591,0.2222222222222222,0.6800000000000002,0.2371134020618556,0.0103092783505154,0.2467866323907455,0.2380952380952381,1
2504,0.4,0,0,0.5463917525773195,0.4923469387755102,0.7777777777777777,0.0466666666666667,0.0824742268041237,0.2474226804123711,0.2724935732647814,0.2517006802721088,0
2505,0.6000000000000001,1,1,0.9278350515463916,0.846938775510204,0.3333333333333333,0.44,0.7147766323024055,0.7835051546391752,0.7583547557840618,0.7755102040816327,1
2506,0.6000000000000001,0,0,0.9072164948453608,0.4770408163265306,0.3333333333333333,0.655,0.6288659793814433,0.2319587628865979,0.7532133676092546,0.489795918367347,1
2507,0.8,0,1,0.5876288659793814,0.375,0.6666666666666665,0.5433333333333334,0.563573883161512,0.2371134020618556,0.4447300771208226,0.5578231292517007,1
2508,0.8,1,0,0.556701030927835,0.3903061224489796,0.5555555555555556,0.2833333333333334,0.3402061855670103,0.5515463917525774,0.3676092544987147,0.4761904761904762,0
2509,0.4,0,1,0.3092783505154639,0.3112244897959184,0.3333333333333333,0.915,0.0137457044673539,0.2731958762886597,0.2596401028277635,0.2993197278911564,1
2510,1.0,0,0,0.9175257731958762,0.7015306122448979,0.7777777777777777,0.4116666666666667,0.7525773195876289,0.3608247422680412,0.8123393316195373,0.6394557823129252,0
2511,0.0,0,1,0.4536082474226804,0.3775510204081632,0.0,0.195,0.1924398625429553,0.2010309278350515,0.2956298200514138,0.4489795918367347,1
2512,0.8,1,0,0.7319587628865979,0.3724489795918367,0.0,0.0966666666666666,0.4673539518900343,0.634020618556701,0.5167095115681235,0.4965986394557823,0
2513,1.0,0,1,0.1134020618556701,0.0714285714285714,0.7777777777777777,0.8766666666666667,0.0068728522336769,0.0876288659793814,0.1233933161953727,0.0952380952380952,1
2514,0.0,0,0,0.1649484536082474,0.0994897959183673,0.2222222222222222,0.8933333333333333,0.0446735395189003,0.0979381443298969,0.1670951156812339,0.1360544217687075,1
2515,0.6000000000000001,1,0,0.0309278350515463,0.0357142857142857,0.4444444444444445,0.3483333333333334,0.0137457044673539,0.0154639175257731,0.0282776349614395,0.0204081632653061,0
2516,0.4,0,1,0.5670103092783505,0.5153061224489796,1.0,0.4683333333333334,0.5223367697594502,0.4020618556701031,0.2853470437017995,0.5782312925170069,1
2517,0.8,1,0,0.0103092783505154,0.0204081632653061,0.1111111111111111,0.0983333333333333,0.0034364261168384,0.0,0.0179948586118251,0.0136054421768707,1
2518,1.0,1,1,0.1958762886597938,0.173469387755102,0.4444444444444445,0.3616666666666667,0.0412371134020618,0.1494845360824742,0.1311053984575835,0.0952380952380952,0
2519,0.2,0,1,0.5670103092783505,0.5051020408163265,0.6666666666666665,0.2366666666666667,0.4020618556701031,0.3762886597938144,0.4524421593830334,0.4421768707482993,0
2520,0.2,0,1,0.0927835051546391,0.0612244897959183,0.7777777777777777,0.0766666666666666,0.0652920962199312,0.0154639175257731,0.0488431876606683,0.054421768707483,0
2521,1.0,1,0,0.9381443298969072,0.8596938775510203,0.2222222222222222,0.7366666666666668,0.1443298969072164,0.0309278350515463,0.8354755784061697,0.5578231292517007,1
2522,0.2,1,1,0.3402061855670103,0.1989795918367346,0.4444444444444445,0.5433333333333334,0.2439862542955326,0.2835051546391752,0.1773778920308483,0.1972789115646258,1
2523,0.0,0,1,0.8247422680412371,0.7270408163265305,0.1111111111111111,0.5316666666666667,0.3092783505154639,0.056701030927835,0.5835475578406171,0.4285714285714286,1
2524,0.4,0,1,0.7525773195876289,0.4489795918367347,1.0,0.7233333333333334,0.3127147766323024,0.2835051546391752,0.5835475578406171,0.3333333333333333,1
2525,0.2,1,1,0.7010309278350515,0.645408163265306,0.2222222222222222,0.2,0.5189003436426116,0.5927835051546392,0.3856041131105398,0.5918367346938775,0
2526,1.0,0,1,0.3814432989690722,0.2040816326530612,0.8888888888888888,0.5,0.134020618556701,0.0309278350515463,0.2596401028277635,0.380952380952381,1
2527,0.6000000000000001,1,1,0.4639175257731959,0.3290816326530612,0.5555555555555556,0.2333333333333334,0.1374570446735395,0.1701030927835051,0.4190231362467866,0.2925170068027211,0
2528,1.0,0,1,0.1546391752577319,0.1249999999999999,0.7777777777777777,0.8666666666666667,0.0584192439862542,0.0618556701030927,0.0951156812339331,0.0680272108843537,1
2529,0.0,1,0,0.2371134020618556,0.1913265306122449,0.3333333333333333,0.2283333333333334,0.1993127147766323,0.0,0.1413881748071979,0.2244897959183673,0
2530,0.2,0,1,0.0206185567010309,0.0280612244897959,0.5555555555555556,0.28,0.0240549828178694,0.0,0.0308483290488431,0.0272108843537415,0
2531,0.0,0,1,0.2268041237113401,0.2244897959183673,0.3333333333333333,0.1133333333333334,0.0756013745704467,0.0103092783505154,0.1362467866323907,0.2244897959183673,0
2532,0.8,1,0,0.5670103092783505,0.5510204081632653,0.0,0.9516666666666668,0.1099656357388316,0.0876288659793814,0.3624678663239074,0.4149659863945578,1
2533,0.2,1,0,0.9896907216494844,0.9591836734693876,0.1111111111111111,0.8600000000000001,0.7491408934707904,0.6288659793814433,0.6632390745501286,0.5782312925170069,1
2534,1.0,1,0,0.9072164948453608,0.8290816326530611,0.1111111111111111,0.7883333333333333,0.3642611683848797,0.211340206185567,0.4781491002570694,0.7823129251700681,1
2535,0.6000000000000001,0,0,0.0618556701030927,0.0688775510204081,0.6666666666666665,0.4600000000000001,0.0412371134020618,0.0670103092783505,0.0591259640102827,0.0272108843537415,1
2536,0.2,1,0,0.1443298969072164,0.1071428571428571,0.6666666666666665,0.6216666666666668,0.0652920962199312,0.1391752577319587,0.0874035989717223,0.0884353741496598,1
2537,0.0,1,1,0.9896907216494844,0.8622448979591836,1.0,0.7666666666666668,0.7388316151202748,0.4845360824742268,0.8508997429305913,0.9251700680272108,1
2538,1.0,0,1,0.2783505154639175,0.183673469387755,0.5555555555555556,0.6300000000000001,0.1168384879725085,0.1546391752577319,0.2724935732647814,0.2517006802721088,1
2539,0.8,0,1,0.3814432989690722,0.298469387755102,0.6666666666666665,0.9883333333333336,0.2061855670103092,0.2422680412371134,0.3239074550128534,0.3537414965986394,1
2540,0.0,1,1,0.3195876288659794,0.221938775510204,0.8888888888888888,0.7566666666666668,0.2096219931271477,0.2010309278350515,0.1696658097686375,0.3197278911564626,1
2541,0.6000000000000001,1,1,0.0515463917525773,0.048469387755102,0.3333333333333333,0.5283333333333333,0.0549828178694158,0.0206185567010309,0.0539845758354755,0.0612244897959183,1
2542,0.6000000000000001,0,1,0.845360824742268,0.7448979591836734,1.0,0.6016666666666668,0.5017182130584192,0.1752577319587628,0.7352185089974294,0.7414965986394558,1
2543,0.2,1,1,0.3917525773195876,0.3010204081632653,0.5555555555555556,0.0933333333333333,0.3608247422680412,0.1288659793814432,0.3933161953727506,0.3401360544217687,0
2544,0.0,0,1,0.1752577319587628,0.1530612244897959,0.7777777777777777,0.8516666666666668,0.0378006872852233,0.0051546391752577,0.1233933161953727,0.1292517006802721,1
2545,0.0,0,0,0.3814432989690722,0.3647959183673469,0.0,0.7166666666666668,0.3161512027491409,0.2061855670103092,0.3676092544987147,0.3673469387755102,1
2546,1.0,0,0,0.7422680412371133,0.4515306122448979,0.0,0.8200000000000001,0.1821305841924398,0.4845360824742268,0.5038560411311055,0.3605442176870748,1
2547,1.0,0,1,0.5876288659793814,0.4005102040816326,0.2222222222222222,0.8300000000000001,0.5463917525773195,0.2577319587628865,0.3084832904884318,0.2108843537414966,1
2548,0.4,0,0,0.1237113402061855,0.0663265306122449,0.5555555555555556,0.3166666666666667,0.0206185567010309,0.0824742268041237,0.1336760925449871,0.0884353741496598,0
2549,0.4,1,1,0.1649484536082474,0.1326530612244897,0.2222222222222222,0.2466666666666667,0.0996563573883161,0.0154639175257731,0.1362467866323907,0.0884353741496598,0
2550,0.0,1,1,0.0824742268041237,0.0714285714285714,0.2222222222222222,0.3750000000000001,0.0652920962199312,0.0876288659793814,0.0642673521850899,0.0952380952380952,0
2551,0.2,1,0,0.7422680412371133,0.4821428571428571,1.0,0.1916666666666667,0.0756013745704467,0.2474226804123711,0.7429305912596402,0.4761904761904762,0
2552,1.0,1,0,0.2577319587628866,0.2627551020408163,0.7777777777777777,0.3266666666666667,0.0274914089347079,0.1494845360824742,0.2416452442159383,0.163265306122449,0
2553,0.2,0,1,0.3505154639175258,0.3265306122448979,0.3333333333333333,0.405,0.0996563573883161,0.0051546391752577,0.2467866323907455,0.1836734693877551,0
2554,1.0,1,0,0.7010309278350515,0.461734693877551,0.5555555555555556,0.3666666666666667,0.1615120274914089,0.61340206185567,0.429305912596401,0.2585034013605442,0
2555,0.8,0,1,0.4948453608247422,0.4515306122448979,0.6666666666666665,0.0116666666666667,0.1821305841924398,0.2886597938144329,0.3213367609254499,0.2244897959183673,0
2556,0.4,1,0,0.1649484536082474,0.1377551020408163,0.6666666666666665,0.3366666666666666,0.0481099656357388,0.056701030927835,0.1053984575835475,0.0884353741496598,0
2557,0.4,1,1,0.4639175257731959,0.298469387755102,0.2222222222222222,0.3416666666666667,0.1168384879725085,0.1958762886597938,0.455012853470437,0.1564625850340136,0
2558,0.4,0,1,0.6701030927835051,0.5816326530612245,0.1111111111111111,0.0066666666666667,0.4948453608247422,0.3659793814432989,0.6169665809768639,0.6802721088435375,1
2559,1.0,0,0,0.5773195876288659,0.4387755102040816,0.4444444444444445,0.6983333333333335,0.1993127147766323,0.0979381443298969,0.3110539845758355,0.2108843537414966,1
2560,0.0,1,1,0.5876288659793814,0.5714285714285714,0.8888888888888888,0.925,0.4604810996563573,0.3247422680412371,0.365038560411311,0.272108843537415,1
2561,0.8,0,0,0.5979381443298969,0.3954081632653061,0.8888888888888888,0.4883333333333334,0.2336769759450171,0.2474226804123711,0.3316195372750642,0.435374149659864,1
2562,0.2,0,1,0.0515463917525773,0.0280612244897959,0.4444444444444445,0.3716666666666667,0.0240549828178694,0.056701030927835,0.0334190231362467,0.0612244897959183,0
2563,0.0,0,1,0.3608247422680412,0.3265306122448979,0.6666666666666665,0.1416666666666667,0.3642611683848797,0.3505154639175257,0.2287917737789203,0.3333333333333333,0
2564,0.0,1,1,0.7113402061855669,0.4846938775510204,0.2222222222222222,0.8050000000000002,0.134020618556701,0.2474226804123711,0.5526992287917738,0.3401360544217687,1
2565,1.0,1,1,0.0927835051546391,0.0918367346938775,0.0,0.3966666666666667,0.0137457044673539,0.0670103092783505,0.1028277634961439,0.108843537414966,1
2566,0.6000000000000001,0,1,0.958762886597938,0.5051020408163265,0.0,0.3433333333333334,0.5773195876288659,0.0412371134020618,0.8329048843187662,0.7482993197278912,0
2567,0.8,0,1,0.2061855670103092,0.211734693877551,0.0,0.2683333333333334,0.0481099656357388,0.1546391752577319,0.1131105398457583,0.1428571428571428,1
2568,0.8,0,1,0.5463917525773195,0.5025510204081632,0.3333333333333333,0.6100000000000001,0.1305841924398625,0.2422680412371134,0.455012853470437,0.5374149659863946,1
2569,0.6000000000000001,0,1,0.4329896907216495,0.4081632653061224,1.0,0.435,0.1890034364261168,0.4123711340206185,0.300771208226221,0.272108843537415,1
2570,1.0,0,0,0.4948453608247422,0.2678571428571428,0.4444444444444445,0.075,0.422680412371134,0.2577319587628865,0.3547557840616966,0.4285714285714286,0
2571,0.8,0,1,0.6082474226804123,0.3112244897959184,0.6666666666666665,0.9366666666666668,0.3883161512027491,0.0773195876288659,0.5552699228791774,0.4625850340136054,1
2572,0.6000000000000001,0,0,0.8144329896907216,0.5612244897959183,0.4444444444444445,0.6433333333333333,0.7010309278350515,0.4484536082474226,0.4858611825192802,0.4217687074829932,1
2573,0.8,1,1,0.7010309278350515,0.4923469387755102,0.3333333333333333,0.6800000000000002,0.6048109965635738,0.134020618556701,0.6169665809768639,0.3061224489795918,1
2574,0.8,0,0,0.556701030927835,0.3698979591836734,1.0,0.5933333333333335,0.3298969072164948,0.4742268041237113,0.2904884318766066,0.4421768707482993,1
2575,0.8,1,0,0.1649484536082474,0.1709183673469387,0.6666666666666665,0.7383333333333335,0.0893470790378006,0.0515463917525773,0.1079691516709511,0.1020408163265306,1
2576,0.4,1,0,0.3505154639175258,0.3010204081632653,0.6666666666666665,0.18,0.3470790378006873,0.2164948453608247,0.3264781491002571,0.3673469387755102,0
2577,1.0,1,0,0.0412371134020618,0.0255102040816326,0.6666666666666665,0.18,0.0343642611683848,0.0154639175257731,0.0334190231362467,0.0612244897959183,0
2578,0.2,1,1,0.4845360824742268,0.413265306122449,0.5555555555555556,0.2316666666666667,0.2577319587628865,0.0721649484536082,0.2570694087403599,0.489795918367347,0
2579,0.6000000000000001,1,1,0.288659793814433,0.173469387755102,0.2222222222222222,0.1916666666666667,0.0687285223367697,0.2938144329896907,0.2365038560411311,0.1700680272108843,0
2580,0.0,0,1,0.3711340206185567,0.2627551020408163,0.5555555555555556,0.3166666666666667,0.1134020618556701,0.3350515463917525,0.3624678663239074,0.2108843537414966,0
2581,0.2,1,1,0.7628865979381443,0.7576530612244897,0.7777777777777777,0.9733333333333334,0.4570446735395189,0.1855670103092783,0.4344473007712082,0.7346938775510204,1
2582,0.8,1,0,0.7835051546391752,0.6403061224489796,0.8888888888888888,0.2083333333333333,0.1030927835051546,0.7216494845360825,0.776349614395887,0.489795918367347,0
2583,0.0,1,0,0.6804123711340205,0.5459183673469387,1.0,0.7166666666666668,0.6013745704467354,0.0670103092783505,0.4704370179948586,0.2448979591836735,1
2584,0.8,1,1,0.5876288659793814,0.4336734693877551,1.0,0.595,0.0515463917525773,0.2886597938144329,0.3264781491002571,0.2789115646258503,1
2585,0.4,0,0,0.4845360824742268,0.4209183673469387,0.4444444444444445,0.3,0.0756013745704467,0.4587628865979381,0.3161953727506427,0.1836734693877551,0
2586,0.6000000000000001,0,1,0.0927835051546391,0.0714285714285714,0.7777777777777777,0.0933333333333333,0.0446735395189003,0.0051546391752577,0.0694087403598971,0.108843537414966,0
2587,0.2,0,1,0.9896907216494844,0.9107142857142856,0.5555555555555556,0.5483333333333333,0.9621993127147768,0.211340206185567,0.7583547557840618,0.761904761904762,1
2588,0.2,1,1,0.1030927835051546,0.1122448979591836,0.0,0.6116666666666668,0.0378006872852233,0.0154639175257731,0.1002570694087403,0.054421768707483,1
2589,0.0,0,0,0.4639175257731959,0.2857142857142857,0.8888888888888888,0.4316666666666667,0.2577319587628865,0.0,0.4730077120822622,0.1768707482993197,1
2590,0.8,1,0,0.6701030927835051,0.4005102040816326,0.1111111111111111,0.8183333333333334,0.0,0.6701030927835051,0.5244215938303343,0.3537414965986394,1
2591,0.0,0,1,0.3608247422680412,0.2806122448979591,0.2222222222222222,0.3966666666666667,0.2130584192439862,0.0206185567010309,0.2596401028277635,0.3673469387755102,0
2592,0.4,1,0,0.7422680412371133,0.4005102040816326,1.0,0.0966666666666666,0.5738831615120275,0.2835051546391752,0.6812339331619538,0.2925170068027211,0
2593,0.4,0,0,0.3195876288659794,0.2908163265306122,0.6666666666666665,0.2316666666666667,0.1374570446735395,0.3247422680412371,0.2056555269922879,0.1156462585034013,0
2594,0.4,1,1,0.4742268041237113,0.3826530612244898,0.5555555555555556,0.3383333333333334,0.1134020618556701,0.2061855670103092,0.300771208226221,0.2925170068027211,0
2595,0.8,1,1,0.4536082474226804,0.2959183673469387,0.2222222222222222,0.8500000000000001,0.3848797250859106,0.422680412371134,0.442159383033419,0.3537414965986394,1
2596,0.2,1,1,0.8041237113402061,0.7729591836734693,0.6666666666666665,0.0033333333333334,0.436426116838488,0.6752577319587628,0.6066838046272495,0.4625850340136054,0
2597,0.0,0,0,0.4020618556701031,0.2168367346938775,0.8888888888888888,0.0,0.3745704467353952,0.3298969072164948,0.2133676092544987,0.2380952380952381,0
2598,0.8,0,0,0.2474226804123711,0.1760204081632652,0.7777777777777777,0.52,0.0446735395189003,0.0515463917525773,0.1413881748071979,0.0952380952380952,1
2599,0.6000000000000001,0,0,0.1134020618556701,0.1198979591836734,0.2222222222222222,0.6433333333333333,0.0927835051546391,0.1030927835051546,0.0976863753213367,0.0612244897959183,1
2600,0.0,1,1,0.2164948453608247,0.1173469387755102,0.5555555555555556,0.1816666666666667,0.1134020618556701,0.1237113402061855,0.1131105398457583,0.217687074829932,0
2601,1.0,1,0,0.0103092783505154,0.0153061224489795,0.2222222222222222,0.32,0.0274914089347079,0.0154639175257731,0.0102827763496143,0.0272108843537415,0
2602,0.0,1,1,0.7010309278350515,0.5459183673469387,1.0,0.33,0.2268041237113402,0.2835051546391752,0.3701799485861182,0.2653061224489796,0
2603,0.6000000000000001,0,1,0.4329896907216495,0.2704081632653061,0.8888888888888888,0.5183333333333333,0.2955326460481099,0.3247422680412371,0.2185089974293059,0.2040816326530612,1
2604,1.0,0,1,0.5051546391752577,0.2933673469387755,0.2222222222222222,0.7933333333333334,0.2611683848797251,0.0206185567010309,0.2622107969151671,0.2993197278911564,1
2605,0.2,0,0,0.5876288659793814,0.3239795918367347,0.2222222222222222,0.7983333333333333,0.3711340206185567,0.5979381443298969,0.3290488431876606,0.4489795918367347,1
2606,0.6000000000000001,1,1,0.7835051546391752,0.6862244897959183,0.7777777777777777,0.4333333333333333,0.1237113402061855,0.4175257731958763,0.5526992287917738,0.5850340136054423,1
2607,0.8,1,1,0.2061855670103092,0.1224489795918367,0.2222222222222222,0.0133333333333334,0.1099656357388316,0.134020618556701,0.1619537275064267,0.2108843537414966,0
2608,0.8,0,0,0.5360824742268041,0.3137755102040816,0.8888888888888888,0.81,0.0103092783505154,0.1288659793814432,0.532133676092545,0.4489795918367347,1
2609,0.2,0,0,0.7422680412371133,0.7346938775510203,0.3333333333333333,0.4950000000000001,0.415807560137457,0.2474226804123711,0.4113110539845758,0.4761904761904762,1
2610,0.8,1,0,0.5773195876288659,0.298469387755102,0.5555555555555556,0.8516666666666668,0.3230240549828179,0.4536082474226804,0.3573264781491002,0.2108843537414966,1
2611,0.2,1,1,0.5773195876288659,0.3239795918367347,0.5555555555555556,0.9366666666666668,0.3883161512027491,0.4329896907216495,0.300771208226221,0.2653061224489796,1
2612,0.6000000000000001,0,1,0.4742268041237113,0.3545918367346938,0.5555555555555556,0.1149999999999999,0.1099656357388316,0.0103092783505154,0.352185089974293,0.2040816326530612,0
2613,0.2,0,1,0.7422680412371133,0.6020408163265305,0.1111111111111111,0.645,0.7147766323024055,0.5618556701030928,0.6632390745501286,0.380952380952381,1
2614,0.0,0,1,0.9690721649484536,0.4923469387755102,0.5555555555555556,0.3333333333333333,0.7388316151202748,0.0360824742268041,0.9588688946015425,0.7414965986394558,0
2615,0.4,0,1,0.0,0.0051020408163265,0.2222222222222222,0.7433333333333334,0.0137457044673539,0.0,0.0051413881748071,0.0,1
2616,0.8,0,0,0.0515463917525773,0.0459183673469387,0.6666666666666665,0.5316666666666667,0.0652920962199312,0.0360824742268041,0.0539845758354755,0.0680272108843537,1
2617,0.4,0,0,0.7628865979381443,0.4183673469387755,1.0,0.6533333333333333,0.3402061855670103,0.4948453608247422,0.6375321336760926,0.5034013605442177,1
2618,0.2,0,1,0.1237113402061855,0.0765306122448979,0.8888888888888888,0.035,0.0309278350515463,0.0773195876288659,0.0694087403598971,0.0476190476190476,0
2619,0.4,0,1,0.3711340206185567,0.375,0.6666666666666665,0.7166666666666668,0.3711340206185567,0.1494845360824742,0.2673521850899742,0.2448979591836735,1
2620,0.6000000000000001,0,0,0.2577319587628866,0.2678571428571428,0.2222222222222222,0.3,0.1512027491408934,0.0,0.2570694087403599,0.2380952380952381,0
2621,0.4,0,1,0.4948453608247422,0.2653061224489796,0.0,0.7550000000000001,0.4329896907216495,0.4639175257731958,0.2879177377892031,0.3877551020408163,1
2622,0.8,1,1,0.9072164948453608,0.7295918367346939,0.2222222222222222,0.5616666666666668,0.3883161512027491,0.0618556701030927,0.840616966580977,0.326530612244898,1
2623,0.6000000000000001,1,0,0.3608247422680412,0.221938775510204,0.2222222222222222,0.305,0.3195876288659793,0.0206185567010309,0.2467866323907455,0.2448979591836735,0
2624,0.8,0,1,0.0103092783505154,0.0204081632653061,0.1111111111111111,0.025,0.0240549828178694,0.0051546391752577,0.0154241645244215,0.0068027210884353,1
2625,0.8,1,0,0.1649484536082474,0.096938775510204,0.3333333333333333,0.7950000000000002,0.0756013745704467,0.1288659793814432,0.0848329048843187,0.1292517006802721,1
2626,0.4,1,0,0.7938144329896907,0.4438775510204081,0.1111111111111111,0.17,0.718213058419244,0.6082474226804123,0.6503856041131106,0.5714285714285715,0
2627,0.8,1,1,0.1958762886597938,0.1887755102040816,0.3333333333333333,0.3216666666666667,0.1477663230240549,0.0206185567010309,0.1053984575835475,0.0884353741496598,0
2628,0.0,1,1,0.0721649484536082,0.0714285714285714,0.1111111111111111,0.0916666666666666,0.0584192439862542,0.0051546391752577,0.0694087403598971,0.0340136054421768,1
2629,0.6000000000000001,1,0,1.0,0.5943877551020408,0.8888888888888888,0.4283333333333333,0.6288659793814433,0.4432989690721649,0.5835475578406171,0.6190476190476191,1
2630,0.0,0,1,0.556701030927835,0.5025510204081632,1.0,0.51,0.2439862542955326,0.0257731958762886,0.506426735218509,0.5170068027210885,1
2631,0.2,0,1,0.5979381443298969,0.3035714285714285,0.7777777777777777,0.7383333333333335,0.3024054982817869,0.134020618556701,0.5218508997429306,0.1972789115646258,1
2632,1.0,0,0,0.5670103092783505,0.461734693877551,0.1111111111111111,0.4650000000000001,0.4398625429553264,0.2061855670103092,0.4344473007712082,0.3333333333333333,1
2633,0.0,1,1,0.9072164948453608,0.836734693877551,1.0,0.7233333333333334,0.0962199312714776,0.3041237113402061,0.6426735218508998,0.7006802721088435,1
2634,0.0,1,0,0.7319587628865979,0.4030612244897959,0.0,0.3166666666666667,0.2611683848797251,0.0721649484536082,0.5526992287917738,0.7278911564625851,0
2635,1.0,1,0,0.5257731958762886,0.5153061224489796,0.7777777777777777,0.8366666666666667,0.3848797250859106,0.3659793814432989,0.5347043701799487,0.2789115646258503,1
2636,0.2,0,1,0.3402061855670103,0.1811224489795918,0.7777777777777777,0.945,0.0171821305841924,0.3402061855670103,0.2365038560411311,0.1428571428571428,1
2637,0.0,0,0,0.0824742268041237,0.048469387755102,0.5555555555555556,0.0033333333333334,0.0756013745704467,0.0206185567010309,0.0874035989717223,0.0952380952380952,0
2638,0.0,0,0,0.5051546391752577,0.4999999999999999,0.5555555555555556,0.945,0.0618556701030927,0.3659793814432989,0.4627249357326478,0.3877551020408163,1
2639,0.0,1,1,0.2783505154639175,0.2448979591836734,0.3333333333333333,0.02,0.0618556701030927,0.2319587628865979,0.2802056555269923,0.2517006802721088,0
2640,0.6000000000000001,0,0,0.7628865979381443,0.4795918367346938,0.6666666666666665,0.77,0.5085910652920962,0.7731958762886598,0.596401028277635,0.4965986394557823,1
2641,1.0,0,1,0.5979381443298969,0.3673469387755102,0.8888888888888888,0.27,0.5292096219931272,0.5,0.3470437017994858,0.2380952380952381,0
2642,0.2,1,0,0.6288659793814433,0.4566326530612244,0.8888888888888888,0.915,0.1477663230240549,0.2989690721649484,0.390745501285347,0.3537414965986394,1
2643,0.6000000000000001,0,0,0.1752577319587628,0.1811224489795918,0.8888888888888888,0.4866666666666667,0.0790378006872852,0.1546391752577319,0.1465295629820051,0.1224489795918367,1
2644,0.8,1,0,0.0412371134020618,0.0280612244897959,0.1111111111111111,0.3450000000000001,0.0068728522336769,0.0154639175257731,0.0359897172236503,0.0272108843537415,0
2645,0.4,0,1,0.4020618556701031,0.2831632653061224,0.6666666666666665,0.3416666666666667,0.2783505154639175,0.3865979381443299,0.2519280205655527,0.3741496598639456,0
2646,0.0,0,1,0.0618556701030927,0.0739795918367346,0.3333333333333333,0.2783333333333334,0.0309278350515463,0.0206185567010309,0.0719794344473007,0.054421768707483,0
2647,0.4,0,0,0.6597938144329897,0.5765306122448979,0.7777777777777777,0.405,0.0859106529209622,0.5670103092783505,0.6683804627249358,0.5782312925170069,0
2648,0.8,1,1,0.0103092783505154,0.0204081632653061,0.5555555555555556,0.6233333333333333,0.0206185567010309,0.0,0.0128534704370179,0.0136054421768707,1
2649,0.6000000000000001,1,0,0.6082474226804123,0.336734693877551,0.0,0.6950000000000001,0.5395189003436426,0.2164948453608247,0.4061696658097686,0.2312925170068027,1
2650,1.0,0,1,0.4742268041237113,0.4260204081632653,0.4444444444444445,0.6100000000000001,0.2336769759450171,0.2783505154639175,0.3110539845758355,0.1972789115646258,1
2651,0.8,0,0,0.4432989690721649,0.4336734693877551,0.8888888888888888,0.8833333333333335,0.0068728522336769,0.2164948453608247,0.300771208226221,0.1700680272108843,1
2652,0.4,1,0,0.3711340206185567,0.2321428571428571,0.7777777777777777,0.1383333333333334,0.2852233676975945,0.0257731958762886,0.2287917737789203,0.1564625850340136,0
2653,0.4,1,1,0.7010309278350515,0.4744897959183673,0.3333333333333333,0.4733333333333334,0.4467353951890034,0.7010309278350515,0.5218508997429306,0.3401360544217687,1
2654,0.4,0,0,0.4329896907216495,0.3545918367346938,0.8888888888888888,0.8316666666666668,0.2164948453608247,0.4020618556701031,0.2699228791773779,0.163265306122449,1
2655,1.0,1,0,0.5257731958762886,0.4872448979591837,0.2222222222222222,0.3500000000000001,0.5051546391752577,0.3608247422680412,0.3419023136246786,0.2517006802721088,0
2656,0.0,0,1,0.2474226804123711,0.1428571428571428,0.2222222222222222,0.4533333333333333,0.1993127147766323,0.1597938144329896,0.1799485861182519,0.2585034013605442,1
2657,0.6000000000000001,0,0,0.3195876288659794,0.3265306122448979,0.0,0.4233333333333333,0.2061855670103092,0.1288659793814432,0.1645244215938303,0.2585034013605442,1
2658,0.2,0,1,0.1030927835051546,0.1147959183673469,0.2222222222222222,0.0733333333333333,0.0996563573883161,0.0876288659793814,0.0745501285347043,0.0884353741496598,0
2659,0.6000000000000001,1,0,0.422680412371134,0.211734693877551,0.3333333333333333,0.9683333333333336,0.3127147766323024,0.268041237113402,0.377892030848329,0.3741496598639456,1
2660,0.0,0,1,0.845360824742268,0.6862244897959183,0.4444444444444445,0.3566666666666667,0.0859106529209622,0.3298969072164948,0.5089974293059126,0.489795918367347,0
2661,0.0,1,0,0.0412371134020618,0.0382653061224489,0.8888888888888888,0.8266666666666667,0.0343642611683848,0.0360824742268041,0.0231362467866323,0.0340136054421768,1
2662,0.4,1,1,0.4639175257731959,0.4056122448979591,0.5555555555555556,0.8366666666666667,0.0790378006872852,0.2783505154639175,0.3727506426735218,0.4557823129251701,1
2663,0.6000000000000001,1,0,0.4123711340206186,0.3112244897959184,1.0,0.125,0.0446735395189003,0.2628865979381443,0.2724935732647814,0.163265306122449,0
2664,0.4,1,0,0.422680412371134,0.3673469387755102,0.0,0.9516666666666668,0.140893470790378,0.3762886597938144,0.3496143958868895,0.2993197278911564,1
2665,0.0,0,0,0.0618556701030927,0.0663265306122449,0.0,0.2316666666666667,0.0034364261168384,0.0463917525773195,0.0616966580976863,0.0816326530612245,1
2666,0.0,0,1,0.9381443298969072,0.808673469387755,0.3333333333333333,0.2300000000000001,0.852233676975945,0.3298969072164948,0.8894601542416454,0.8435374149659864,0
2667,1.0,0,0,0.6185567010309277,0.3418367346938775,0.0,0.28,0.1134020618556701,0.634020618556701,0.3496143958868895,0.3741496598639456,0
2668,0.6000000000000001,1,1,0.3402061855670103,0.2525510204081633,0.5555555555555556,0.5750000000000002,0.3573883161512027,0.2938144329896907,0.2493573264781491,0.163265306122449,1
2669,0.4,1,1,0.3505154639175258,0.2270408163265306,0.8888888888888888,0.6666666666666667,0.1512027491408934,0.0927835051546391,0.2673521850899742,0.2380952380952381,1
2670,1.0,1,1,0.958762886597938,0.9285714285714284,0.7777777777777777,0.08,0.120274914089347,0.1134020618556701,0.8046272493573265,0.7755102040816327,0
2671,1.0,1,1,0.0412371134020618,0.0280612244897959,0.4444444444444445,0.9616666666666668,0.0481099656357388,0.0206185567010309,0.0437017994858611,0.0476190476190476,1
2672,0.0,0,1,0.3711340206185567,0.3724489795918367,0.2222222222222222,0.9983333333333336,0.268041237113402,0.0309278350515463,0.3110539845758355,0.1904761904761905,1
2673,0.6000000000000001,1,1,0.1237113402061855,0.0816326530612245,0.5555555555555556,0.5166666666666668,0.0412371134020618,0.0309278350515463,0.0899742930591259,0.0952380952380952,1
2674,0.2,0,0,0.6288659793814433,0.6020408163265305,0.1111111111111111,0.7366666666666668,0.0515463917525773,0.3659793814432989,0.5526992287917738,0.2925170068027211,1
2675,0.2,0,1,0.268041237113402,0.1607142857142857,0.8888888888888888,0.8350000000000002,0.1374570446735395,0.2525773195876288,0.1748071979434447,0.2517006802721088,1
2676,0.8,1,1,0.5360824742268041,0.4285714285714285,0.0,0.3883333333333334,0.4742268041237113,0.2628865979381443,0.3059125964010282,0.3197278911564626,1
2677,0.6000000000000001,0,1,0.6288659793814433,0.6020408163265305,0.7777777777777777,0.5933333333333335,0.436426116838488,0.479381443298969,0.3830334190231362,0.3469387755102041,1
2678,0.6000000000000001,1,1,0.3814432989690722,0.3571428571428571,0.8888888888888888,0.8083333333333333,0.3745704467353952,0.3917525773195876,0.3496143958868895,0.3333333333333333,1
2679,0.4,1,1,0.4123711340206186,0.3928571428571428,0.0,0.0533333333333333,0.2405498281786941,0.0360824742268041,0.3341902313624678,0.2040816326530612,1
2680,0.0,1,0,0.2989690721649484,0.1989795918367346,0.8888888888888888,0.78,0.0137457044673539,0.0824742268041237,0.2904884318766066,0.163265306122449,1
2681,0.2,1,0,0.3298969072164948,0.211734693877551,0.2222222222222222,0.5666666666666667,0.2646048109965636,0.0515463917525773,0.1928020565552699,0.2993197278911564,1
2682,0.8,0,0,0.134020618556701,0.0714285714285714,0.2222222222222222,0.975,0.0034364261168384,0.1443298969072164,0.0899742930591259,0.1292517006802721,1
2683,0.6000000000000001,0,1,0.0721649484536082,0.0433673469387755,0.8888888888888888,0.7866666666666668,0.0790378006872852,0.0360824742268041,0.0822622107969151,0.054421768707483,1
2684,0.8,1,1,0.7835051546391752,0.645408163265306,0.1111111111111111,0.6083333333333334,0.0343642611683848,0.1185567010309278,0.6940874035989718,0.5578231292517007,1
2685,0.2,0,1,0.3402061855670103,0.2602040816326531,1.0,0.2566666666666667,0.2852233676975945,0.2061855670103092,0.1876606683804627,0.1428571428571428,0
2686,0.2,0,0,0.845360824742268,0.8214285714285714,0.6666666666666665,0.6633333333333333,0.7079037800687284,0.3041237113402061,0.4370179948586118,0.8299319727891157,1
2687,0.8,0,1,0.6391752577319587,0.5357142857142857,1.0,0.0533333333333333,0.1237113402061855,0.4690721649484536,0.4087403598971722,0.54421768707483,0
2688,0.2,0,0,0.9690721649484536,0.7142857142857142,0.2222222222222222,0.3933333333333334,0.6426116838487972,0.479381443298969,0.6940874035989718,0.4081632653061224,0
2689,1.0,0,1,0.1958762886597938,0.1581632653061224,0.4444444444444445,0.8266666666666667,0.0824742268041237,0.1443298969072164,0.1799485861182519,0.1836734693877551,1
2690,0.4,0,1,0.5979381443298969,0.4999999999999999,0.3333333333333333,0.31,0.415807560137457,0.4175257731958763,0.5089974293059126,0.4489795918367347,0
2691,0.0,0,1,0.8350515463917525,0.4209183673469387,0.8888888888888888,0.2033333333333333,0.274914089347079,0.5463917525773195,0.5912596401028278,0.7755102040816327,0
2692,0.2,0,1,0.5257731958762886,0.4642857142857143,0.2222222222222222,0.3350000000000001,0.2302405498281786,0.4432989690721649,0.4190231362467866,0.2925170068027211,0
2693,0.2,0,1,0.979381443298969,0.5918367346938774,0.1111111111111111,0.6100000000000001,0.5189003436426116,0.4845360824742268,0.5912596401028278,0.54421768707483,1
2694,0.6000000000000001,0,1,0.8247422680412371,0.413265306122449,0.8888888888888888,0.1183333333333334,0.6529209621993127,0.0618556701030927,0.467866323907455,0.5578231292517007,0
2695,1.0,1,0,0.3298969072164948,0.1683673469387755,0.6666666666666665,0.02,0.0618556701030927,0.0206185567010309,0.2570694087403599,0.2585034013605442,0
2696,1.0,1,0,0.268041237113402,0.2729591836734694,0.5555555555555556,0.7550000000000001,0.134020618556701,0.2371134020618556,0.2673521850899742,0.163265306122449,1
2697,0.0,0,1,0.2268041237113401,0.1249999999999999,0.7777777777777777,0.7333333333333334,0.2164948453608247,0.0515463917525773,0.1850899742930591,0.1972789115646258,1
2698,0.2,1,0,0.8247422680412371,0.6045918367346939,0.1111111111111111,0.1099999999999999,0.3745704467353952,0.7835051546391752,0.6401028277634963,0.7074829931972789,0
2699,0.8,0,0,0.4123711340206186,0.2755102040816327,0.3333333333333333,0.3766666666666667,0.3986254295532646,0.0103092783505154,0.4241645244215938,0.3333333333333333,0
2700,0.8,1,1,0.5463917525773195,0.3698979591836734,0.4444444444444445,0.09,0.549828178694158,0.1752577319587628,0.5372750642673523,0.5238095238095238,0
2701,1.0,0,1,0.2783505154639175,0.1530612244897959,0.2222222222222222,0.6983333333333335,0.2714776632302405,0.0824742268041237,0.1979434447300771,0.108843537414966,1
2702,1.0,0,0,0.6288659793814433,0.5051020408163265,0.5555555555555556,0.79,0.5360824742268041,0.6082474226804123,0.4087403598971722,0.3945578231292517,1
2703,1.0,0,1,0.979381443298969,0.7346938775510203,0.8888888888888888,0.72,0.1615120274914089,0.3814432989690721,0.9074550128534704,0.8435374149659864,1
2704,0.2,0,0,0.6494845360824741,0.4005102040816326,0.2222222222222222,0.9366666666666668,0.0687285223367697,0.0,0.609254498714653,0.6598639455782314,1
2705,1.0,0,0,0.4845360824742268,0.2678571428571428,0.8888888888888888,0.5216666666666667,0.2336769759450171,0.0412371134020618,0.365038560411311,0.3605442176870748,1
2706,1.0,1,1,0.6907216494845361,0.413265306122449,0.2222222222222222,0.245,0.140893470790378,0.0206185567010309,0.3547557840616966,0.4489795918367347,0
2707,0.8,0,1,0.0927835051546391,0.0688775510204081,0.1111111111111111,0.7166666666666668,0.0103092783505154,0.0309278350515463,0.0848329048843187,0.0748299319727891,1
2708,0.4,0,1,0.7835051546391752,0.7474489795918366,0.6666666666666665,0.4466666666666667,0.0,0.4432989690721649,0.686375321336761,0.489795918367347,1
2709,0.4,1,1,0.8247422680412371,0.5943877551020408,0.2222222222222222,0.325,0.7903780068728522,0.5463917525773195,0.6915167095115682,0.4149659863945578,0
2710,1.0,0,1,0.6701030927835051,0.5943877551020408,0.6666666666666665,0.9233333333333332,0.1030927835051546,0.1701030927835051,0.4910025706940874,0.5102040816326531,1
2711,0.6000000000000001,1,1,0.7422680412371133,0.3801020408163265,0.4444444444444445,0.4133333333333334,0.5738831615120275,0.6597938144329897,0.4884318766066838,0.326530612244898,0
2712,0.2,0,0,0.1030927835051546,0.0612244897959183,0.6666666666666665,0.7983333333333333,0.0206185567010309,0.1134020618556701,0.0539845758354755,0.0408163265306122,1
2713,0.0,0,0,0.958762886597938,0.6249999999999999,0.0,0.44,0.5979381443298969,0.8247422680412371,0.4961439588688945,0.8163265306122449,1
2714,1.0,0,1,0.3917525773195876,0.2015306122448979,0.0,0.4516666666666667,0.120274914089347,0.3969072164948453,0.2365038560411311,0.2993197278911564,1
2715,0.0,0,1,0.8659793814432989,0.8239795918367346,0.3333333333333333,0.7966666666666669,0.7388316151202748,0.7268041237113402,0.8560411311053985,0.7482993197278912,1
2716,0.8,1,1,0.9175257731958762,0.7168367346938774,0.5555555555555556,0.8466666666666667,0.8865979381443299,0.6082474226804123,0.4884318766066838,0.6598639455782314,1
2717,0.0,0,1,0.7113402061855669,0.4668367346938775,1.0,0.7833333333333334,0.6597938144329897,0.6752577319587628,0.5861182519280206,0.3469387755102041,1
2718,0.0,0,0,0.9072164948453608,0.7168367346938774,0.1111111111111111,0.52,0.0,0.3711340206185567,0.6838046272493574,0.8979591836734695,1
2719,0.6000000000000001,1,1,0.1237113402061855,0.0612244897959183,0.6666666666666665,0.865,0.0412371134020618,0.0773195876288659,0.0951156812339331,0.0884353741496598,1
2720,0.2,1,0,0.8865979381443299,0.5076530612244897,0.2222222222222222,0.5450000000000002,0.831615120274914,0.8298969072164948,0.4447300771208226,0.8095238095238095,1
2721,0.6000000000000001,0,1,0.5360824742268041,0.3673469387755102,0.1111111111111111,0.0983333333333333,0.422680412371134,0.5103092783505154,0.3804627249357326,0.4149659863945578,0
2722,0.2,1,0,0.6082474226804123,0.4795918367346938,0.2222222222222222,0.0683333333333333,0.1958762886597938,0.3041237113402061,0.3110539845758355,0.4285714285714286,0
2723,0.2,1,0,0.0824742268041237,0.0841836734693877,0.1111111111111111,0.45,0.0343642611683848,0.0670103092783505,0.0874035989717223,0.0680272108843537,1
2724,0.6000000000000001,1,1,0.7731958762886597,0.4540816326530612,1.0,0.7266666666666668,0.268041237113402,0.7474226804123711,0.7403598971722366,0.6802721088435375,1
2725,0.2,1,1,0.6082474226804123,0.3214285714285714,0.0,0.0033333333333334,0.3058419243986254,0.3865979381443299,0.3933161953727506,0.489795918367347,0
2726,0.4,0,1,0.7731958762886597,0.5280612244897959,0.5555555555555556,0.2,0.5532646048109966,0.2216494845360824,0.6966580976863754,0.7142857142857143,0
2727,0.8,1,1,0.4639175257731959,0.298469387755102,0.0,0.1933333333333333,0.1993127147766323,0.422680412371134,0.3264781491002571,0.4625850340136054,0
2728,0.4,1,1,0.9175257731958762,0.8801020408163265,1.0,0.8933333333333333,0.7319587628865979,0.5618556701030928,0.7789203084832905,0.6734693877551021,1
2729,0.0,1,1,0.5773195876288659,0.3163265306122449,0.5555555555555556,0.38,0.2886597938144329,0.3762886597938144,0.4961439588688945,0.5170068027210885,0
2730,0.8,0,0,0.8556701030927835,0.6275510204081632,0.0,0.175,0.0652920962199312,0.0206185567010309,0.5501285347043703,0.7755102040816327,0
2731,0.4,1,1,1.0,0.8443877551020408,0.6666666666666665,0.8050000000000002,0.570446735395189,0.8298969072164948,0.532133676092545,0.6462585034013606,1
2732,0.8,0,1,0.1855670103092783,0.0943877551020408,0.4444444444444445,0.56,0.0721649484536082,0.0,0.0951156812339331,0.1156462585034013,1
2733,0.2,0,1,0.4948453608247422,0.4209183673469387,0.2222222222222222,0.685,0.2164948453608247,0.3917525773195876,0.403598971722365,0.217687074829932,1
2734,0.2,1,1,0.3092783505154639,0.2933673469387755,0.7777777777777777,0.9133333333333332,0.1890034364261168,0.1649484536082474,0.1850899742930591,0.1564625850340136,1
2735,0.2,0,1,0.8041237113402061,0.7015306122448979,0.3333333333333333,0.8400000000000001,0.2714776632302405,0.0824742268041237,0.6889460154241646,0.8027210884353743,1
2736,0.0,0,1,0.1030927835051546,0.0637755102040816,0.6666666666666665,0.9866666666666668,0.1099656357388316,0.0051546391752577,0.0771208226221079,0.1156462585034013,1
2737,0.4,0,1,0.5773195876288659,0.5739795918367346,0.6666666666666665,0.6600000000000001,0.415807560137457,0.0103092783505154,0.5269922879177379,0.326530612244898,1
2738,0.2,1,0,0.2371134020618556,0.1862244897959183,1.0,0.9800000000000002,0.2542955326460481,0.2164948453608247,0.1568123393316195,0.1292517006802721,1
2739,0.2,0,1,0.0412371134020618,0.0280612244897959,0.4444444444444445,0.665,0.0137457044673539,0.0257731958762886,0.0257069408740359,0.054421768707483,1
2740,1.0,1,0,0.4845360824742268,0.3239795918367347,0.4444444444444445,0.9416666666666668,0.4570446735395189,0.190721649484536,0.3701799485861182,0.4421768707482993,1
2741,0.4,1,1,0.9484536082474226,0.943877551020408,0.6666666666666665,0.1383333333333334,0.268041237113402,0.8195876288659794,0.6889460154241646,0.5238095238095238,0
2742,0.4,1,0,0.5257731958762886,0.4846938775510204,0.7777777777777777,0.1133333333333334,0.5051546391752577,0.0206185567010309,0.2904884318766066,0.2517006802721088,0
2743,1.0,0,0,0.5051546391752577,0.3954081632653061,0.1111111111111111,0.5116666666666667,0.2061855670103092,0.3969072164948453,0.3161953727506427,0.4761904761904762,1
2744,0.8,0,1,0.2783505154639175,0.2193877551020407,0.8888888888888888,0.8783333333333334,0.0137457044673539,0.1752577319587628,0.2802056555269923,0.108843537414966,1
2745,0.2,1,0,0.9175257731958762,0.8596938775510203,0.5555555555555556,0.6200000000000001,0.2955326460481099,0.0824742268041237,0.8329048843187662,0.5986394557823129,1
2746,0.6000000000000001,0,1,0.8865979381443299,0.673469387755102,0.5555555555555556,0.6800000000000002,0.549828178694158,0.788659793814433,0.6838046272493574,0.653061224489796,1
2747,0.8,0,0,0.2474226804123711,0.2168367346938775,0.4444444444444445,0.6366666666666667,0.1546391752577319,0.2422680412371134,0.2570694087403599,0.108843537414966,1
2748,0.2,1,1,0.979381443298969,0.6428571428571428,0.8888888888888888,0.7350000000000001,0.7525773195876289,0.3195876288659793,0.8868894601542417,0.3333333333333333,1
2749,1.0,0,1,0.0412371134020618,0.0229591836734693,0.3333333333333333,0.0716666666666666,0.0034364261168384,0.0360824742268041,0.0334190231362467,0.0408163265306122,0
2750,0.0,1,1,0.4020618556701031,0.2755102040816327,0.7777777777777777,0.8083333333333333,0.2336769759450171,0.2731958762886597,0.2107969151670951,0.326530612244898,1
2751,0.2,0,1,0.8041237113402061,0.7066326530612245,1.0,0.8833333333333335,0.7697594501718212,0.6494845360824743,0.6503856041131106,0.7210884353741497,1
2752,0.4,1,0,0.8865979381443299,0.673469387755102,0.7777777777777777,0.6600000000000001,0.4432989690721649,0.788659793814433,0.5141388174807199,0.7414965986394558,1
2753,0.2,1,0,0.0,0.0,0.5555555555555556,0.6616666666666668,0.0206185567010309,0.0154639175257731,0.0102827763496143,0.0068027210884353,1
2754,0.0,1,1,0.3711340206185567,0.2908163265306122,0.0,0.085,0.0034364261168384,0.345360824742268,0.313624678663239,0.2108843537414966,1
2755,0.6000000000000001,1,0,0.6804123711340205,0.548469387755102,0.4444444444444445,0.4266666666666667,0.563573883161512,0.479381443298969,0.4832904884318766,0.3673469387755102,1
2756,0.0,1,0,0.8659793814432989,0.8035714285714285,0.0,0.9916666666666668,0.7766323024054983,0.8195876288659794,0.4961439588688945,0.3469387755102041,1
2757,0.4,1,1,0.268041237113402,0.2066326530612244,0.4444444444444445,0.39,0.2852233676975945,0.2474226804123711,0.2647814910025707,0.1020408163265306,0
2758,0.0,1,0,0.8041237113402061,0.7525510204081632,0.5555555555555556,0.7266666666666668,0.0206185567010309,0.8092783505154639,0.7840616966580978,0.5714285714285715,1
2759,0.4,1,1,0.2164948453608247,0.1326530612244897,0.7777777777777777,0.5483333333333333,0.1580756013745704,0.1494845360824742,0.1722365038560411,0.1292517006802721,1
2760,0.8,1,1,0.7628865979381443,0.4056122448979591,1.0,0.595,0.0652920962199312,0.479381443298969,0.724935732647815,0.3741496598639456,1
2761,0.4,1,0,0.2783505154639175,0.2806122448979591,0.5555555555555556,0.8983333333333334,0.0240549828178694,0.2628865979381443,0.2005141388174807,0.1768707482993197,1
2762,0.8,0,0,0.7938144329896907,0.6479591836734693,0.8888888888888888,0.4816666666666667,0.1477663230240549,0.0154639175257731,0.6426735218508998,0.6666666666666667,1
2763,0.4,0,0,0.1752577319587628,0.1071428571428571,0.2222222222222222,0.8416666666666668,0.0756013745704467,0.1597938144329896,0.1156812339331619,0.1564625850340136,1
2764,0.6000000000000001,0,1,0.4536082474226804,0.3392857142857143,1.0,0.7150000000000001,0.0446735395189003,0.4587628865979381,0.4344473007712082,0.4013605442176871,1
2765,0.2,0,0,0.2474226804123711,0.1887755102040816,0.2222222222222222,0.165,0.127147766323024,0.2216494845360824,0.2210796915167095,0.2380952380952381,0
2766,0.4,0,0,0.2577319587628866,0.1632653061224489,0.3333333333333333,0.1883333333333333,0.2611683848797251,0.0412371134020618,0.2287917737789203,0.1564625850340136,0
2767,1.0,1,1,0.6288659793814433,0.3290816326530612,0.7777777777777777,0.035,0.2302405498281786,0.2061855670103092,0.3830334190231362,0.4829931972789116,0
2768,0.0,1,1,0.2474226804123711,0.183673469387755,0.0,0.9216666666666667,0.1443298969072164,0.2010309278350515,0.2390745501285347,0.0952380952380952,1
2769,0.8,0,1,0.7731958762886597,0.5892857142857142,0.2222222222222222,0.1666666666666667,0.134020618556701,0.1752577319587628,0.5269922879177379,0.7278911564625851,0
2770,0.0,1,1,0.7422680412371133,0.4081632653061224,0.7777777777777777,0.55,0.3848797250859106,0.6804123711340206,0.7223650385604113,0.3605442176870748,1
2771,0.6000000000000001,1,1,0.7319587628865979,0.5433673469387754,1.0,0.4283333333333333,0.0652920962199312,0.1958762886597938,0.6709511568123394,0.6326530612244898,1
2772,0.2,1,0,0.2783505154639175,0.1862244897959183,0.0,0.0966666666666666,0.0274914089347079,0.0360824742268041,0.2519280205655527,0.1428571428571428,0
2773,0.6000000000000001,1,1,0.6597938144329897,0.4005102040816326,0.4444444444444445,0.3500000000000001,0.0412371134020618,0.2474226804123711,0.3341902313624678,0.4285714285714286,0
2774,0.4,1,1,0.2577319587628866,0.2372448979591836,0.6666666666666665,0.4233333333333333,0.1993127147766323,0.0103092783505154,0.2544987146529563,0.1292517006802721,1
2775,0.6000000000000001,1,1,0.8350515463917525,0.6989795918367346,0.1111111111111111,0.4933333333333334,0.70446735395189,0.7938144329896907,0.5424164524421594,0.5034013605442177,1
2776,0.0,1,0,0.4845360824742268,0.4642857142857143,0.3333333333333333,0.5983333333333334,0.3024054982817869,0.0876288659793814,0.3701799485861182,0.3333333333333333,1
2777,0.8,1,1,0.7938144329896907,0.7755102040816326,0.4444444444444445,0.0366666666666667,0.3642611683848797,0.6804123711340206,0.7712082262210798,0.4285714285714286,0
2778,1.0,1,1,0.8865979381443299,0.5357142857142857,0.6666666666666665,0.9200000000000002,0.274914089347079,0.3298969072164948,0.724935732647815,0.6734693877551021,1
2779,1.0,0,0,0.3917525773195876,0.3520408163265306,0.8888888888888888,0.5883333333333334,0.1993127147766323,0.211340206185567,0.2339331619537275,0.3673469387755102,1
2780,0.8,1,1,0.3814432989690722,0.2270408163265306,0.5555555555555556,0.7283333333333335,0.0962199312714776,0.1185567010309278,0.3084832904884318,0.3537414965986394,1
2781,0.6000000000000001,1,1,0.7731958762886597,0.4744897959183673,0.0,0.4716666666666667,0.3195876288659793,0.1546391752577319,0.4215938303341902,0.6326530612244898,1
2782,0.2,1,1,0.3711340206185567,0.2474489795918367,0.7777777777777777,0.955,0.1752577319587628,0.1443298969072164,0.2570694087403599,0.272108843537415,1
2783,1.0,1,0,0.8041237113402061,0.6811224489795917,1.0,0.4916666666666667,0.1546391752577319,0.268041237113402,0.6298200514138819,0.7074829931972789,1
2784,1.0,1,1,0.3298969072164948,0.2806122448979591,1.0,0.9516666666666668,0.2233676975945017,0.2010309278350515,0.2416452442159383,0.163265306122449,1
2785,1.0,1,1,0.5463917525773195,0.4719387755102041,0.5555555555555556,0.5050000000000001,0.1134020618556701,0.0360824742268041,0.532133676092545,0.3401360544217687,1
2786,0.0,0,0,0.7731958762886597,0.7397959183673468,0.6666666666666665,0.8350000000000002,0.2130584192439862,0.6082474226804123,0.5938303341902315,0.3197278911564626,1
2787,1.0,1,0,0.3917525773195876,0.2321428571428571,0.1111111111111111,0.7050000000000001,0.0068728522336769,0.0,0.3033419023136247,0.1360544217687075,1
2788,1.0,0,1,0.5876288659793814,0.568877551020408,0.8888888888888888,0.55,0.0790378006872852,0.2164948453608247,0.416452442159383,0.4625850340136054,1
2789,0.0,0,1,0.2474226804123711,0.2448979591836734,1.0,0.1133333333333334,0.1237113402061855,0.0773195876288659,0.1259640102827763,0.1360544217687075,0
2790,0.6000000000000001,1,0,0.6597938144329897,0.5586734693877551,0.5555555555555556,0.7650000000000001,0.3058419243986254,0.1134020618556701,0.4730077120822622,0.5782312925170069,1
2791,0.0,0,1,0.0824742268041237,0.0688775510204081,0.8888888888888888,0.1366666666666667,0.0756013745704467,0.0360824742268041,0.0822622107969151,0.0612244897959183,0
2792,0.8,0,1,0.0618556701030927,0.0637755102040816,0.7777777777777777,0.5750000000000002,0.0309278350515463,0.0721649484536082,0.0514138817480719,0.0408163265306122,1
2793,0.0,1,0,0.3092783505154639,0.1530612244897959,0.2222222222222222,0.9633333333333334,0.2302405498281786,0.268041237113402,0.2005141388174807,0.2448979591836735,1
2794,0.8,1,0,0.845360824742268,0.5892857142857142,0.5555555555555556,0.0833333333333333,0.6426116838487972,0.4690721649484536,0.699228791773779,0.4557823129251701,0
2795,0.6000000000000001,1,1,0.5773195876288659,0.4413265306122449,0.2222222222222222,0.7000000000000002,0.1683848797250859,0.2164948453608247,0.4755784061696658,0.4489795918367347,1
2796,0.0,0,1,0.7319587628865979,0.7091836734693877,0.4444444444444445,0.6216666666666668,0.4707903780068728,0.0618556701030927,0.4113110539845758,0.6054421768707483,1
2797,0.2,1,0,0.3814432989690722,0.1964285714285714,0.2222222222222222,0.2466666666666667,0.0034364261168384,0.0979381443298969,0.2442159383033419,0.272108843537415,0
2798,0.4,0,1,0.4536082474226804,0.4005102040816326,0.1111111111111111,0.7000000000000002,0.0,0.2061855670103092,0.3084832904884318,0.2857142857142857,1
2799,0.0,1,0,0.3505154639175258,0.3061224489795918,0.0,0.0,0.1786941580756013,0.1546391752577319,0.3598971722365038,0.3673469387755102,1
2800,0.8,1,0,0.7525773195876289,0.7244897959183673,1.0,0.3666666666666667,0.1580756013745704,0.1804123711340206,0.3830334190231362,0.3877551020408163,0
2801,0.2,1,0,0.5154639175257731,0.375,0.5555555555555556,0.8233333333333335,0.1099656357388316,0.3711340206185567,0.416452442159383,0.3469387755102041,1
2802,0.6000000000000001,1,1,0.4329896907216495,0.2474489795918367,0.3333333333333333,0.9583333333333336,0.2027491408934708,0.268041237113402,0.2930591259640103,0.2789115646258503,1
2803,0.2,0,1,0.5051546391752577,0.3214285714285714,0.6666666666666665,0.3883333333333334,0.2302405498281786,0.345360824742268,0.3624678663239074,0.2653061224489796,0
2804,0.0,1,0,0.5979381443298969,0.5943877551020408,0.2222222222222222,0.7933333333333334,0.4742268041237113,0.1391752577319587,0.5938303341902315,0.5986394557823129,1
2805,0.4,1,0,0.3711340206185567,0.2831632653061224,0.2222222222222222,0.6766666666666667,0.0343642611683848,0.2061855670103092,0.3033419023136247,0.1904761904761905,1
2806,0.6000000000000001,1,0,0.268041237113402,0.2704081632653061,0.0,0.6833333333333333,0.0206185567010309,0.1237113402061855,0.1362467866323907,0.2448979591836735,1
2807,1.0,1,1,0.6494845360824741,0.4591836734693877,0.1111111111111111,0.055,0.2783505154639175,0.0206185567010309,0.5501285347043703,0.4761904761904762,0
2808,0.4,0,1,0.1443298969072164,0.1556122448979591,0.1111111111111111,0.8116666666666668,0.0343642611683848,0.0154639175257731,0.1336760925449871,0.0748299319727891,1
2809,0.8,1,0,0.5463917525773195,0.4668367346938775,0.5555555555555556,0.4483333333333333,0.4639175257731958,0.3195876288659793,0.4987146529562982,0.4965986394557823,1
2810,0.0,1,1,0.9690721649484536,0.5051020408163265,0.7777777777777777,0.2116666666666666,0.2474226804123711,0.1185567010309278,0.8791773778920309,0.5034013605442177,0
2811,0.0,1,0,0.7010309278350515,0.7015306122448979,0.7777777777777777,0.5666666666666667,0.3951890034364261,0.190721649484536,0.403598971722365,0.5578231292517007,1
2812,0.4,0,0,0.3917525773195876,0.1989795918367346,0.7777777777777777,0.02,0.120274914089347,0.1082474226804123,0.3804627249357326,0.2108843537414966,0
2813,0.2,0,1,0.8144329896907216,0.7806122448979591,0.5555555555555556,0.2733333333333334,0.4673539518900343,0.5051546391752577,0.4524421593830334,0.5102040816326531,0
2814,0.4,0,1,0.6597938144329897,0.5739795918367346,0.3333333333333333,0.3166666666666667,0.2096219931271477,0.5154639175257731,0.455012853470437,0.435374149659864,0
2815,1.0,1,0,0.4020618556701031,0.2525510204081633,0.5555555555555556,0.2183333333333333,0.2130584192439862,0.1134020618556701,0.3444730077120823,0.2925170068027211,0
2816,0.2,1,0,0.6597938144329897,0.6249999999999999,0.1111111111111111,0.3333333333333333,0.2955326460481099,0.211340206185567,0.4215938303341902,0.4149659863945578,1
2817,0.8,1,0,0.5051546391752577,0.3035714285714285,0.6666666666666665,0.3516666666666667,0.0927835051546391,0.3092783505154639,0.4627249357326478,0.2312925170068027,0
2818,0.8,1,0,0.8247422680412371,0.635204081632653,0.8888888888888888,0.6516666666666668,0.1993127147766323,0.4587628865979381,0.724935732647815,0.7142857142857143,1
2819,0.2,0,1,0.958762886597938,0.6147959183673468,0.6666666666666665,0.6600000000000001,0.8762886597938144,0.345360824742268,0.750642673521851,0.4285714285714286,1
2820,0.0,0,1,0.7628865979381443,0.6964285714285714,0.0,0.2283333333333334,0.3436426116838488,0.5773195876288659,0.7017994858611826,0.4625850340136054,1
2821,0.4,0,1,0.845360824742268,0.5229591836734693,0.5555555555555556,0.0583333333333333,0.2302405498281786,0.634020618556701,0.467866323907455,0.6870748299319729,0
2822,0.8,1,0,0.7628865979381443,0.6326530612244897,0.1111111111111111,0.6183333333333334,0.1580756013745704,0.6804123711340206,0.6966580976863754,0.2925170068027211,1
2823,0.8,0,1,0.1237113402061855,0.086734693877551,0.5555555555555556,0.5350000000000001,0.1065292096219931,0.0463917525773195,0.1233933161953727,0.1224489795918367,1
2824,0.8,0,1,0.2577319587628866,0.1658163265306122,0.4444444444444445,0.2583333333333334,0.1615120274914089,0.134020618556701,0.1825192802056555,0.1836734693877551,0
2825,0.2,1,1,0.0,0.0051020408163265,0.4444444444444445,0.9266666666666667,0.0171821305841924,0.0103092783505154,0.0051413881748071,0.0136054421768707,1
2826,0.6000000000000001,1,0,0.0412371134020618,0.0459183673469387,0.7777777777777777,0.9866666666666668,0.0240549828178694,0.0206185567010309,0.0539845758354755,0.0340136054421768,1
2827,0.8,1,0,0.5154639175257731,0.3214285714285714,0.7777777777777777,0.865,0.1168384879725085,0.211340206185567,0.4241645244215938,0.5102040816326531,1
2828,0.0,0,1,0.5051546391752577,0.288265306122449,0.4444444444444445,0.0133333333333334,0.2989690721649484,0.0670103092783505,0.2673521850899742,0.4761904761904762,0
2829,0.8,1,1,0.9278350515463916,0.4668367346938775,0.0,0.9816666666666668,0.9243986254295532,0.2164948453608247,0.8483290488431877,0.6598639455782314,1
2830,1.0,0,0,0.6494845360824741,0.5841836734693877,0.8888888888888888,0.6883333333333335,0.2302405498281786,0.0721649484536082,0.3367609254498714,0.489795918367347,1
2831,0.0,1,0,0.8556701030927835,0.5280612244897959,0.2222222222222222,0.6083333333333334,0.1237113402061855,0.4948453608247422,0.699228791773779,0.7687074829931974,1
2832,0.8,0,0,0.1855670103092783,0.1454081632653061,0.5555555555555556,0.895,0.0446735395189003,0.0979381443298969,0.1542416452442159,0.1564625850340136,1
2833,0.8,0,1,0.7525773195876289,0.4515306122448979,1.0,0.1583333333333333,0.0068728522336769,0.6597938144329897,0.596401028277635,0.6598639455782314,0
2834,0.0,1,1,0.7525773195876289,0.7295918367346939,0.4444444444444445,0.5533333333333335,0.7457044673539519,0.5515463917525774,0.6272493573264782,0.6734693877551021,1
2835,0.4,0,0,0.1855670103092783,0.1020408163265306,0.7777777777777777,0.3283333333333333,0.1752577319587628,0.0103092783505154,0.1388174807197943,0.1904761904761905,0
2836,0.6000000000000001,1,1,0.1237113402061855,0.0612244897959183,0.6666666666666665,0.6566666666666667,0.1305841924398625,0.0103092783505154,0.0848329048843187,0.1156462585034013,1
2837,0.2,0,1,0.1546391752577319,0.135204081632653,0.0,0.9700000000000002,0.1065292096219931,0.134020618556701,0.1645244215938303,0.108843537414966,1
2838,0.4,1,1,0.5257731958762886,0.3724489795918367,0.2222222222222222,0.3400000000000001,0.3642611683848797,0.1082474226804123,0.429305912596401,0.217687074829932,0
2839,0.8,0,0,0.8969072164948453,0.760204081632653,0.0,0.7450000000000001,0.7079037800687284,0.6649484536082474,0.5244215938303343,0.7006802721088435,1
2840,0.6000000000000001,1,0,0.979381443298969,0.8928571428571428,0.1111111111111111,0.27,0.3951890034364261,0.4896907216494845,0.8586118251928021,0.489795918367347,1
2841,1.0,1,0,0.9072164948453608,0.6530612244897959,0.1111111111111111,0.3966666666666667,0.3814432989690721,0.5721649484536082,0.7969151670951158,0.5510204081632654,0
2842,0.4,0,1,0.8556701030927835,0.7806122448979591,0.2222222222222222,0.6066666666666667,0.1958762886597938,0.5103092783505154,0.5012853470437019,0.5034013605442177,1
2843,0.2,0,0,0.3402061855670103,0.2704081632653061,0.1111111111111111,0.3733333333333334,0.3024054982817869,0.3195876288659793,0.3419023136246786,0.1904761904761905,1
2844,0.2,0,0,0.0309278350515463,0.0280612244897959,0.2222222222222222,0.2733333333333334,0.0378006872852233,0.0,0.0411311053984575,0.0340136054421768,0
2845,0.6000000000000001,1,0,0.8969072164948453,0.4795918367346938,0.2222222222222222,0.8450000000000002,0.0790378006872852,0.8505154639175257,0.7609254498714654,0.7074829931972789,1
2846,0.4,0,1,0.7835051546391752,0.6862244897959183,0.8888888888888888,0.5366666666666666,0.2061855670103092,0.3092783505154639,0.6709511568123394,0.2925170068027211,1
2847,1.0,0,1,0.9896907216494844,0.7015306122448979,0.2222222222222222,0.8783333333333334,0.0824742268041237,0.768041237113402,0.8354755784061697,0.6462585034013606,1
2848,0.0,1,0,0.5154639175257731,0.4770408163265306,0.6666666666666665,0.645,0.40893470790378,0.0257731958762886,0.4910025706940874,0.2993197278911564,1
2849,0.8,1,0,0.7422680412371133,0.4872448979591837,0.7777777777777777,0.8916666666666668,0.563573883161512,0.7319587628865979,0.596401028277635,0.4421768707482993,1
2850,0.6000000000000001,1,1,0.1030927835051546,0.0765306122448979,0.2222222222222222,0.7866666666666668,0.0240549828178694,0.0463917525773195,0.0668380462724935,0.0952380952380952,1
2851,0.2,0,1,0.0824742268041237,0.0739795918367346,0.0,0.6833333333333333,0.0034364261168384,0.0103092783505154,0.0771208226221079,0.0612244897959183,1
2852,0.6000000000000001,1,1,0.958762886597938,0.8214285714285714,0.6666666666666665,0.4683333333333334,0.0962199312714776,0.7371134020618556,0.9177377892030848,0.3197278911564626,1
2853,0.6000000000000001,0,0,0.4432989690721649,0.2908163265306122,0.8888888888888888,0.7916666666666667,0.2989690721649484,0.1443298969072164,0.3187660668380462,0.3061224489795918,1
2854,0.4,1,0,0.4845360824742268,0.4005102040816326,0.5555555555555556,0.6833333333333333,0.2989690721649484,0.3659793814432989,0.2493573264781491,0.3877551020408163,1
2855,0.6000000000000001,0,1,0.0515463917525773,0.0561224489795918,0.3333333333333333,0.035,0.0652920962199312,0.0618556701030927,0.0359897172236503,0.0272108843537415,0
2856,0.0,1,0,0.9484536082474226,0.7142857142857142,1.0,0.7683333333333333,0.7731958762886598,0.7628865979381443,0.7840616966580978,0.6870748299319729,1
2857,0.6000000000000001,0,1,0.8350515463917525,0.7933673469387754,0.2222222222222222,0.6233333333333333,0.0343642611683848,0.0824742268041237,0.4344473007712082,0.4149659863945578,0
2858,0.8,1,1,0.556701030927835,0.3239795918367347,0.1111111111111111,0.9983333333333336,0.3608247422680412,0.4690721649484536,0.2853470437017995,0.435374149659864,1
2859,1.0,0,1,0.4329896907216495,0.3061224489795918,0.3333333333333333,0.445,0.0824742268041237,0.0257731958762886,0.3239074550128534,0.4285714285714286,1
2860,0.6000000000000001,1,0,0.1958762886597938,0.1301020408163265,0.3333333333333333,0.7850000000000001,0.1786941580756013,0.190721649484536,0.1516709511568123,0.0680272108843537,1
2861,0.2,0,1,0.4329896907216495,0.2627551020408163,0.1111111111111111,0.1,0.2268041237113402,0.3969072164948453,0.3804627249357326,0.3401360544217687,0
2862,0.0,0,0,0.6288659793814433,0.4923469387755102,0.2222222222222222,0.2083333333333333,0.5463917525773195,0.5360824742268041,0.3341902313624678,0.4013605442176871,0
2863,0.8,1,0,1.0,0.7576530612244897,0.8888888888888888,0.3266666666666667,0.3573883161512027,0.4123711340206185,0.7455012853470437,0.9387755102040816,0
2864,0.6000000000000001,0,0,0.0515463917525773,0.0331632653061224,1.0,0.675,0.0206185567010309,0.0463917525773195,0.0514138817480719,0.0476190476190476,1
2865,0.8,0,0,0.3505154639175258,0.3086734693877551,0.6666666666666665,0.2116666666666666,0.3573883161512027,0.1237113402061855,0.2262210796915167,0.1768707482993197,0
2866,0.2,0,1,0.556701030927835,0.5280612244897959,0.0,0.42,0.1099656357388316,0.3247422680412371,0.5604113110539847,0.4149659863945578,1
2867,0.6000000000000001,0,1,0.0824742268041237,0.086734693877551,0.3333333333333333,0.7083333333333335,0.1030927835051546,0.0670103092783505,0.0951156812339331,0.0884353741496598,1
2868,1.0,1,1,0.6391752577319587,0.3903061224489796,0.3333333333333333,0.4216666666666667,0.4879725085910653,0.1494845360824742,0.5167095115681235,0.54421768707483,1
2869,0.0,0,0,0.8969072164948453,0.4795918367346938,0.0,0.7083333333333335,0.2852233676975945,0.7731958762886598,0.480719794344473,0.5986394557823129,1
2870,0.8,1,0,1.0,0.6581632653061223,0.0,0.3016666666666667,0.4982817869415807,0.2577319587628865,0.5989717223650386,0.6326530612244898,0
2871,0.4,1,1,0.3917525773195876,0.211734693877551,0.1111111111111111,0.9116666666666668,0.3505154639175257,0.1391752577319587,0.3598971722365038,0.163265306122449,1
2872,0.0,0,1,0.7319587628865979,0.6479591836734693,0.4444444444444445,0.6100000000000001,0.4810996563573883,0.1597938144329896,0.737789203084833,0.4081632653061224,1
2873,0.2,0,0,0.8144329896907216,0.6403061224489796,0.2222222222222222,0.295,0.1546391752577319,0.6804123711340206,0.5886889460154242,0.2993197278911564,0
2874,0.8,1,1,0.6804123711340205,0.5561224489795917,0.1111111111111111,0.2433333333333334,0.127147766323024,0.2371134020618556,0.4781491002570694,0.6258503401360545,1
2875,0.0,0,1,0.2474226804123711,0.2015306122448979,0.3333333333333333,0.55,0.2061855670103092,0.2525773195876288,0.1850899742930591,0.1360544217687075,1
2876,1.0,0,1,0.0103092783505154,0.0204081632653061,1.0,0.5216666666666667,0.0206185567010309,0.0206185567010309,0.0102827763496143,0.0136054421768707,1
2877,0.4,1,1,0.2268041237113401,0.183673469387755,0.1111111111111111,0.9183333333333334,0.1065292096219931,0.0360824742268041,0.1362467866323907,0.163265306122449,1
2878,0.0,0,0,0.5979381443298969,0.5178571428571428,0.5555555555555556,0.065,0.1168384879725085,0.5515463917525774,0.4344473007712082,0.5578231292517007,0
2879,0.8,1,1,0.3711340206185567,0.2755102040816327,0.7777777777777777,0.9283333333333336,0.3883161512027491,0.3814432989690721,0.2930591259640103,0.3197278911564626,1
2880,0.0,1,1,0.7010309278350515,0.5561224489795917,0.6666666666666665,0.2783333333333334,0.3436426116838488,0.3298969072164948,0.6632390745501286,0.3945578231292517,0
2881,0.0,1,1,0.5360824742268041,0.3214285714285714,0.7777777777777777,0.0916666666666666,0.3848797250859106,0.1597938144329896,0.4601542416452442,0.5034013605442177,0
2882,0.2,0,0,0.6391752577319587,0.4107142857142857,0.2222222222222222,0.2133333333333333,0.4261168384879725,0.5618556701030928,0.6066838046272495,0.6054421768707483,0
2883,1.0,0,1,0.7010309278350515,0.6045918367346939,0.6666666666666665,0.25,0.3539518900343642,0.2938144329896907,0.5347043701799487,0.3197278911564626,0
2884,0.4,0,1,0.1958762886597938,0.1096938775510204,0.1111111111111111,0.08,0.1855670103092783,0.0,0.1825192802056555,0.0952380952380952,0
2885,0.8,0,1,0.4329896907216495,0.375,0.5555555555555556,0.265,0.1958762886597938,0.0412371134020618,0.2853470437017995,0.163265306122449,0
2886,0.0,0,0,0.8041237113402061,0.7831632653061223,0.3333333333333333,0.9116666666666668,0.1683848797250859,0.4896907216494845,0.7532133676092546,0.3877551020408163,1
2887,0.4,0,1,0.3814432989690722,0.2040816326530612,0.8888888888888888,0.3716666666666667,0.0274914089347079,0.0154639175257731,0.2467866323907455,0.1564625850340136,0
2888,0.0,1,0,0.4639175257731959,0.3801020408163265,0.4444444444444445,0.81,0.3814432989690721,0.4123711340206185,0.2390745501285347,0.217687074829932,1
2889,0.0,1,0,0.6804123711340205,0.5331632653061223,0.6666666666666665,0.0,0.0,0.4484536082474226,0.416452442159383,0.6802721088435375,0
2890,0.0,0,1,0.1649484536082474,0.1581632653061224,0.5555555555555556,0.7133333333333334,0.120274914089347,0.0,0.1491002570694087,0.1292517006802721,1
2891,0.6000000000000001,0,1,0.8659793814432989,0.808673469387755,0.1111111111111111,0.3283333333333333,0.3917525773195876,0.1701030927835051,0.4704370179948586,0.3333333333333333,1
2892,0.2,0,1,0.3505154639175258,0.3418367346938775,0.4444444444444445,0.4133333333333334,0.3402061855670103,0.1237113402061855,0.2210796915167095,0.2789115646258503,0
2893,0.2,1,1,0.6804123711340205,0.5765306122448979,0.2222222222222222,0.4600000000000001,0.0171821305841924,0.5721649484536082,0.3470437017994858,0.380952380952381,1
2894,0.6000000000000001,1,1,0.0927835051546391,0.096938775510204,1.0,0.9383333333333336,0.0274914089347079,0.056701030927835,0.0874035989717223,0.0408163265306122,1
2895,0.8,1,1,0.3917525773195876,0.2066326530612244,0.3333333333333333,0.6950000000000001,0.2542955326460481,0.2525773195876288,0.2982005141388175,0.272108843537415,1
2896,0.2,1,0,0.2371134020618556,0.1428571428571428,0.5555555555555556,0.6133333333333335,0.2542955326460481,0.0309278350515463,0.1542416452442159,0.2517006802721088,1
2897,0.4,1,0,0.5360824742268041,0.4362244897959184,0.4444444444444445,0.0583333333333333,0.2027491408934708,0.0721649484536082,0.4575835475578406,0.2925170068027211,0
2898,1.0,0,0,0.6597938144329897,0.3392857142857143,0.1111111111111111,0.935,0.4020618556701031,0.4329896907216495,0.3676092544987147,0.3673469387755102,1
2899,0.8,0,0,0.5979381443298969,0.3724489795918367,0.0,0.035,0.2371134020618556,0.3969072164948453,0.455012853470437,0.4421768707482993,0
2900,0.0,1,1,0.2061855670103092,0.2040816326530612,0.4444444444444445,0.4750000000000001,0.1237113402061855,0.0876288659793814,0.1028277634961439,0.1292517006802721,1
2901,0.2,1,0,0.8865979381443299,0.4642857142857143,0.4444444444444445,0.6733333333333333,0.4948453608247422,0.1649484536082474,0.6760925449871465,0.7687074829931974,1
2902,0.0,0,1,0.3917525773195876,0.2551020408163265,0.1111111111111111,0.865,0.3814432989690721,0.0618556701030927,0.3830334190231362,0.1768707482993197,1
2903,0.8,0,1,0.3505154639175258,0.3086734693877551,0.8888888888888888,0.3233333333333333,0.1821305841924398,0.0051546391752577,0.2544987146529563,0.1292517006802721,0
2904,1.0,1,1,0.8144329896907216,0.5663265306122448,0.0,0.8466666666666667,0.1649484536082474,0.3144329896907216,0.4267352185089974,0.4081632653061224,1
2905,0.6000000000000001,0,1,0.5154639175257731,0.2729591836734694,0.5555555555555556,0.8833333333333335,0.3058419243986254,0.2628865979381443,0.403598971722365,0.5170068027210885,1
2906,1.0,1,0,0.0927835051546391,0.0637755102040816,0.6666666666666665,0.2883333333333333,0.0034364261168384,0.0257731958762886,0.1002570694087403,0.0476190476190476,0
2907,0.4,1,0,0.7525773195876289,0.7525510204081632,0.1111111111111111,0.1533333333333333,0.1890034364261168,0.1134020618556701,0.5269922879177379,0.272108843537415,1
2908,1.0,0,0,0.7731958762886597,0.510204081632653,0.5555555555555556,0.8433333333333335,0.7319587628865979,0.6855670103092784,0.4781491002570694,0.653061224489796,1
2909,0.0,0,0,0.5670103092783505,0.5382653061224489,0.3333333333333333,0.0666666666666666,0.1099656357388316,0.0979381443298969,0.4344473007712082,0.2585034013605442,0
2910,0.6000000000000001,1,1,0.4948453608247422,0.3469387755102041,0.3333333333333333,0.425,0.422680412371134,0.345360824742268,0.4575835475578406,0.326530612244898,1
2911,1.0,0,0,0.0309278350515463,0.0229591836734693,0.7777777777777777,0.3316666666666666,0.0206185567010309,0.0309278350515463,0.0308483290488431,0.0136054421768707,0
2912,0.6000000000000001,1,0,0.8969072164948453,0.5357142857142857,0.4444444444444445,0.2783333333333334,0.6426116838487972,0.134020618556701,0.8097686375321338,0.5986394557823129,0
2913,0.2,0,0,0.1546391752577319,0.1607142857142857,0.1111111111111111,0.8283333333333334,0.0962199312714776,0.0979381443298969,0.1491002570694087,0.0884353741496598,1
2914,0.8,0,1,0.0309278350515463,0.0255102040816326,0.8888888888888888,0.77,0.0481099656357388,0.0,0.0334190231362467,0.0204081632653061,1
2915,0.6000000000000001,0,1,1.0,0.923469387755102,0.7777777777777777,0.4366666666666667,0.5945017182130584,0.9536082474226804,0.5655526992287918,0.6666666666666667,1
2916,0.2,1,0,0.845360824742268,0.548469387755102,0.0,0.32,0.1374570446735395,0.5670103092783505,0.4601542416452442,0.4489795918367347,0
2917,0.6000000000000001,0,1,0.0309278350515463,0.0357142857142857,0.1111111111111111,0.8733333333333335,0.0171821305841924,0.0309278350515463,0.0282776349614395,0.0272108843537415,1
2918,0.4,1,0,0.1546391752577319,0.1377551020408163,0.4444444444444445,0.5033333333333334,0.1683848797250859,0.1391752577319587,0.1079691516709511,0.1224489795918367,1
2919,0.2,0,1,0.6494845360824741,0.4591836734693877,0.4444444444444445,0.7033333333333334,0.40893470790378,0.4432989690721649,0.4858611825192802,0.3061224489795918,1
2920,0.2,0,0,0.8969072164948453,0.7168367346938774,0.2222222222222222,0.6816666666666666,0.7422680412371134,0.2835051546391752,0.6658097686375322,0.5374149659863946,1
2921,0.2,0,0,0.0206185567010309,0.0280612244897959,0.1111111111111111,0.0033333333333334,0.0068728522336769,0.0051546391752577,0.0308483290488431,0.0340136054421768,1
2922,0.6000000000000001,0,0,0.5670103092783505,0.3061224489795918,0.2222222222222222,0.1066666666666666,0.2714776632302405,0.5670103092783505,0.506426735218509,0.3741496598639456,0
2923,0.0,0,1,0.9690721649484536,0.5994897959183673,0.5555555555555556,0.1483333333333334,0.865979381443299,0.8144329896907216,0.686375321336761,0.5646258503401361,0
2924,0.0,1,1,0.8556701030927835,0.5025510204081632,0.7777777777777777,0.81,0.4570446735395189,0.3814432989690721,0.4473007712082262,0.6054421768707483,1
2925,0.0,1,0,0.3917525773195876,0.2857142857142857,0.3333333333333333,0.2233333333333333,0.1546391752577319,0.1443298969072164,0.2082262210796915,0.4013605442176871,0
2926,0.4,0,1,0.6288659793814433,0.4540816326530612,0.2222222222222222,0.6183333333333334,0.2714776632302405,0.422680412371134,0.3316195372750642,0.3673469387755102,1
2927,0.6000000000000001,1,1,0.3917525773195876,0.3673469387755102,0.3333333333333333,0.1266666666666667,0.1030927835051546,0.3195876288659793,0.2210796915167095,0.2857142857142857,0
2928,0.8,1,0,0.9484536082474226,0.8137755102040816,0.2222222222222222,0.9966666666666668,0.9484536082474226,0.6082474226804123,0.493573264781491,0.5850340136054423,1
2929,1.0,1,1,0.4020618556701031,0.3877551020408163,0.4444444444444445,0.8933333333333333,0.3608247422680412,0.056701030927835,0.3830334190231362,0.2448979591836735,1
2930,0.8,1,1,0.0927835051546391,0.1045918367346938,0.2222222222222222,0.3583333333333334,0.0343642611683848,0.0360824742268041,0.1028277634961439,0.1020408163265306,0
2931,0.6000000000000001,0,0,0.8762886597938143,0.6249999999999999,1.0,0.1,0.8694158075601375,0.4484536082474226,0.7917737789203085,0.2925170068027211,0
2932,0.8,1,1,0.4845360824742268,0.3188775510204081,0.0,0.6516666666666668,0.0068728522336769,0.2525773195876288,0.3701799485861182,0.4761904761904762,1
2933,0.2,0,1,0.268041237113402,0.2244897959183673,0.6666666666666665,0.3500000000000001,0.0824742268041237,0.2164948453608247,0.2596401028277635,0.2040816326530612,0
2934,0.0,1,0,0.9690721649484536,0.5841836734693877,0.8888888888888888,0.1483333333333334,0.0343642611683848,0.9072164948453608,0.5629820051413882,0.5986394557823129,0
2935,0.6000000000000001,1,1,0.6907216494845361,0.4770408163265306,0.6666666666666665,0.08,0.1443298969072164,0.190721649484536,0.4910025706940874,0.3333333333333333,0
2936,0.4,0,1,0.2164948453608247,0.1989795918367346,0.0,0.3400000000000001,0.0618556701030927,0.1597938144329896,0.1105398457583547,0.2108843537414966,1
2937,0.4,0,0,0.6804123711340205,0.5357142857142857,1.0,0.5966666666666667,0.268041237113402,0.3608247422680412,0.6580976863753214,0.653061224489796,1
2938,0.2,0,1,0.2061855670103092,0.1301020408163265,0.7777777777777777,0.5683333333333334,0.2027491408934708,0.0,0.1156812339331619,0.0816326530612245,1
2939,0.4,0,0,0.5876288659793814,0.4974489795918367,1.0,0.045,0.268041237113402,0.0773195876288659,0.4987146529562982,0.5782312925170069,0
2940,0.2,1,1,0.7010309278350515,0.510204081632653,0.8888888888888888,0.7100000000000002,0.3986254295532646,0.6752577319587628,0.4318766066838046,0.6122448979591837,1
2941,0.2,1,1,0.9690721649484536,0.8622448979591836,1.0,0.8800000000000001,0.8969072164948453,0.979381443298969,0.5269922879177379,0.8435374149659864,1
2942,0.0,1,0,0.6494845360824741,0.3622448979591837,0.5555555555555556,0.7583333333333333,0.3092783505154639,0.61340206185567,0.5269922879177379,0.2312925170068027,1
2943,0.4,0,1,0.3711340206185567,0.1862244897959183,1.0,0.8133333333333335,0.0584192439862542,0.268041237113402,0.2287917737789203,0.380952380952381,1
2944,0.4,1,0,0.9484536082474226,0.6326530612244897,1.0,0.8866666666666667,0.6666666666666666,0.1082474226804123,0.5655526992287918,0.4013605442176871,1
2945,0.0,0,0,0.1958762886597938,0.2015306122448979,0.1111111111111111,0.4233333333333333,0.134020618556701,0.1958762886597938,0.1439588688946015,0.1156462585034013,1
2946,0.2,0,1,0.8556701030927835,0.6607142857142856,0.3333333333333333,0.8516666666666668,0.7835051546391752,0.3298969072164948,0.8277634961439589,0.8639455782312926,1
2947,1.0,1,1,0.3711340206185567,0.298469387755102,0.0,0.5816666666666668,0.2130584192439862,0.2731958762886597,0.2570694087403599,0.2857142857142857,1
2948,0.2,0,1,0.3298969072164948,0.2397959183673469,1.0,0.8833333333333335,0.120274914089347,0.3298969072164948,0.2570694087403599,0.326530612244898,1
2949,0.2,1,1,0.556701030927835,0.2908163265306122,0.2222222222222222,0.6783333333333335,0.1546391752577319,0.0412371134020618,0.480719794344473,0.2653061224489796,1
2950,0.0,1,1,0.8556701030927835,0.8520408163265305,0.4444444444444445,0.305,0.6460481099656358,0.4587628865979381,0.737789203084833,0.8299319727891157,0
2951,0.8,0,1,0.1958762886597938,0.1326530612244897,0.8888888888888888,0.0816666666666666,0.0034364261168384,0.0,0.1619537275064267,0.1360544217687075,0
2952,0.8,1,0,0.0206185567010309,0.0306122448979591,0.1111111111111111,0.91,0.0103092783505154,0.0,0.0334190231362467,0.0408163265306122,1
2953,0.8,0,0,0.7938144329896907,0.7959183673469387,1.0,0.1433333333333334,0.4914089347079037,0.1958762886597938,0.6041131105398458,0.5102040816326531,0
2954,1.0,0,0,0.6907216494845361,0.4821428571428571,0.5555555555555556,0.18,0.3436426116838488,0.2577319587628865,0.6323907455012854,0.6122448979591837,0
2955,0.0,0,1,0.1649484536082474,0.0918367346938775,0.0,0.7733333333333334,0.0756013745704467,0.0360824742268041,0.0822622107969151,0.0816326530612245,1
2956,0.0,1,1,0.1030927835051546,0.0739795918367346,0.8888888888888888,0.2883333333333333,0.0721649484536082,0.0309278350515463,0.0539845758354755,0.0816326530612245,0
2957,0.6000000000000001,0,0,0.3505154639175258,0.2423469387755102,0.5555555555555556,0.5900000000000001,0.0206185567010309,0.0670103092783505,0.1850899742930591,0.1496598639455782,1
2958,0.2,1,0,0.7216494845360825,0.5739795918367346,0.0,0.4183333333333334,0.5154639175257731,0.4484536082474226,0.5398457583547558,0.6462585034013606,1
2959,1.0,1,0,0.9484536082474226,0.548469387755102,0.2222222222222222,0.9166666666666669,0.4570446735395189,0.6030927835051546,0.6298200514138819,0.4625850340136054,1
2960,1.0,1,0,0.9072164948453608,0.6096938775510203,0.1111111111111111,0.5766666666666667,0.4261168384879725,0.2835051546391752,0.4575835475578406,0.8095238095238095,1
2961,0.2,0,1,0.0824742268041237,0.0459183673469387,0.3333333333333333,0.8216666666666668,0.0996563573883161,0.0670103092783505,0.0488431876606683,0.0952380952380952,1
2962,0.6000000000000001,0,0,0.556701030927835,0.4999999999999999,0.7777777777777777,0.4183333333333334,0.4810996563573883,0.2164948453608247,0.4061696658097686,0.3061224489795918,1
2963,0.2,1,0,0.0721649484536082,0.058673469387755,0.1111111111111111,0.0766666666666666,0.0137457044673539,0.0360824742268041,0.0668380462724935,0.0612244897959183,0
2964,1.0,0,1,0.9072164948453608,0.4795918367346938,0.6666666666666665,0.4,0.3883161512027491,0.0412371134020618,0.4627249357326478,0.3333333333333333,0
2965,0.4,0,0,0.2989690721649484,0.221938775510204,1.0,0.9866666666666668,0.1718213058419244,0.2886597938144329,0.1748071979434447,0.272108843537415,1
2966,0.2,0,1,0.8041237113402061,0.520408163265306,0.2222222222222222,0.45,0.0343642611683848,0.6030927835051546,0.5886889460154242,0.7687074829931974,1
2967,0.8,0,1,0.3402061855670103,0.2806122448979591,0.7777777777777777,0.9566666666666668,0.0481099656357388,0.1958762886597938,0.2519280205655527,0.2517006802721088,1
2968,0.8,1,0,0.3814432989690722,0.3137755102040816,0.3333333333333333,0.4216666666666667,0.281786941580756,0.1288659793814432,0.3084832904884318,0.3061224489795918,1
2969,0.4,1,0,0.979381443298969,0.8724489795918366,0.4444444444444445,0.5816666666666668,0.3642611683848797,0.3917525773195876,0.6298200514138819,0.4013605442176871,1
2970,0.8,1,0,0.4432989690721649,0.3954081632653061,0.6666666666666665,0.2316666666666667,0.3058419243986254,0.3556701030927835,0.3830334190231362,0.2993197278911564,0
2971,1.0,0,0,0.6804123711340205,0.6249999999999999,0.3333333333333333,0.5350000000000001,0.4467353951890034,0.6958762886597938,0.5912596401028278,0.326530612244898,1
2972,0.4,0,0,0.6288659793814433,0.4668367346938775,0.6666666666666665,0.9533333333333334,0.3402061855670103,0.61340206185567,0.4061696658097686,0.5102040816326531,1
2973,0.4,1,0,0.4845360824742268,0.4642857142857143,0.3333333333333333,0.32,0.4432989690721649,0.2577319587628865,0.2544987146529563,0.3945578231292517,0
2974,0.0,1,0,0.4742268041237113,0.4668367346938775,0.2222222222222222,0.53,0.422680412371134,0.3041237113402061,0.4241645244215938,0.272108843537415,1
2975,1.0,1,0,0.7525773195876289,0.3954081632653061,0.8888888888888888,0.2633333333333334,0.268041237113402,0.3350515463917525,0.5681233933161954,0.5714285714285715,0
2976,1.0,0,0,0.5154639175257731,0.3469387755102041,0.1111111111111111,0.2033333333333333,0.268041237113402,0.2319587628865979,0.300771208226221,0.4761904761904762,0
2977,0.6000000000000001,0,1,0.9484536082474226,0.7806122448979591,1.0,0.955,0.7835051546391752,0.9123711340206184,0.4884318766066838,0.6122448979591837,1
2978,1.0,0,0,0.3092783505154639,0.2474489795918367,0.6666666666666665,0.5166666666666668,0.0996563573883161,0.1958762886597938,0.2133676092544987,0.2380952380952381,1
2979,0.2,0,1,0.3505154639175258,0.3290816326530612,1.0,0.41,0.3058419243986254,0.1855670103092783,0.3496143958868895,0.1972789115646258,0
2980,0.2,0,1,0.3298969072164948,0.1760204081632652,0.3333333333333333,0.7350000000000001,0.1477663230240549,0.3402061855670103,0.2879177377892031,0.2653061224489796,1
2981,0.6000000000000001,1,0,0.1958762886597938,0.2015306122448979,0.2222222222222222,0.7566666666666668,0.0309278350515463,0.1494845360824742,0.1182519280205655,0.0680272108843537,1
2982,0.2,1,0,0.7216494845360825,0.3775510204081632,0.3333333333333333,0.1316666666666667,0.0893470790378006,0.4278350515463917,0.5501285347043703,0.5578231292517007,0
2983,1.0,1,0,0.4432989690721649,0.423469387755102,0.8888888888888888,0.2583333333333334,0.0927835051546391,0.1288659793814432,0.2673521850899742,0.380952380952381,0
2984,0.0,1,1,0.2474226804123711,0.221938775510204,1.0,0.5250000000000001,0.2336769759450171,0.0,0.2082262210796915,0.2312925170068027,1
2985,0.8,1,1,0.6391752577319587,0.5459183673469387,0.4444444444444445,0.14,0.5670103092783505,0.422680412371134,0.3804627249357326,0.3877551020408163,0
2986,0.0,1,0,0.6391752577319587,0.6326530612244897,0.7777777777777777,0.5466666666666666,0.5532646048109966,0.1494845360824742,0.4575835475578406,0.435374149659864,1
2987,0.6000000000000001,1,0,0.2989690721649484,0.2780612244897959,0.7777777777777777,0.9416666666666668,0.1237113402061855,0.2371134020618556,0.1619537275064267,0.2857142857142857,1
2988,0.4,1,0,0.1649484536082474,0.1275510204081632,0.0,0.6316666666666668,0.0343642611683848,0.0721649484536082,0.1413881748071979,0.0612244897959183,1
2989,0.2,1,1,0.9381443298969072,0.4770408163265306,0.6666666666666665,0.6483333333333334,0.8247422680412371,0.5927835051546392,0.8946015424164525,0.6122448979591837,1
2990,1.0,0,1,0.6494845360824741,0.3443877551020408,0.4444444444444445,0.56,0.4467353951890034,0.2835051546391752,0.4910025706940874,0.5510204081632654,1
2991,0.2,0,0,0.2989690721649484,0.1607142857142857,1.0,0.895,0.1374570446735395,0.2164948453608247,0.3084832904884318,0.2925170068027211,1
2992,0.6000000000000001,0,0,0.2164948453608247,0.2091836734693877,0.5555555555555556,0.4283333333333333,0.1237113402061855,0.0721649484536082,0.1516709511568123,0.0884353741496598,1
2993,0.4,1,0,0.0309278350515463,0.0357142857142857,0.4444444444444445,0.04,0.0103092783505154,0.0154639175257731,0.0385604113110539,0.0476190476190476,0
2994,0.0,0,1,0.3608247422680412,0.2295918367346938,0.6666666666666665,0.385,0.2852233676975945,0.0515463917525773,0.2210796915167095,0.1292517006802721,0
2995,0.8,0,1,0.8659793814432989,0.5382653061224489,0.6666666666666665,0.2933333333333333,0.2130584192439862,0.1391752577319587,0.712082262210797,0.870748299319728,0
2996,0.8,1,0,0.2474226804123711,0.2091836734693877,0.1111111111111111,0.7916666666666667,0.0206185567010309,0.1958762886597938,0.2596401028277635,0.1768707482993197,1
2997,0.2,0,1,0.7113402061855669,0.4515306122448979,1.0,0.295,0.2268041237113402,0.6804123711340206,0.4884318766066838,0.6326530612244898,0
2998,0.8,0,1,0.7010309278350515,0.4974489795918367,0.7777777777777777,0.6366666666666667,0.3195876288659793,0.2731958762886597,0.365038560411311,0.4965986394557823,1
2999,1.0,0,0,0.8350515463917525,0.4438775510204081,0.5555555555555556,0.0566666666666667,0.6735395189003436,0.6804123711340206,0.5706940874035991,0.6666666666666667,0
3000,0.6000000000000001,1,1,0.6804123711340205,0.6020408163265305,0.5555555555555556,0.4416666666666667,0.6460481099656358,0.1443298969072164,0.4755784061696658,0.4557823129251701,1
3001,0.2,0,1,1.0,0.6479591836734693,0.0,0.0666666666666666,0.5360824742268041,0.9690721649484536,0.750642673521851,0.8027210884353743,0
3002,0.4,1,0,0.5051546391752577,0.2729591836734694,0.6666666666666665,0.0366666666666667,0.2714776632302405,0.1494845360824742,0.2673521850899742,0.4013605442176871,0
3003,0.8,1,1,0.3402061855670103,0.2653061224489796,0.3333333333333333,0.9716666666666668,0.0068728522336769,0.1185567010309278,0.2082262210796915,0.1360544217687075,1
3004,0.6000000000000001,1,1,0.422680412371134,0.3188775510204081,0.7777777777777777,0.0766666666666666,0.1134020618556701,0.056701030927835,0.2982005141388175,0.2585034013605442,0
3005,0.0,1,1,0.5257731958762886,0.5076530612244897,0.0,0.935,0.0171821305841924,0.0412371134020618,0.416452442159383,0.4217687074829932,1
3006,1.0,1,1,0.6391752577319587,0.5510204081632653,0.5555555555555556,0.665,0.5395189003436426,0.0257731958762886,0.4344473007712082,0.2585034013605442,1
3007,0.0,1,0,0.9381443298969072,0.6862244897959183,0.3333333333333333,0.5483333333333333,0.1546391752577319,0.7371134020618556,0.6838046272493574,0.3401360544217687,1
3008,0.6000000000000001,1,0,0.0927835051546391,0.0714285714285714,0.6666666666666665,0.0983333333333333,0.0515463917525773,0.0515463917525773,0.0951156812339331,0.0680272108843537,0
3009,0.4,0,0,0.7113402061855669,0.6811224489795917,0.4444444444444445,0.2166666666666666,0.711340206185567,0.4278350515463917,0.622107969151671,0.2857142857142857,0
3010,0.8,0,0,0.0927835051546391,0.0765306122448979,0.8888888888888888,0.195,0.0481099656357388,0.0515463917525773,0.1002570694087403,0.0476190476190476,0
3011,0.4,1,0,0.1752577319587628,0.1249999999999999,0.2222222222222222,0.9933333333333334,0.1477663230240549,0.0051546391752577,0.1516709511568123,0.163265306122449,1
3012,0.0,0,0,0.1134020618556701,0.0918367346938775,0.7777777777777777,0.6500000000000001,0.1237113402061855,0.0876288659793814,0.1131105398457583,0.054421768707483,1
3013,1.0,1,0,0.7525773195876289,0.5739795918367346,0.7777777777777777,0.0783333333333333,0.5189003436426116,0.0618556701030927,0.4061696658097686,0.7278911564625851,0
3014,0.8,0,0,0.2268041237113401,0.1709183673469387,0.1111111111111111,0.3983333333333334,0.0790378006872852,0.0,0.2390745501285347,0.1972789115646258,0
3015,0.8,1,1,0.2371134020618556,0.1964285714285714,0.3333333333333333,0.2733333333333334,0.1374570446735395,0.1546391752577319,0.2236503856041131,0.2040816326530612,0
3016,0.8,1,0,0.7525773195876289,0.4056122448979591,0.1111111111111111,0.0166666666666667,0.3711340206185567,0.7371134020618556,0.3753213367609254,0.3945578231292517,0
3017,0.6000000000000001,0,0,0.9381443298969072,0.9260204081632653,0.2222222222222222,0.2183333333333333,0.7560137457044673,0.7525773195876289,0.8380462724935733,0.5986394557823129,0
3018,1.0,0,0,0.3195876288659794,0.2474489795918367,0.5555555555555556,0.315,0.0687285223367697,0.0257731958762886,0.1773778920308483,0.1904761904761905,0
3019,0.8,0,1,0.5670103092783505,0.3469387755102041,0.5555555555555556,0.7916666666666667,0.0549828178694158,0.1597938144329896,0.4010282776349614,0.4829931972789116,1
3020,0.8,0,0,0.0103092783505154,0.0076530612244897,0.2222222222222222,0.1083333333333333,0.0,0.0206185567010309,0.0077120822622107,0.0136054421768707,0
3021,0.4,0,1,0.1030927835051546,0.1071428571428571,0.4444444444444445,0.425,0.0034364261168384,0.056701030927835,0.0616966580976863,0.0952380952380952,1
3022,0.8,1,1,0.8247422680412371,0.7474489795918366,0.4444444444444445,0.2616666666666667,0.2302405498281786,0.345360824742268,0.5424164524421594,0.7482993197278912,0
3023,0.6000000000000001,0,0,0.5463917525773195,0.3086734693877551,0.3333333333333333,0.4666666666666667,0.0274914089347079,0.0463917525773195,0.4884318766066838,0.4965986394557823,1
3024,0.8,0,0,0.1649484536082474,0.1760204081632652,1.0,0.3266666666666667,0.1030927835051546,0.056701030927835,0.1773778920308483,0.1360544217687075,0
3025,0.0,0,0,0.3402061855670103,0.2831632653061224,0.7777777777777777,0.895,0.127147766323024,0.1082474226804123,0.2493573264781491,0.1836734693877551,1
3026,0.8,0,1,0.5979381443298969,0.3290816326530612,0.2222222222222222,0.2583333333333334,0.2508591065292096,0.3041237113402061,0.416452442159383,0.4829931972789116,0
3027,0.0,1,1,0.2577319587628866,0.2397959183673469,1.0,0.4183333333333334,0.0446735395189003,0.0670103092783505,0.1748071979434447,0.108843537414966,1
3028,0.8,0,1,0.5876288659793814,0.520408163265306,0.4444444444444445,0.875,0.4020618556701031,0.4072164948453608,0.532133676092545,0.5782312925170069,1
3029,0.2,0,1,0.1958762886597938,0.0994897959183673,0.8888888888888888,0.4233333333333333,0.1168384879725085,0.0412371134020618,0.1568123393316195,0.1020408163265306,1
3030,0.0,0,1,0.1855670103092783,0.1249999999999999,0.8888888888888888,0.1666666666666667,0.0652920962199312,0.0773195876288659,0.1208226221079691,0.1020408163265306,0
3031,1.0,0,0,0.9072164948453608,0.8673469387755102,0.4444444444444445,0.9216666666666667,0.7731958762886598,0.61340206185567,0.8200514138817482,0.6870748299319729,1
3032,0.2,0,1,0.7628865979381443,0.4719387755102041,0.6666666666666665,0.1716666666666667,0.718213058419244,0.2422680412371134,0.6272493573264782,0.6802721088435375,0
3033,0.6000000000000001,1,0,0.0309278350515463,0.0306122448979591,0.2222222222222222,0.1533333333333333,0.0481099656357388,0.0103092783505154,0.0385604113110539,0.0408163265306122,0
3034,0.2,1,0,0.6288659793814433,0.4770408163265306,1.0,0.6216666666666668,0.5017182130584192,0.4175257731958763,0.403598971722365,0.2857142857142857,1
3035,0.0,1,1,0.2989690721649484,0.173469387755102,0.4444444444444445,0.33,0.1305841924398625,0.056701030927835,0.3059125964010282,0.2925170068027211,0
3036,0.2,0,0,0.0927835051546391,0.058673469387755,0.2222222222222222,0.9300000000000002,0.0618556701030927,0.0979381443298969,0.0616966580976863,0.0408163265306122,1
3037,0.8,1,1,0.3814432989690722,0.3571428571428571,1.0,0.295,0.0343642611683848,0.2371134020618556,0.2262210796915167,0.1972789115646258,0
3038,0.8,0,1,0.8762886597938143,0.711734693877551,0.5555555555555556,0.4133333333333334,0.4054982817869416,0.5103092783505154,0.5012853470437019,0.5782312925170069,0
3039,0.8,0,1,0.6391752577319587,0.6020408163265305,0.2222222222222222,0.0,0.5567010309278351,0.5979381443298969,0.6323907455012854,0.4761904761904762,0
3040,0.4,1,1,0.0,0.0127551020408163,0.5555555555555556,0.305,0.0034364261168384,0.0103092783505154,0.0077120822622107,0.0204081632653061,0
3041,0.2,1,0,0.2268041237113401,0.1403061224489795,1.0,0.14,0.0584192439862542,0.1288659793814432,0.2082262210796915,0.2108843537414966,0
3042,0.6000000000000001,0,0,0.8969072164948453,0.8903061224489796,0.4444444444444445,0.99,0.5876288659793815,0.2886597938144329,0.7043701799485862,0.6666666666666667,1
3043,0.6000000000000001,0,0,0.6082474226804123,0.3698979591836734,0.4444444444444445,0.32,0.2302405498281786,0.1804123711340206,0.4524421593830334,0.4149659863945578,0
3044,1.0,0,1,0.7628865979381443,0.6479591836734693,0.1111111111111111,0.5116666666666667,0.4432989690721649,0.7010309278350515,0.7403598971722366,0.3333333333333333,1
3045,0.6000000000000001,0,0,0.0721649484536082,0.0535714285714285,0.7777777777777777,0.6683333333333334,0.0240549828178694,0.0,0.0437017994858611,0.0272108843537415,1
3046,0.4,0,1,0.7113402061855669,0.4948979591836734,1.0,0.9833333333333334,0.4776632302405498,0.2010309278350515,0.5629820051413882,0.272108843537415,1
3047,0.4,0,1,0.4948453608247422,0.3647959183673469,0.4444444444444445,0.8466666666666667,0.1512027491408934,0.1804123711340206,0.4370179948586118,0.2108843537414966,1
3048,0.8,1,1,0.1855670103092783,0.1811224489795918,1.0,0.4933333333333334,0.0206185567010309,0.1185567010309278,0.1182519280205655,0.1700680272108843,1
3049,0.8,1,1,0.2474226804123711,0.1505102040816326,0.6666666666666665,0.2016666666666666,0.0859106529209622,0.1134020618556701,0.2210796915167095,0.2312925170068027,0
3050,0.4,1,1,0.7010309278350515,0.3724489795918367,1.0,0.325,0.3402061855670103,0.4536082474226804,0.352185089974293,0.6938775510204083,0
3051,0.6000000000000001,1,0,0.3814432989690722,0.2423469387755102,0.2222222222222222,0.5066666666666668,0.3745704467353952,0.3762886597938144,0.1902313624678663,0.2244897959183673,1
3052,0.6000000000000001,1,0,0.845360824742268,0.8239795918367346,0.1111111111111111,0.3483333333333334,0.7800687285223368,0.6494845360824743,0.8251928020565553,0.5918367346938775,1
3053,0.0,1,1,0.0,0.0076530612244897,0.3333333333333333,0.9200000000000002,0.0171821305841924,0.0,0.0025706940874035,0.0136054421768707,1
3054,0.4,0,1,0.1752577319587628,0.1632653061224489,0.7777777777777777,0.9883333333333336,0.1924398625429553,0.1855670103092783,0.1542416452442159,0.108843537414966,1
3055,0.4,0,1,0.9278350515463916,0.8341836734693877,0.6666666666666665,0.9566666666666668,0.134020618556701,0.5,0.7943444730077122,0.4489795918367347,1
3056,0.6000000000000001,0,1,0.0103092783505154,0.0051020408163265,0.2222222222222222,0.1433333333333334,0.0274914089347079,0.0103092783505154,0.0231362467866323,0.0068027210884353,0
3057,1.0,1,0,0.6288659793814433,0.4540816326530612,0.1111111111111111,0.4833333333333334,0.1855670103092783,0.5618556701030928,0.5681233933161954,0.5850340136054423,1
3058,0.4,0,0,0.6082474226804123,0.5918367346938774,0.6666666666666665,0.3500000000000001,0.3092783505154639,0.4896907216494845,0.3110539845758355,0.2312925170068027,0
3059,0.6000000000000001,1,1,0.7835051546391752,0.645408163265306,0.2222222222222222,0.3716666666666667,0.4673539518900343,0.3659793814432989,0.5269922879177379,0.6258503401360545,0
3060,0.0,1,1,0.1855670103092783,0.1632653061224489,0.3333333333333333,0.2683333333333334,0.1683848797250859,0.1134020618556701,0.1773778920308483,0.1768707482993197,0
3061,0.8,0,0,0.1752577319587628,0.135204081632653,0.0,0.8866666666666667,0.0927835051546391,0.1701030927835051,0.1748071979434447,0.163265306122449,1
3062,0.4,0,1,0.3195876288659794,0.2372448979591836,0.8888888888888888,0.9933333333333334,0.3402061855670103,0.0463917525773195,0.3033419023136247,0.3333333333333333,1
3063,0.0,0,1,0.958762886597938,0.6556122448979591,0.0,0.72,0.7731958762886598,0.8041237113402062,0.5167095115681235,0.6326530612244898,1
3064,0.0,1,1,0.3402061855670103,0.3469387755102041,0.7777777777777777,0.0016666666666667,0.3539518900343642,0.0051546391752577,0.2159383033419023,0.1836734693877551,0
3065,1.0,1,0,0.4329896907216495,0.3954081632653061,0.1111111111111111,0.6683333333333334,0.140893470790378,0.3247422680412371,0.4318766066838046,0.2789115646258503,1
3066,0.4,0,0,0.1855670103092783,0.0943877551020408,0.6666666666666665,0.3366666666666666,0.1683848797250859,0.0773195876288659,0.1311053984575835,0.0884353741496598,0
3067,0.6000000000000001,0,0,0.9278350515463916,0.4897959183673469,0.5555555555555556,0.7366666666666668,0.6288659793814433,0.5103092783505154,0.493573264781491,0.9319727891156464,1
3068,0.2,0,0,0.2061855670103092,0.1198979591836734,0.0,0.7583333333333333,0.0378006872852233,0.1288659793814432,0.1645244215938303,0.217687074829932,1
3069,0.2,0,0,0.1752577319587628,0.173469387755102,0.0,0.8900000000000001,0.134020618556701,0.1185567010309278,0.1413881748071979,0.0952380952380952,1
3070,1.0,1,1,0.8762886597938143,0.461734693877551,0.5555555555555556,0.1566666666666667,0.6460481099656358,0.1649484536082474,0.6246786632390746,0.8163265306122449,0
3071,0.6000000000000001,1,1,0.979381443298969,0.4948979591836734,0.1111111111111111,0.605,0.5738831615120275,0.1134020618556701,0.9228791773778922,0.3537414965986394,1
3072,0.6000000000000001,1,0,0.9484536082474226,0.510204081632653,0.4444444444444445,0.5816666666666668,0.6735395189003436,0.345360824742268,0.9203084832904884,0.6802721088435375,1
3073,0.8,0,1,0.8041237113402061,0.5841836734693877,0.6666666666666665,0.73,0.3745704467353952,0.6237113402061856,0.5038560411311055,0.3673469387755102,1
3074,1.0,0,0,0.0824742268041237,0.0433673469387755,0.1111111111111111,0.3733333333333334,0.0927835051546391,0.0927835051546391,0.0488431876606683,0.0476190476190476,0
3075,1.0,0,0,0.5257731958762886,0.3647959183673469,0.7777777777777777,0.925,0.1443298969072164,0.0824742268041237,0.2802056555269923,0.5034013605442177,1
3076,0.6000000000000001,1,1,0.1237113402061855,0.1301020408163265,1.0,0.0066666666666667,0.0584192439862542,0.0670103092783505,0.0668380462724935,0.054421768707483,0
3077,0.4,1,1,0.1443298969072164,0.0892857142857142,0.5555555555555556,0.3866666666666667,0.1099656357388316,0.0721649484536082,0.1311053984575835,0.0748299319727891,0
3078,0.6000000000000001,1,1,0.3298969072164948,0.2091836734693877,0.2222222222222222,0.4733333333333334,0.1443298969072164,0.2422680412371134,0.1670951156812339,0.2517006802721088,1
3079,0.6000000000000001,1,0,0.7835051546391752,0.7244897959183673,0.1111111111111111,0.245,0.2474226804123711,0.4896907216494845,0.5089974293059126,0.7687074829931974,1
3080,0.8,0,0,0.7113402061855669,0.4999999999999999,0.6666666666666665,0.9200000000000002,0.1615120274914089,0.1649484536082474,0.4987146529562982,0.5170068027210885,1
3081,0.2,0,1,0.5979381443298969,0.3265306122448979,0.0,0.1133333333333334,0.3402061855670103,0.1134020618556701,0.3444730077120823,0.3333333333333333,0
3082,0.6000000000000001,0,1,0.8247422680412371,0.7295918367346939,0.4444444444444445,0.245,0.1512027491408934,0.7577319587628866,0.7480719794344474,0.4625850340136054,0
3083,0.8,1,0,0.3814432989690722,0.2831632653061224,1.0,0.945,0.1305841924398625,0.056701030927835,0.3419023136246786,0.217687074829932,1
3084,1.0,0,1,0.845360824742268,0.4413265306122449,0.5555555555555556,0.1616666666666667,0.4604810996563573,0.7474226804123711,0.622107969151671,0.5374149659863946,0
3085,0.8,1,0,0.979381443298969,0.4872448979591837,1.0,0.8300000000000001,0.2199312714776632,0.7061855670103092,0.5141388174807199,0.870748299319728,1
3086,0.2,0,1,0.8350515463917525,0.6632653061224489,1.0,0.3833333333333334,0.7835051546391752,0.5670103092783505,0.8457583547557841,0.54421768707483,0
3087,0.8,1,0,0.2371134020618556,0.2448979591836734,0.7777777777777777,0.0933333333333333,0.1890034364261168,0.134020618556701,0.1491002570694087,0.1564625850340136,0
3088,0.6000000000000001,1,0,0.6082474226804123,0.6045918367346939,0.8888888888888888,0.6966666666666668,0.140893470790378,0.1752577319587628,0.4190231362467866,0.4625850340136054,1
3089,0.6000000000000001,0,0,0.4948453608247422,0.3239795918367347,0.4444444444444445,0.265,0.0996563573883161,0.1752577319587628,0.4601542416452442,0.489795918367347,0
3090,0.6000000000000001,0,0,0.958762886597938,0.5586734693877551,0.3333333333333333,0.4516666666666667,0.1512027491408934,0.4432989690721649,0.6195372750642674,0.7142857142857143,1
3091,0.4,1,0,0.5670103092783505,0.5153061224489796,0.3333333333333333,0.1866666666666667,0.1993127147766323,0.2216494845360824,0.5372750642673523,0.3333333333333333,0
3092,0.2,1,1,0.4948453608247422,0.3112244897959184,1.0,0.5066666666666668,0.140893470790378,0.0051546391752577,0.3059125964010282,0.5034013605442177,1
3093,0.8,0,1,0.8659793814432989,0.5178571428571428,0.7777777777777777,0.2483333333333334,0.3711340206185567,0.5463917525773195,0.7300771208226222,0.3673469387755102,0
3094,1.0,0,0,0.1237113402061855,0.1275510204081632,0.5555555555555556,0.7966666666666669,0.0549828178694158,0.0360824742268041,0.1053984575835475,0.0476190476190476,1
3095,0.6000000000000001,1,0,0.5876288659793814,0.5331632653061223,0.7777777777777777,0.2933333333333333,0.4020618556701031,0.2474226804123711,0.3727506426735218,0.5238095238095238,0
3096,0.8,1,1,0.4020618556701031,0.2576530612244898,0.5555555555555556,0.7116666666666667,0.40893470790378,0.3041237113402061,0.4138817480719794,0.2993197278911564,1
3097,0.6000000000000001,1,0,0.7422680412371133,0.4642857142857143,0.3333333333333333,0.8633333333333335,0.3573883161512027,0.4536082474226804,0.712082262210797,0.5714285714285715,1
3098,0.2,1,1,0.7113402061855669,0.4846938775510204,0.7777777777777777,0.73,0.2474226804123711,0.0,0.6169665809768639,0.2448979591836735,1
3099,1.0,1,1,0.5257731958762886,0.4566326530612244,0.7777777777777777,0.41,0.5017182130584192,0.4072164948453608,0.3367609254498714,0.272108843537415,0
3100,0.4,0,0,0.6597938144329897,0.3520408163265306,0.0,0.285,0.3711340206185567,0.5876288659793815,0.5244215938303343,0.4081632653061224,0
3101,0.6000000000000001,0,0,0.268041237113402,0.2627551020408163,0.1111111111111111,0.9333333333333332,0.1786941580756013,0.2422680412371134,0.1645244215938303,0.1972789115646258,1
3102,0.2,0,1,0.1443298969072164,0.1045918367346938,0.1111111111111111,0.1066666666666666,0.0859106529209622,0.0360824742268041,0.1028277634961439,0.163265306122449,0
3103,0.0,1,1,0.8556701030927835,0.6377551020408162,1.0,0.4283333333333333,0.4467353951890034,0.2628865979381443,0.6066838046272495,0.4829931972789116,1
3104,0.2,0,1,0.5154639175257731,0.520408163265306,0.5555555555555556,0.52,0.0756013745704467,0.134020618556701,0.416452442159383,0.217687074829932,1
3105,0.4,0,1,0.6391752577319587,0.4846938775510204,0.2222222222222222,0.19,0.2474226804123711,0.0927835051546391,0.4832904884318766,0.2653061224489796,0
3106,1.0,1,0,0.1134020618556701,0.0663265306122449,0.1111111111111111,0.12,0.0584192439862542,0.0051546391752577,0.0642673521850899,0.0408163265306122,0
3107,0.0,1,0,0.556701030927835,0.288265306122449,0.5555555555555556,0.2766666666666667,0.5154639175257731,0.3814432989690721,0.5526992287917738,0.5102040816326531,0
3108,0.6000000000000001,1,1,0.9072164948453608,0.4974489795918367,1.0,0.08,0.2955326460481099,0.4742268041237113,0.6426735218508998,0.4081632653061224,0
3109,0.2,0,1,0.7835051546391752,0.4311224489795918,0.1111111111111111,0.4950000000000001,0.127147766323024,0.654639175257732,0.4395886889460154,0.5782312925170069,1
3110,0.8,0,1,0.3917525773195876,0.2729591836734694,0.3333333333333333,0.8183333333333334,0.0171821305841924,0.2422680412371134,0.2570694087403599,0.2040816326530612,1
3111,0.0,1,1,0.0515463917525773,0.0382653061224489,0.5555555555555556,0.1666666666666667,0.0515463917525773,0.056701030927835,0.0488431876606683,0.0204081632653061,0
3112,1.0,1,1,0.7319587628865979,0.4693877551020408,0.7777777777777777,0.855,0.2268041237113402,0.422680412371134,0.506426735218509,0.3945578231292517,1
3113,0.0,0,1,0.5154639175257731,0.3852040816326531,0.1111111111111111,0.625,0.5257731958762887,0.4536082474226804,0.3213367609254499,0.1972789115646258,1
3114,0.2,0,0,0.6185567010309277,0.4566326530612244,0.8888888888888888,0.04,0.1065292096219931,0.6185567010309279,0.4858611825192802,0.2312925170068027,0
3115,0.8,1,0,0.0927835051546391,0.0841836734693877,0.3333333333333333,0.655,0.0824742268041237,0.0670103092783505,0.0899742930591259,0.1020408163265306,1
3116,0.2,0,1,0.556701030927835,0.3418367346938775,0.3333333333333333,0.3183333333333333,0.3470790378006873,0.190721649484536,0.467866323907455,0.2857142857142857,0
3117,1.0,1,1,0.3298969072164948,0.2423469387755102,0.3333333333333333,0.4316666666666667,0.120274914089347,0.1494845360824742,0.2056555269922879,0.1496598639455782,1
3118,0.8,1,0,0.134020618556701,0.1173469387755102,0.7777777777777777,0.1533333333333333,0.0618556701030927,0.056701030927835,0.0694087403598971,0.1360544217687075,0
3119,0.4,0,0,0.5773195876288659,0.4668367346938775,0.8888888888888888,0.3866666666666667,0.3745704467353952,0.0463917525773195,0.3084832904884318,0.4557823129251701,0
3120,0.8,0,0,0.9896907216494844,0.7423469387755102,0.3333333333333333,0.4866666666666667,1.0,0.8608247422680412,0.9151670951156812,0.6122448979591837,1
3121,1.0,0,0,0.8350515463917525,0.5816326530612245,0.1111111111111111,0.265,0.1890034364261168,0.7371134020618556,0.7223650385604113,0.3741496598639456,0
3122,0.8,1,1,0.0309278350515463,0.0229591836734693,0.1111111111111111,0.5450000000000002,0.0,0.0257731958762886,0.0385604113110539,0.0476190476190476,1
3123,0.8,1,0,0.1752577319587628,0.1479591836734693,0.0,0.27,0.0721649484536082,0.1701030927835051,0.1311053984575835,0.1700680272108843,1
3124,0.2,0,1,0.979381443298969,0.6224489795918366,0.6666666666666665,0.5,0.4673539518900343,0.7216494845360825,0.9048843187660668,0.4557823129251701,1
3125,1.0,0,0,0.1649484536082474,0.1505102040816326,0.8888888888888888,0.1099999999999999,0.120274914089347,0.1237113402061855,0.1542416452442159,0.0884353741496598,0
3126,0.0,1,1,0.3195876288659794,0.2397959183673469,0.6666666666666665,0.0933333333333333,0.3367697594501718,0.2474226804123711,0.2339331619537275,0.1292517006802721,0
3127,1.0,1,0,0.0721649484536082,0.0510204081632653,0.7777777777777777,0.4833333333333334,0.0412371134020618,0.0773195876288659,0.0462724935732647,0.0612244897959183,1
3128,1.0,1,1,0.8247422680412371,0.7295918367346939,0.1111111111111111,0.3083333333333333,0.5670103092783505,0.1546391752577319,0.4910025706940874,0.4625850340136054,1
3129,0.2,0,1,0.0309278350515463,0.0357142857142857,0.8888888888888888,0.5283333333333333,0.0137457044673539,0.0051546391752577,0.0282776349614395,0.0340136054421768,1
3130,1.0,1,1,0.0824742268041237,0.058673469387755,0.3333333333333333,0.6066666666666667,0.0309278350515463,0.0618556701030927,0.0822622107969151,0.0612244897959183,1
3131,0.6000000000000001,0,0,0.7113402061855669,0.7040816326530611,0.3333333333333333,0.4716666666666667,0.3058419243986254,0.3917525773195876,0.4961439588688945,0.4285714285714286,1
3132,0.2,1,1,0.0,0.0025510204081632,0.8888888888888888,0.9316666666666668,0.0103092783505154,0.0051546391752577,0.0025706940874035,0.0136054421768707,1
3133,0.4,1,0,0.2989690721649484,0.1785714285714285,0.6666666666666665,0.3400000000000001,0.1099656357388316,0.0,0.1773778920308483,0.1020408163265306,0
3134,0.8,1,0,0.0515463917525773,0.0510204081632653,0.7777777777777777,0.6466666666666667,0.0515463917525773,0.0154639175257731,0.0411311053984575,0.0272108843537415,1
3135,0.6000000000000001,0,0,0.1649484536082474,0.1377551020408163,0.0,0.2033333333333333,0.1649484536082474,0.0,0.0874035989717223,0.1564625850340136,1
3136,0.6000000000000001,0,1,0.845360824742268,0.6811224489795917,0.3333333333333333,0.7433333333333334,0.5154639175257731,0.4329896907216495,0.686375321336761,0.8503401360544218,1
3137,0.6000000000000001,1,0,0.7422680412371133,0.4387755102040816,1.0,0.0283333333333333,0.6082474226804123,0.7216494845360825,0.686375321336761,0.6462585034013606,0
3138,0.4,0,1,0.6701030927835051,0.5076530612244897,0.2222222222222222,0.6683333333333334,0.3024054982817869,0.6288659793814433,0.3496143958868895,0.5578231292517007,1
3139,0.2,1,1,0.1546391752577319,0.1454081632653061,0.7777777777777777,0.7566666666666668,0.134020618556701,0.0773195876288659,0.1568123393316195,0.1224489795918367,1
3140,0.6000000000000001,0,1,0.0103092783505154,0.0076530612244897,0.4444444444444445,0.3583333333333334,0.0103092783505154,0.0103092783505154,0.0179948586118251,0.0136054421768707,0
3141,0.2,1,1,0.3711340206185567,0.2168367346938775,0.5555555555555556,0.6166666666666667,0.1786941580756013,0.2422680412371134,0.3059125964010282,0.2585034013605442,1
3142,1.0,1,1,0.1134020618556701,0.0943877551020408,0.3333333333333333,0.1783333333333333,0.1305841924398625,0.0670103092783505,0.0822622107969151,0.0748299319727891,0
3143,1.0,0,1,0.2989690721649484,0.2704081632653061,0.5555555555555556,0.9733333333333334,0.2096219931271477,0.190721649484536,0.3084832904884318,0.2789115646258503,1
3144,0.2,1,1,0.0,0.0025510204081632,1.0,0.9700000000000002,0.0137457044673539,0.0051546391752577,0.0,0.0,1
3145,0.4,0,1,0.8144329896907216,0.6224489795918366,0.2222222222222222,0.4916666666666667,0.1890034364261168,0.7371134020618556,0.6940874035989718,0.4421768707482993,1
3146,0.2,0,1,0.8969072164948453,0.5765306122448979,0.1111111111111111,0.7616666666666667,0.281786941580756,0.5979381443298969,0.4498714652956298,0.5306122448979592,1
3147,1.0,1,1,0.4123711340206186,0.2091836734693877,0.1111111111111111,0.1433333333333334,0.2989690721649484,0.2371134020618556,0.2622107969151671,0.4081632653061224,0
3148,1.0,0,1,0.4020618556701031,0.2755102040816327,0.8888888888888888,0.76,0.0584192439862542,0.1546391752577319,0.2699228791773779,0.2040816326530612,1
3149,0.6000000000000001,0,0,0.8350515463917525,0.6479591836734693,0.5555555555555556,0.255,0.8247422680412371,0.7525773195876289,0.5167095115681235,0.3877551020408163,0
3150,0.6000000000000001,0,0,0.7525773195876289,0.635204081632653,0.3333333333333333,0.0266666666666667,0.0343642611683848,0.0412371134020618,0.4627249357326478,0.6122448979591837,0
3151,0.6000000000000001,1,0,0.1958762886597938,0.1887755102040816,0.2222222222222222,0.6716666666666666,0.0240549828178694,0.2061855670103092,0.2030848329048843,0.0884353741496598,1
3152,0.6000000000000001,1,0,0.1237113402061855,0.0739795918367346,0.3333333333333333,0.7550000000000001,0.0756013745704467,0.1030927835051546,0.0848329048843187,0.1360544217687075,1
3153,0.0,0,0,0.6907216494845361,0.5918367346938774,0.0,0.5350000000000001,0.268041237113402,0.3762886597938144,0.5861182519280206,0.6394557823129252,1
3154,0.0,1,1,0.2371134020618556,0.2244897959183673,0.4444444444444445,0.9200000000000002,0.1718213058419244,0.2422680412371134,0.1825192802056555,0.1020408163265306,1
3155,0.6000000000000001,0,1,0.3711340206185567,0.2321428571428571,0.5555555555555556,0.0016666666666667,0.268041237113402,0.1443298969072164,0.3753213367609254,0.3401360544217687,0
3156,0.6000000000000001,0,1,0.7731958762886597,0.7397959183673468,0.4444444444444445,0.0983333333333333,0.2336769759450171,0.3144329896907216,0.5552699228791774,0.2857142857142857,0
3157,0.2,0,0,0.3092783505154639,0.1607142857142857,0.7777777777777777,0.39,0.3024054982817869,0.134020618556701,0.1593830334190231,0.1224489795918367,0
3158,0.0,0,1,0.8659793814432989,0.5025510204081632,0.4444444444444445,0.6733333333333333,0.872852233676976,0.5154639175257731,0.7840616966580978,0.7006802721088435,1
3159,0.6000000000000001,0,1,0.3711340206185567,0.3418367346938775,0.7777777777777777,0.6033333333333335,0.1649484536082474,0.0206185567010309,0.3110539845758355,0.3605442176870748,1
3160,0.6000000000000001,1,0,0.845360824742268,0.7857142857142856,0.8888888888888888,0.4983333333333334,0.7079037800687284,0.7268041237113402,0.519280205655527,0.5782312925170069,1
3161,0.2,1,0,0.1443298969072164,0.1301020408163265,0.1111111111111111,0.0316666666666667,0.1443298969072164,0.1134020618556701,0.1002570694087403,0.108843537414966,1
3162,0.4,0,0,0.7835051546391752,0.4872448979591837,0.7777777777777777,0.415,0.6391752577319587,0.6855670103092784,0.6118251928020566,0.4693877551020408,0
3163,0.2,1,1,0.9484536082474226,0.5280612244897959,0.5555555555555556,0.2383333333333334,0.4845360824742268,0.1391752577319587,0.5886889460154242,0.380952380952381,0
3164,0.6000000000000001,0,1,1.0,0.673469387755102,0.4444444444444445,0.4166666666666667,0.7628865979381443,0.8195876288659794,0.9383033419023136,0.4489795918367347,1
3165,0.8,0,0,0.2268041237113401,0.1964285714285714,0.8888888888888888,0.155,0.0,0.0103092783505154,0.1876606683804627,0.2040816326530612,0
3166,0.4,1,1,0.7525773195876289,0.3775510204081632,0.3333333333333333,0.3133333333333333,0.6804123711340206,0.0,0.724935732647815,0.4557823129251701,0
3167,1.0,1,0,0.3195876288659794,0.2933673469387755,0.7777777777777777,0.9083333333333334,0.2061855670103092,0.0773195876288659,0.2287917737789203,0.1768707482993197,1
3168,0.4,1,0,0.5463917525773195,0.4770408163265306,0.0,0.1366666666666667,0.4295532646048109,0.0515463917525773,0.3830334190231362,0.5510204081632654,1
3169,1.0,0,0,0.2268041237113401,0.183673469387755,0.5555555555555556,0.095,0.0893470790378006,0.1494845360824742,0.1491002570694087,0.0884353741496598,0
3170,0.2,0,1,0.8762886597938143,0.693877551020408,0.7777777777777777,0.8583333333333334,0.274914089347079,0.6907216494845361,0.5989717223650386,0.4013605442176871,1
3171,0.2,0,0,0.9690721649484536,0.6556122448979591,0.7777777777777777,0.1133333333333334,0.6357388316151202,0.8556701030927835,0.7609254498714654,0.5714285714285715,0
3172,0.0,1,0,0.845360824742268,0.4974489795918367,0.7777777777777777,0.6233333333333333,0.0171821305841924,0.6288659793814433,0.6966580976863754,0.7278911564625851,1
3173,1.0,0,0,0.9278350515463916,0.6020408163265305,0.4444444444444445,0.0583333333333333,0.1993127147766323,0.788659793814433,0.9023136246786632,0.7278911564625851,0
3174,0.4,1,1,0.4536082474226804,0.3137755102040816,0.0,0.0916666666666666,0.2164948453608247,0.3556701030927835,0.3727506426735218,0.4421768707482993,0
3175,1.0,0,0,0.7628865979381443,0.4387755102040816,0.2222222222222222,0.3500000000000001,0.3127147766323024,0.1804123711340206,0.3958868894601542,0.6666666666666667,0
3176,0.8,1,0,0.8556701030927835,0.4464285714285714,0.1111111111111111,0.6633333333333333,0.2302405498281786,0.2216494845360824,0.7275064267352186,0.54421768707483,1
3177,0.8,0,1,0.2989690721649484,0.2015306122448979,0.8888888888888888,0.18,0.0996563573883161,0.1958762886597938,0.2699228791773779,0.2108843537414966,0
3178,0.6000000000000001,1,1,0.4845360824742268,0.3265306122448979,0.8888888888888888,0.1683333333333333,0.1958762886597938,0.211340206185567,0.4138817480719794,0.2448979591836735,0
3179,1.0,0,1,0.5773195876288659,0.3494897959183674,0.6666666666666665,0.1966666666666666,0.134020618556701,0.5360824742268041,0.3804627249357326,0.4625850340136054,0
3180,0.0,0,0,0.5670103092783505,0.5357142857142857,0.1111111111111111,0.6616666666666668,0.1030927835051546,0.3505154639175257,0.506426735218509,0.3741496598639456,1
3181,0.8,1,0,0.3092783505154639,0.3035714285714285,0.6666666666666665,0.6383333333333334,0.0,0.056701030927835,0.1850899742930591,0.1972789115646258,0
3182,0.8,0,1,0.8041237113402061,0.7959183673469387,0.7777777777777777,0.7716666666666667,0.5120274914089347,0.4536082474226804,0.4447300771208226,0.6054421768707483,1
3183,0.8,0,0,0.4948453608247422,0.2831632653061224,0.2222222222222222,0.06,0.0549828178694158,0.2061855670103092,0.390745501285347,0.1700680272108843,0
3184,0.4,0,1,0.2783505154639175,0.2040816326530612,0.4444444444444445,0.655,0.2577319587628865,0.0979381443298969,0.2416452442159383,0.2925170068027211,1
3185,0.4,0,0,0.6391752577319587,0.6020408163265305,0.8888888888888888,0.7416666666666667,0.5085910652920962,0.2061855670103092,0.4113110539845758,0.4761904761904762,1
3186,1.0,1,0,0.6288659793814433,0.5663265306122448,0.8888888888888888,0.5483333333333333,0.0103092783505154,0.2010309278350515,0.5861182519280206,0.54421768707483,1
3187,0.0,0,0,0.5876288659793814,0.586734693877551,0.7777777777777777,0.4683333333333334,0.0756013745704467,0.4175257731958763,0.3753213367609254,0.3945578231292517,1
3188,0.2,1,0,0.8144329896907216,0.7474489795918366,0.1111111111111111,0.6200000000000001,0.281786941580756,0.2628865979381443,0.5347043701799487,0.3673469387755102,1
3189,1.0,1,1,0.7113402061855669,0.5051020408163265,0.1111111111111111,0.6666666666666667,0.5807560137457044,0.1494845360824742,0.3933161953727506,0.3061224489795918,1
3190,0.2,0,0,0.1237113402061855,0.1045918367346938,0.6666666666666665,0.8116666666666668,0.0549828178694158,0.0618556701030927,0.1002570694087403,0.054421768707483,1
3191,0.6000000000000001,1,1,0.2164948453608247,0.1964285714285714,0.3333333333333333,0.0,0.1443298969072164,0.1958762886597938,0.1799485861182519,0.0816326530612245,0
3192,0.2,1,0,0.7422680412371133,0.4030612244897959,0.1111111111111111,0.5916666666666668,0.7560137457044673,0.6649484536082474,0.6426735218508998,0.2925170068027211,1
3193,0.0,1,1,0.5257731958762886,0.3316326530612244,0.5555555555555556,0.4533333333333333,0.1443298969072164,0.1288659793814432,0.455012853470437,0.4829931972789116,1
3194,1.0,1,1,0.7731958762886597,0.4107142857142857,0.0,0.605,0.0378006872852233,0.7628865979381443,0.3984575835475578,0.2653061224489796,1
3195,0.0,0,0,0.4948453608247422,0.2653061224489796,0.7777777777777777,0.7100000000000002,0.0549828178694158,0.056701030927835,0.3958868894601542,0.326530612244898,1
3196,1.0,0,1,0.5979381443298969,0.3061224489795918,0.5555555555555556,0.6333333333333333,0.3917525773195876,0.2731958762886597,0.3470437017994858,0.4965986394557823,1
3197,0.0,1,0,0.1237113402061855,0.0612244897959183,0.0,0.6416666666666668,0.1168384879725085,0.0412371134020618,0.1311053984575835,0.0884353741496598,1
3198,1.0,0,1,0.9484536082474226,0.5816326530612245,0.2222222222222222,0.77,0.4261168384879725,0.5257731958762887,0.5655526992287918,0.4489795918367347,1
3199,0.6000000000000001,0,0,0.5154639175257731,0.4311224489795918,0.8888888888888888,0.78,0.3161512027491409,0.2835051546391752,0.2930591259640103,0.2585034013605442,1
3200,0.0,1,0,0.2989690721649484,0.2755102040816327,0.3333333333333333,0.3400000000000001,0.120274914089347,0.2371134020618556,0.2853470437017995,0.1224489795918367,0
3201,0.6000000000000001,0,1,0.845360824742268,0.5153061224489796,0.5555555555555556,0.8266666666666667,0.7869415807560137,0.5412371134020618,0.4447300771208226,0.761904761904762,1
3202,0.0,0,0,0.1030927835051546,0.0663265306122449,0.8888888888888888,0.08,0.0137457044673539,0.0618556701030927,0.0668380462724935,0.0408163265306122,0
3203,1.0,0,1,0.4742268041237113,0.3265306122448979,0.2222222222222222,0.6950000000000001,0.2852233676975945,0.4587628865979381,0.4627249357326478,0.1904761904761905,1
3204,1.0,0,1,0.9278350515463916,0.8647959183673468,0.1111111111111111,0.4416666666666667,0.0171821305841924,0.7164948453608248,0.5989717223650386,0.8367346938775511,1
3205,0.4,0,0,0.5257731958762886,0.2704081632653061,0.2222222222222222,0.5783333333333334,0.5017182130584192,0.1804123711340206,0.4730077120822622,0.217687074829932,1
3206,0.6000000000000001,1,0,0.4639175257731959,0.2704081632653061,0.0,0.5433333333333334,0.3161512027491409,0.1185567010309278,0.3676092544987147,0.3537414965986394,1
3207,0.0,0,0,0.6494845360824741,0.6224489795918366,0.2222222222222222,0.4233333333333333,0.0927835051546391,0.056701030927835,0.5758354755784062,0.653061224489796,1
3208,0.8,1,1,0.3092783505154639,0.2857142857142857,1.0,0.9400000000000002,0.2989690721649484,0.2577319587628865,0.3033419023136247,0.2789115646258503,1
3209,0.8,1,0,0.4536082474226804,0.3112244897959184,0.2222222222222222,0.1766666666666667,0.3711340206185567,0.0103092783505154,0.352185089974293,0.4625850340136054,0
3210,1.0,1,0,0.0515463917525773,0.0382653061224489,0.4444444444444445,0.5833333333333335,0.0446735395189003,0.0051546391752577,0.0308483290488431,0.0204081632653061,1
3211,1.0,0,1,0.7628865979381443,0.413265306122449,0.3333333333333333,0.39,0.3058419243986254,0.5309278350515464,0.6323907455012854,0.5646258503401361,0
3212,0.8,1,0,0.1030927835051546,0.058673469387755,0.3333333333333333,0.9533333333333334,0.0549828178694158,0.1082474226804123,0.0616966580976863,0.0612244897959183,1
3213,0.4,1,0,0.5051546391752577,0.413265306122449,0.5555555555555556,0.9083333333333334,0.415807560137457,0.4639175257731958,0.2853470437017995,0.3877551020408163,1
3214,0.2,0,1,0.422680412371134,0.4081632653061224,0.6666666666666665,0.8200000000000001,0.0137457044673539,0.0206185567010309,0.2544987146529563,0.272108843537415,0
3215,0.8,1,0,0.0103092783505154,0.0229591836734693,0.8888888888888888,0.4066666666666667,0.0240549828178694,0.0051546391752577,0.0128534704370179,0.0068027210884353,0
3216,0.4,1,1,0.3917525773195876,0.3239795918367347,0.4444444444444445,0.42,0.127147766323024,0.0824742268041237,0.3933161953727506,0.2312925170068027,1
3217,1.0,0,0,0.3814432989690722,0.3724489795918367,0.5555555555555556,0.895,0.0378006872852233,0.0257731958762886,0.3624678663239074,0.2448979591836735,1
3218,0.0,0,1,0.6907216494845361,0.5357142857142857,0.8888888888888888,0.9083333333333334,0.5979381443298969,0.2886597938144329,0.5424164524421594,0.4489795918367347,1
3219,0.8,0,1,0.7010309278350515,0.6071428571428571,0.4444444444444445,0.6283333333333334,0.6460481099656358,0.3092783505154639,0.5475578406169667,0.4285714285714286,1
3220,0.2,1,0,0.6288659793814433,0.4591836734693877,1.0,0.2166666666666666,0.4467353951890034,0.0670103092783505,0.5835475578406171,0.6258503401360545,0
3221,0.6000000000000001,1,1,0.8969072164948453,0.5663265306122448,0.5555555555555556,0.9783333333333336,0.8006872852233676,0.5567010309278351,0.853470437017995,0.6462585034013606,1
3222,0.0,0,1,0.5670103092783505,0.4872448979591837,0.3333333333333333,0.4066666666666667,0.1477663230240549,0.3298969072164948,0.5038560411311055,0.3945578231292517,0
3223,0.8,0,1,0.5154639175257731,0.4591836734693877,0.4444444444444445,0.0916666666666666,0.0137457044673539,0.1958762886597938,0.2647814910025707,0.2312925170068027,0
3224,0.8,1,0,0.7422680412371133,0.4387755102040816,0.1111111111111111,0.4,0.3024054982817869,0.3917525773195876,0.4524421593830334,0.2448979591836735,0
3225,1.0,1,0,0.6494845360824741,0.4005102040816326,0.6666666666666665,0.2400000000000001,0.0378006872852233,0.4072164948453608,0.5861182519280206,0.5374149659863946,0
3226,0.6000000000000001,1,0,0.6185567010309277,0.3724489795918367,0.6666666666666665,0.445,0.0412371134020618,0.4690721649484536,0.5269922879177379,0.5986394557823129,1
3227,1.0,0,1,0.2268041237113401,0.1581632653061224,1.0,0.3550000000000001,0.2199312714776632,0.1082474226804123,0.1259640102827763,0.1768707482993197,0
3228,0.0,0,0,0.2371134020618556,0.173469387755102,0.4444444444444445,0.4833333333333334,0.1374570446735395,0.0412371134020618,0.1491002570694087,0.1768707482993197,1
3229,0.4,1,1,0.2577319587628866,0.2091836734693877,1.0,0.1133333333333334,0.1683848797250859,0.2319587628865979,0.1439588688946015,0.1428571428571428,0
3230,1.0,0,0,0.288659793814433,0.1862244897959183,0.2222222222222222,0.1883333333333333,0.0790378006872852,0.1804123711340206,0.2853470437017995,0.1156462585034013,0
3231,0.8,1,1,0.6082474226804123,0.3392857142857143,0.1111111111111111,0.1683333333333333,0.3676975945017182,0.1030927835051546,0.519280205655527,0.2653061224489796,0
3232,0.6000000000000001,1,0,0.134020618556701,0.1301020408163265,0.8888888888888888,0.645,0.0068728522336769,0.0206185567010309,0.1079691516709511,0.1156462585034013,1
3233,0.4,1,0,0.6494845360824741,0.3520408163265306,0.6666666666666665,0.4616666666666668,0.1580756013745704,0.6185567010309279,0.6375321336760926,0.2653061224489796,1
3234,0.8,0,0,0.0,0.010204081632653,0.4444444444444445,0.4600000000000001,0.0171821305841924,0.0051546391752577,0.0025706940874035,0.0204081632653061,1
3235,0.2,0,0,1.0,0.5892857142857142,0.7777777777777777,0.645,0.9690721649484536,0.190721649484536,0.7532133676092546,0.5578231292517007,1
3236,0.8,1,0,0.5463917525773195,0.288265306122449,0.5555555555555556,0.29,0.0618556701030927,0.1237113402061855,0.5089974293059126,0.380952380952381,0
3237,0.8,1,0,0.1030927835051546,0.1045918367346938,0.2222222222222222,0.6816666666666666,0.0962199312714776,0.1185567010309278,0.0976863753213367,0.1156462585034013,1
3238,0.8,1,1,0.6907216494845361,0.5076530612244897,0.8888888888888888,0.2300000000000001,0.3298969072164948,0.3195876288659793,0.6812339331619538,0.3877551020408163,0
3239,0.6000000000000001,1,1,0.8041237113402061,0.6377551020408162,0.1111111111111111,0.01,0.7663230240549828,0.3762886597938144,0.6195372750642674,0.4489795918367347,1
3240,0.6000000000000001,0,1,0.4020618556701031,0.3469387755102041,1.0,0.1383333333333334,0.0652920962199312,0.1185567010309278,0.3984575835475578,0.2585034013605442,0
3241,0.4,1,0,0.1237113402061855,0.1122448979591836,1.0,0.4383333333333333,0.0137457044673539,0.1185567010309278,0.0642673521850899,0.0952380952380952,1
3242,0.8,0,1,0.1443298969072164,0.0739795918367346,1.0,0.1183333333333334,0.0549828178694158,0.1185567010309278,0.1105398457583547,0.0680272108843537,0
3243,0.2,1,0,0.1958762886597938,0.0994897959183673,0.5555555555555556,0.1316666666666667,0.0927835051546391,0.1082474226804123,0.2005141388174807,0.1700680272108843,0
3244,0.2,0,0,0.8865979381443299,0.7627551020408162,0.8888888888888888,0.995,0.5876288659793815,0.4072164948453608,0.7300771208226222,0.7551020408163266,1
3245,0.6000000000000001,0,1,0.7113402061855669,0.6403061224489796,0.4444444444444445,0.7083333333333335,0.7079037800687284,0.2731958762886597,0.403598971722365,0.5850340136054423,1
3246,0.2,0,0,0.8659793814432989,0.7959183673469387,0.7777777777777777,0.6300000000000001,0.6769759450171822,0.6907216494845361,0.5629820051413882,0.3605442176870748,1
3247,0.4,0,1,0.5360824742268041,0.3698979591836734,0.2222222222222222,0.7066666666666668,0.0343642611683848,0.0206185567010309,0.3290488431876606,0.3673469387755102,1
3248,0.6000000000000001,1,1,0.0824742268041237,0.0561224489795918,0.2222222222222222,0.8466666666666667,0.0996563573883161,0.0309278350515463,0.0437017994858611,0.0340136054421768,1
3249,0.0,1,0,0.5360824742268041,0.461734693877551,0.3333333333333333,0.5416666666666667,0.415807560137457,0.1546391752577319,0.3264781491002571,0.326530612244898,1
3250,0.4,1,0,0.4123711340206186,0.4209183673469387,0.1111111111111111,0.7850000000000001,0.2233676975945017,0.2319587628865979,0.2622107969151671,0.3945578231292517,1
3251,0.4,0,0,0.7525773195876289,0.5637755102040816,0.6666666666666665,0.6583333333333334,0.2783505154639175,0.2010309278350515,0.3856041131105398,0.6394557823129252,1
3252,0.8,1,0,0.1030927835051546,0.0765306122448979,0.0,0.44,0.0756013745704467,0.0257731958762886,0.1131105398457583,0.0748299319727891,1
3253,0.8,1,1,0.6288659793814433,0.3622448979591837,0.4444444444444445,0.0816666666666666,0.1305841924398625,0.634020618556701,0.416452442159383,0.3877551020408163,0
3254,0.8,1,1,0.0103092783505154,0.0153061224489795,0.1111111111111111,0.8283333333333334,0.0103092783505154,0.0206185567010309,0.0077120822622107,0.0272108843537415,1
3255,0.6000000000000001,1,0,0.7422680412371133,0.7270408163265305,0.3333333333333333,0.1516666666666667,0.6872852233676976,0.4072164948453608,0.5989717223650386,0.489795918367347,0
3256,1.0,0,0,0.2061855670103092,0.1301020408163265,0.5555555555555556,0.8883333333333334,0.1683848797250859,0.1701030927835051,0.1722365038560411,0.108843537414966,1
3257,1.0,1,0,0.3917525773195876,0.2244897959183673,0.4444444444444445,0.3583333333333334,0.0206185567010309,0.3298969072164948,0.2467866323907455,0.3741496598639456,0
3258,0.8,1,1,0.2577319587628866,0.2576530612244898,0.7777777777777777,0.6183333333333334,0.2096219931271477,0.190721649484536,0.1362467866323907,0.272108843537415,1
3259,0.0,0,1,0.1855670103092783,0.1683673469387755,0.1111111111111111,0.1733333333333333,0.1683848797250859,0.0824742268041237,0.1002570694087403,0.2040816326530612,1
3260,0.8,0,0,0.6391752577319587,0.3698979591836734,0.2222222222222222,0.395,0.0790378006872852,0.190721649484536,0.4704370179948586,0.4421768707482993,0
3261,1.0,0,1,0.1237113402061855,0.1224489795918367,0.1111111111111111,0.08,0.0721649484536082,0.0463917525773195,0.0951156812339331,0.0884353741496598,1
3262,0.0,0,1,0.268041237113402,0.1530612244897959,0.5555555555555556,0.5783333333333334,0.140893470790378,0.0,0.2159383033419023,0.1564625850340136,1
3263,0.4,0,1,0.8247422680412371,0.7244897959183673,0.6666666666666665,0.0266666666666667,0.8006872852233676,0.8298969072164948,0.4473007712082262,0.2925170068027211,0
3264,0.6000000000000001,0,0,0.9072164948453608,0.673469387755102,0.6666666666666665,0.5633333333333335,0.1821305841924398,0.0,0.7969151670951158,0.3537414965986394,1
3265,1.0,0,1,0.0618556701030927,0.0459183673469387,0.5555555555555556,0.1050000000000001,0.0412371134020618,0.0515463917525773,0.0719794344473007,0.0612244897959183,0
3266,0.8,0,1,0.6082474226804123,0.5331632653061223,0.2222222222222222,0.8466666666666667,0.0240549828178694,0.3711340206185567,0.5655526992287918,0.4149659863945578,1
3267,0.8,0,1,0.2268041237113401,0.2321428571428571,0.0,0.9516666666666668,0.127147766323024,0.0154639175257731,0.1748071979434447,0.2380952380952381,1
3268,0.8,1,1,0.5979381443298969,0.4260204081632653,0.5555555555555556,0.5116666666666667,0.5257731958762887,0.1649484536082474,0.5604113110539847,0.2653061224489796,1
3269,0.4,0,1,0.7938144329896907,0.5663265306122448,0.2222222222222222,0.4516666666666667,0.2783505154639175,0.2731958762886597,0.4524421593830334,0.5510204081632654,1
3270,0.6000000000000001,1,1,0.958762886597938,0.6479591836734693,0.8888888888888888,0.2433333333333334,0.5807560137457044,0.7010309278350515,0.7455012853470437,0.6870748299319729,0
3271,0.6000000000000001,0,1,0.1649484536082474,0.1556122448979591,1.0,0.2266666666666666,0.0515463917525773,0.1494845360824742,0.1053984575835475,0.0884353741496598,0
3272,0.6000000000000001,0,1,0.5773195876288659,0.3520408163265306,0.5555555555555556,0.73,0.4020618556701031,0.2268041237113402,0.3881748071979434,0.5714285714285715,1
3273,0.6000000000000001,1,0,0.268041237113402,0.2321428571428571,0.4444444444444445,0.3650000000000001,0.2405498281786941,0.1804123711340206,0.1902313624678663,0.1020408163265306,0
3274,0.6000000000000001,1,1,0.3917525773195876,0.2040816326530612,0.3333333333333333,0.385,0.127147766323024,0.3814432989690721,0.3830334190231362,0.4013605442176871,0
3275,0.2,0,0,0.0824742268041237,0.0790816326530612,0.8888888888888888,0.4633333333333334,0.0790378006872852,0.0206185567010309,0.0719794344473007,0.0816326530612245,1
3276,0.0,1,0,0.9175257731958762,0.5306122448979591,1.0,0.4633333333333334,0.2027491408934708,0.3195876288659793,0.8586118251928021,0.380952380952381,1
3277,0.0,1,0,0.4536082474226804,0.4540816326530612,0.6666666666666665,0.2366666666666667,0.0962199312714776,0.0103092783505154,0.3933161953727506,0.2244897959183673,0
3278,0.4,0,0,0.7835051546391752,0.423469387755102,0.2222222222222222,0.7516666666666667,0.5979381443298969,0.3247422680412371,0.5167095115681235,0.7959183673469389,1
3279,0.8,1,1,0.6597938144329897,0.4719387755102041,0.4444444444444445,0.0883333333333333,0.5670103092783505,0.4896907216494845,0.506426735218509,0.4217687074829932,0
3280,1.0,0,0,0.9896907216494844,0.6709183673469387,0.5555555555555556,0.6066666666666667,0.1786941580756013,0.1494845360824742,0.5706940874035991,0.9591836734693878,1
3281,0.2,1,0,0.7422680412371133,0.6709183673469387,0.8888888888888888,0.3416666666666667,0.0756013745704467,0.1237113402061855,0.5681233933161954,0.2653061224489796,0
3282,0.6000000000000001,1,1,0.422680412371134,0.4158163265306122,0.4444444444444445,0.4516666666666667,0.1958762886597938,0.190721649484536,0.3213367609254499,0.3945578231292517,1
3283,0.4,0,1,0.9896907216494844,0.8749999999999999,0.7777777777777777,0.7566666666666668,0.4261168384879725,0.768041237113402,0.8843187660668381,0.4149659863945578,1
3284,1.0,0,0,0.0927835051546391,0.0918367346938775,1.0,0.9300000000000002,0.1099656357388316,0.0618556701030927,0.0899742930591259,0.0748299319727891,1
3285,0.6000000000000001,1,1,0.8659793814432989,0.548469387755102,1.0,0.5683333333333334,0.1821305841924398,0.4536082474226804,0.609254498714653,0.6190476190476191,1
3286,0.0,0,1,0.9484536082474226,0.8979591836734693,0.7777777777777777,0.4866666666666667,0.3195876288659793,0.6082474226804123,0.776349614395887,0.3945578231292517,1
3287,0.6000000000000001,1,1,0.5257731958762886,0.510204081632653,0.6666666666666665,0.22,0.5154639175257731,0.0,0.4344473007712082,0.4013605442176871,0
3288,0.2,0,1,0.8762886597938143,0.8545918367346937,0.8888888888888888,0.43,0.6288659793814433,0.5927835051546392,0.8020565552699229,0.4013605442176871,1
3289,0.6000000000000001,1,1,0.4742268041237113,0.3545918367346938,0.5555555555555556,0.4116666666666667,0.3573883161512027,0.0360824742268041,0.2442159383033419,0.163265306122449,0
3290,0.8,0,0,0.4329896907216495,0.2423469387755102,0.8888888888888888,0.72,0.0824742268041237,0.1237113402061855,0.3804627249357326,0.2993197278911564,1
3291,0.2,1,1,0.5360824742268041,0.4846938775510204,0.5555555555555556,0.8066666666666666,0.1718213058419244,0.0927835051546391,0.5141388174807199,0.4421768707482993,1
3292,1.0,0,1,0.845360824742268,0.8061224489795917,0.4444444444444445,0.5083333333333333,0.6494845360824743,0.5309278350515464,0.557840616966581,0.6190476190476191,1
3293,0.2,1,1,0.5360824742268041,0.4897959183673469,0.8888888888888888,0.6466666666666667,0.415807560137457,0.0412371134020618,0.429305912596401,0.2380952380952381,1
3294,0.6000000000000001,0,1,0.9484536082474226,0.8112244897959183,0.4444444444444445,0.5283333333333333,0.7800687285223368,0.2989690721649484,0.7480719794344474,0.7755102040816327,1
3295,0.0,0,1,0.0618556701030927,0.0535714285714285,0.1111111111111111,0.3633333333333334,0.0171821305841924,0.0412371134020618,0.0642673521850899,0.0340136054421768,1
3296,0.0,0,0,0.3711340206185567,0.3698979591836734,0.4444444444444445,0.15,0.2027491408934708,0.2938144329896907,0.2365038560411311,0.3129251700680272,0
3297,0.8,1,0,0.2989690721649484,0.1530612244897959,0.1111111111111111,0.1166666666666667,0.2955326460481099,0.211340206185567,0.2185089974293059,0.1904761904761905,0
3298,0.6000000000000001,0,1,0.5979381443298969,0.5357142857142857,0.1111111111111111,0.8366666666666667,0.1615120274914089,0.4587628865979381,0.4370179948586118,0.5170068027210885,1
3299,0.4,0,1,0.6804123711340205,0.3877551020408163,0.5555555555555556,0.0633333333333333,0.3402061855670103,0.0618556701030927,0.5526992287917738,0.5782312925170069,0
3300,1.0,0,0,0.5154639175257731,0.2908163265306122,0.2222222222222222,0.5966666666666667,0.2783505154639175,0.2628865979381443,0.2853470437017995,0.380952380952381,1
3301,0.0,0,0,0.1752577319587628,0.1632653061224489,0.5555555555555556,0.4916666666666667,0.1030927835051546,0.1649484536082474,0.1182519280205655,0.1156462585034013,1
3302,1.0,1,1,0.3505154639175258,0.2091836734693877,1.0,0.4900000000000001,0.1512027491408934,0.3298969072164948,0.1825192802056555,0.3061224489795918,1
3303,0.6000000000000001,1,1,0.134020618556701,0.096938775510204,0.6666666666666665,0.5183333333333333,0.0206185567010309,0.1030927835051546,0.1156812339331619,0.1428571428571428,1
3304,0.6000000000000001,0,0,0.1855670103092783,0.1403061224489795,0.3333333333333333,0.8316666666666668,0.1030927835051546,0.1597938144329896,0.1336760925449871,0.0680272108843537,1
3305,1.0,1,0,0.9278350515463916,0.4668367346938775,1.0,0.3283333333333333,0.0343642611683848,0.0154639175257731,0.6143958868894602,0.7278911564625851,0
3306,0.0,0,1,0.6082474226804123,0.3979591836734694,0.8888888888888888,0.26,0.4432989690721649,0.5567010309278351,0.4832904884318766,0.5986394557823129,0
3307,1.0,0,0,0.0103092783505154,0.0051020408163265,0.3333333333333333,0.16,0.0137457044673539,0.0154639175257731,0.0231362467866323,0.0136054421768707,0
3308,0.2,1,0,0.0618556701030927,0.0510204081632653,0.4444444444444445,0.7833333333333334,0.0309278350515463,0.0463917525773195,0.0668380462724935,0.0748299319727891,1
3309,0.0,0,0,0.3195876288659794,0.221938775510204,0.7777777777777777,0.8283333333333334,0.1030927835051546,0.3298969072164948,0.2570694087403599,0.2244897959183673,1
3310,0.2,0,0,0.5773195876288659,0.4693877551020408,1.0,0.4766666666666667,0.4845360824742268,0.1546391752577319,0.3933161953727506,0.4081632653061224,1
3311,1.0,0,0,0.8556701030927835,0.5892857142857142,0.7777777777777777,0.5066666666666668,0.8625429553264604,0.8505154639175257,0.622107969151671,0.326530612244898,1
3312,0.0,0,1,0.4020618556701031,0.3188775510204081,0.3333333333333333,0.8316666666666668,0.127147766323024,0.0360824742268041,0.2339331619537275,0.1836734693877551,1
3313,0.4,1,0,0.7835051546391752,0.6658163265306122,0.1111111111111111,0.7716666666666667,0.0756013745704467,0.4329896907216495,0.4190231362467866,0.4557823129251701,1
3314,0.0,1,0,0.7525773195876289,0.5790816326530611,0.6666666666666665,0.7083333333333335,0.3058419243986254,0.2474226804123711,0.5115681233933163,0.4829931972789116,1
3315,0.4,1,0,0.2164948453608247,0.2168367346938775,0.8888888888888888,0.06,0.0618556701030927,0.0412371134020618,0.1259640102827763,0.1020408163265306,0
3316,0.8,1,1,0.0412371134020618,0.0510204081632653,0.2222222222222222,0.325,0.0584192439862542,0.0309278350515463,0.0437017994858611,0.0204081632653061,0
3317,0.2,0,0,0.2783505154639175,0.2857142857142857,1.0,0.2183333333333333,0.1237113402061855,0.1958762886597938,0.1439588688946015,0.2108843537414966,0
3318,1.0,0,0,0.0721649484536082,0.048469387755102,0.0,0.1916666666666667,0.0206185567010309,0.0876288659793814,0.0668380462724935,0.0476190476190476,0
3319,1.0,1,1,0.9072164948453608,0.5127551020408163,0.2222222222222222,0.2516666666666667,0.1786941580756013,0.5876288659793815,0.7172236503856042,0.6122448979591837,0
3320,0.2,0,0,0.4742268041237113,0.3571428571428571,0.1111111111111111,0.315,0.4261168384879725,0.4072164948453608,0.4473007712082262,0.2448979591836735,0
3321,0.2,1,0,0.1443298969072164,0.1096938775510204,0.5555555555555556,0.1916666666666667,0.0274914089347079,0.0309278350515463,0.0925449871465295,0.1020408163265306,0
3322,0.6000000000000001,0,0,0.2474226804123711,0.1989795918367346,0.5555555555555556,0.2083333333333333,0.2508591065292096,0.0979381443298969,0.1670951156812339,0.1496598639455782,0
3323,0.8,1,1,0.1649484536082474,0.1096938775510204,0.6666666666666665,0.255,0.0584192439862542,0.1237113402061855,0.1131105398457583,0.108843537414966,0
3324,1.0,1,1,0.4329896907216495,0.2933673469387755,1.0,0.5566666666666666,0.2027491408934708,0.3762886597938144,0.3830334190231362,0.2925170068027211,1
3325,0.4,0,0,0.0,0.0,1.0,0.3650000000000001,0.0,0.0,0.0025706940874035,0.0204081632653061,0
3326,0.8,0,1,0.0618556701030927,0.0459183673469387,0.2222222222222222,0.0883333333333333,0.0240549828178694,0.0154639175257731,0.0668380462724935,0.0816326530612245,0
3327,0.6000000000000001,1,0,0.134020618556701,0.0739795918367346,0.1111111111111111,0.7783333333333333,0.0687285223367697,0.0206185567010309,0.0874035989717223,0.0952380952380952,1
3328,0.0,0,1,0.7731958762886597,0.423469387755102,0.6666666666666665,0.2883333333333333,0.7594501718213058,0.2061855670103092,0.737789203084833,0.435374149659864,0
3329,1.0,1,1,0.7216494845360825,0.5357142857142857,0.0,0.8350000000000002,0.3402061855670103,0.0876288659793814,0.5167095115681235,0.489795918367347,1
3330,0.8,1,0,0.0824742268041237,0.0510204081632653,0.7777777777777777,0.405,0.0068728522336769,0.0051546391752577,0.0437017994858611,0.0680272108843537,0
3331,0.2,1,0,0.6288659793814433,0.4311224489795918,0.5555555555555556,0.6900000000000002,0.3470790378006873,0.2164948453608247,0.6272493573264782,0.5782312925170069,1
3332,0.6000000000000001,1,0,0.1752577319587628,0.096938775510204,0.5555555555555556,0.8833333333333335,0.1580756013745704,0.056701030927835,0.1285347043701799,0.1428571428571428,1
3333,1.0,1,0,0.4329896907216495,0.3826530612244898,0.1111111111111111,0.1683333333333333,0.0068728522336769,0.2783505154639175,0.442159383033419,0.163265306122449,1
3334,0.0,0,0,0.9175257731958762,0.6658163265306122,0.2222222222222222,0.3633333333333334,0.5429553264604811,0.056701030927835,0.8997429305912598,0.3877551020408163,0
3335,0.4,1,1,0.0721649484536082,0.0510204081632653,1.0,0.1116666666666666,0.0,0.0618556701030927,0.0796915167095115,0.0884353741496598,0
3336,0.0,1,1,0.4536082474226804,0.298469387755102,0.5555555555555556,0.3216666666666667,0.1546391752577319,0.0360824742268041,0.4087403598971722,0.2448979591836735,0
3337,0.4,1,1,0.9484536082474226,0.5714285714285714,0.6666666666666665,0.3416666666666667,0.1374570446735395,0.8711340206185567,0.6272493573264782,0.7823129251700681,0
3338,1.0,1,0,0.6907216494845361,0.6683673469387754,0.7777777777777777,0.0366666666666667,0.70446735395189,0.5051546391752577,0.4318766066838046,0.6394557823129252,0
3339,0.4,1,0,0.0103092783505154,0.0153061224489795,0.3333333333333333,0.7250000000000001,0.0274914089347079,0.0206185567010309,0.0051413881748071,0.0068027210884353,1
3340,1.0,1,1,0.1752577319587628,0.1632653061224489,0.0,0.5366666666666666,0.1443298969072164,0.0103092783505154,0.0925449871465295,0.1156462585034013,1
3341,0.8,1,1,0.4329896907216495,0.4107142857142857,0.2222222222222222,0.3550000000000001,0.1855670103092783,0.3865979381443299,0.3290488431876606,0.3877551020408163,0
3342,0.8,0,1,0.1030927835051546,0.096938775510204,0.7777777777777777,0.4750000000000001,0.0309278350515463,0.0463917525773195,0.0514138817480719,0.0612244897959183,1
3343,0.2,1,1,0.0824742268041237,0.0688775510204081,0.4444444444444445,0.855,0.0996563573883161,0.0257731958762886,0.0771208226221079,0.054421768707483,1
3344,0.0,1,0,0.2989690721649484,0.2576530612244898,0.8888888888888888,0.5366666666666666,0.0446735395189003,0.2577319587628865,0.1773778920308483,0.108843537414966,1
3345,0.2,1,1,0.1958762886597938,0.1530612244897959,0.7777777777777777,0.9983333333333336,0.0824742268041237,0.1134020618556701,0.1053984575835475,0.1496598639455782,1
3346,0.0,0,0,0.1958762886597938,0.1122448979591836,0.0,0.265,0.1374570446735395,0.0670103092783505,0.2005141388174807,0.0816326530612245,0
3347,0.8,1,0,0.9484536082474226,0.8418367346938774,0.8888888888888888,0.1149999999999999,0.7079037800687284,0.2886597938144329,0.8200514138817482,0.489795918367347,0
3348,0.4,0,0,0.979381443298969,0.9540816326530612,0.2222222222222222,0.5016666666666667,0.0103092783505154,0.1597938144329896,0.6041131105398458,0.8027210884353743,1
3349,0.8,1,0,0.1237113402061855,0.0612244897959183,0.8888888888888888,0.6716666666666666,0.0206185567010309,0.0670103092783505,0.1311053984575835,0.0612244897959183,1
3350,0.4,0,0,0.4639175257731959,0.3647959183673469,1.0,0.4950000000000001,0.281786941580756,0.3092783505154639,0.3547557840616966,0.4625850340136054,1
3351,0.6000000000000001,0,1,0.4020618556701031,0.3316326530612244,0.4444444444444445,0.6166666666666667,0.0652920962199312,0.2835051546391752,0.3316195372750642,0.4149659863945578,1
3352,0.8,0,1,0.1030927835051546,0.0637755102040816,0.2222222222222222,0.1099999999999999,0.1134020618556701,0.0154639175257731,0.1002570694087403,0.0952380952380952,0
3353,1.0,0,0,0.7938144329896907,0.7015306122448979,0.7777777777777777,0.9283333333333336,0.8006872852233676,0.6443298969072164,0.4344473007712082,0.7210884353741497,1
3354,0.4,0,0,0.6597938144329897,0.375,0.7777777777777777,0.1683333333333333,0.4673539518900343,0.3402061855670103,0.596401028277635,0.2244897959183673,0
3355,0.0,0,0,0.2061855670103092,0.2168367346938775,0.1111111111111111,0.2283333333333334,0.0549828178694158,0.1185567010309278,0.2056555269922879,0.1360544217687075,1
3356,0.6000000000000001,0,0,0.5463917525773195,0.4413265306122449,0.3333333333333333,0.9700000000000002,0.1993127147766323,0.4020618556701031,0.5141388174807199,0.2108843537414966,1
3357,0.8,1,0,0.5051546391752577,0.3877551020408163,0.3333333333333333,0.1533333333333333,0.2302405498281786,0.4175257731958763,0.3419023136246786,0.4557823129251701,0
3358,0.4,0,1,0.3814432989690722,0.1887755102040816,0.4444444444444445,0.2016666666666666,0.3333333333333333,0.3865979381443299,0.3547557840616966,0.1428571428571428,0
3359,1.0,1,0,0.0,0.0025510204081632,0.2222222222222222,0.7033333333333334,0.0103092783505154,0.0154639175257731,0.0025706940874035,0.0068027210884353,1
3360,0.8,1,0,0.5773195876288659,0.3673469387755102,0.4444444444444445,0.6533333333333333,0.0790378006872852,0.520618556701031,0.4473007712082262,0.2653061224489796,1
3361,1.0,0,0,0.8350515463917525,0.520408163265306,0.0,0.395,0.2886597938144329,0.7371134020618556,0.4987146529562982,0.5306122448979592,0
3362,1.0,1,1,0.2474226804123711,0.1326530612244897,0.3333333333333333,0.6266666666666667,0.2302405498281786,0.0412371134020618,0.1773778920308483,0.0884353741496598,1
3363,0.2,1,0,0.1958762886597938,0.1989795918367346,0.2222222222222222,0.8616666666666668,0.1580756013745704,0.1494845360824742,0.1182519280205655,0.1972789115646258,1
3364,0.8,0,0,0.3814432989690722,0.2678571428571428,1.0,0.2216666666666666,0.1615120274914089,0.0824742268041237,0.365038560411311,0.1564625850340136,0
3365,0.2,1,1,0.5154639175257731,0.4081632653061224,0.2222222222222222,0.3733333333333334,0.3780068728522336,0.1752577319587628,0.5244215938303343,0.3129251700680272,0
3366,0.6000000000000001,0,1,0.7835051546391752,0.6147959183673468,1.0,0.3166666666666667,0.2302405498281786,0.2628865979381443,0.4473007712082262,0.2789115646258503,0
3367,0.6000000000000001,0,1,0.5360824742268041,0.3571428571428571,0.1111111111111111,0.4916666666666667,0.140893470790378,0.1443298969072164,0.4884318766066838,0.3333333333333333,1
3368,0.4,0,0,0.2783505154639175,0.2729591836734694,0.0,0.8916666666666668,0.1683848797250859,0.1649484536082474,0.2879177377892031,0.0952380952380952,1
3369,0.8,1,0,0.7113402061855669,0.7142857142857142,0.2222222222222222,0.9166666666666669,0.1924398625429553,0.3659793814432989,0.660668380462725,0.6598639455782314,1
3370,0.2,1,1,0.0618556701030927,0.0561224489795918,0.1111111111111111,0.1816666666666667,0.0446735395189003,0.0515463917525773,0.0719794344473007,0.0612244897959183,1
3371,1.0,1,1,0.3298969072164948,0.3188775510204081,0.4444444444444445,0.7666666666666668,0.3367697594501718,0.2216494845360824,0.2750642673521851,0.3129251700680272,1
3372,0.2,1,1,0.6804123711340205,0.4413265306122449,0.6666666666666665,0.0733333333333333,0.1890034364261168,0.2886597938144329,0.4575835475578406,0.5238095238095238,0
3373,0.8,1,1,0.7010309278350515,0.6836734693877551,0.5555555555555556,0.9683333333333336,0.2852233676975945,0.4845360824742268,0.4344473007712082,0.6462585034013606,1
3374,0.0,1,1,0.9381443298969072,0.6173469387755102,0.4444444444444445,0.5,0.6941580756013745,0.0360824742268041,0.8303341902313626,0.3673469387755102,1
3375,0.4,1,0,0.7525773195876289,0.4999999999999999,0.4444444444444445,0.8166666666666667,0.120274914089347,0.6701030927835051,0.5038560411311055,0.4013605442176871,1
3376,0.6000000000000001,1,1,0.8041237113402061,0.7882653061224489,1.0,0.1533333333333333,0.2508591065292096,0.4329896907216495,0.403598971722365,0.4081632653061224,0
3377,1.0,1,1,0.1443298969072164,0.096938775510204,0.0,0.7466666666666668,0.0481099656357388,0.0515463917525773,0.1002570694087403,0.0680272108843537,1
3378,0.2,1,1,0.6701030927835051,0.4719387755102041,0.2222222222222222,0.8300000000000001,0.2989690721649484,0.3041237113402061,0.455012853470437,0.4149659863945578,1
3379,0.6000000000000001,0,0,0.3711340206185567,0.2831632653061224,0.1111111111111111,0.0383333333333333,0.1993127147766323,0.2061855670103092,0.2390745501285347,0.2993197278911564,1
3380,0.2,0,1,0.2577319587628866,0.1301020408163265,0.2222222222222222,0.1883333333333333,0.1649484536082474,0.0773195876288659,0.1491002570694087,0.1768707482993197,0
3381,0.6000000000000001,1,0,0.1134020618556701,0.0663265306122449,0.3333333333333333,0.7216666666666667,0.1305841924398625,0.0979381443298969,0.0899742930591259,0.1224489795918367,1
3382,0.8,0,0,0.3298969072164948,0.2602040816326531,0.7777777777777777,0.405,0.1065292096219931,0.2319587628865979,0.2776349614395886,0.3061224489795918,0
3383,0.6000000000000001,1,0,0.3298969072164948,0.2704081632653061,0.6666666666666665,0.7616666666666667,0.1855670103092783,0.0824742268041237,0.1902313624678663,0.2040816326530612,1
3384,1.0,1,1,0.2268041237113401,0.1658163265306122,0.3333333333333333,0.2733333333333334,0.0652920962199312,0.0670103092783505,0.2365038560411311,0.1292517006802721,0
3385,0.0,0,0,0.1752577319587628,0.1683673469387755,0.1111111111111111,0.7483333333333335,0.0721649484536082,0.190721649484536,0.1028277634961439,0.1496598639455782,1
3386,0.8,1,0,0.0515463917525773,0.048469387755102,0.2222222222222222,0.6333333333333333,0.0103092783505154,0.0103092783505154,0.0565552699228791,0.0204081632653061,1
3387,0.2,0,0,0.6907216494845361,0.5255102040816326,0.1111111111111111,0.4566666666666668,0.1099656357388316,0.0927835051546391,0.634961439588689,0.3537414965986394,1
3388,1.0,1,1,0.0103092783505154,0.0127551020408163,0.8888888888888888,0.79,0.0137457044673539,0.0103092783505154,0.0154241645244215,0.0272108843537415,1
3389,0.6000000000000001,0,0,0.5979381443298969,0.4693877551020408,0.4444444444444445,0.145,0.2268041237113402,0.3195876288659793,0.5912596401028278,0.4557823129251701,0
3390,0.2,0,0,0.422680412371134,0.4107142857142857,1.0,0.1616666666666667,0.2302405498281786,0.3195876288659793,0.2544987146529563,0.3877551020408163,0
3391,0.8,1,0,0.5773195876288659,0.336734693877551,0.6666666666666665,0.8600000000000001,0.4742268041237113,0.479381443298969,0.5167095115681235,0.5374149659863946,1
3392,0.4,1,1,0.3195876288659794,0.1632653061224489,0.3333333333333333,0.9083333333333334,0.0446735395189003,0.2371134020618556,0.3084832904884318,0.217687074829932,1
3393,0.4,0,0,0.0206185567010309,0.0306122448979591,0.1111111111111111,0.7383333333333335,0.0240549828178694,0.0257731958762886,0.0231362467866323,0.0204081632653061,1
3394,1.0,0,0,0.0103092783505154,0.0076530612244897,0.1111111111111111,0.1966666666666666,0.0171821305841924,0.0103092783505154,0.0102827763496143,0.0136054421768707,0
3395,0.2,0,0,0.4123711340206186,0.2653061224489796,0.2222222222222222,0.2766666666666667,0.2542955326460481,0.3608247422680412,0.352185089974293,0.3197278911564626,0
3396,0.4,0,1,0.0412371134020618,0.0510204081632653,0.5555555555555556,0.0583333333333333,0.0137457044673539,0.0463917525773195,0.0231362467866323,0.0272108843537415,0
3397,1.0,0,1,0.4329896907216495,0.3801020408163265,0.2222222222222222,0.2433333333333334,0.3264604810996563,0.1134020618556701,0.4215938303341902,0.3945578231292517,0
3398,0.0,1,1,0.9278350515463916,0.7423469387755102,0.0,0.9466666666666668,0.3161512027491409,0.711340206185567,0.8149100257069409,0.3605442176870748,1
3399,0.4,1,1,0.6907216494845361,0.6377551020408162,0.1111111111111111,0.7716666666666667,0.3092783505154639,0.1855670103092783,0.5398457583547558,0.3741496598639456,1
3400,1.0,0,1,0.5051546391752577,0.3418367346938775,0.6666666666666665,0.3783333333333334,0.415807560137457,0.4587628865979381,0.4910025706940874,0.3197278911564626,0
3401,0.8,1,0,0.3298969072164948,0.3163265306122449,0.0,0.7350000000000001,0.1134020618556701,0.3144329896907216,0.1902313624678663,0.2517006802721088,1
3402,0.8,0,1,0.8659793814432989,0.6760204081632653,0.5555555555555556,0.8366666666666667,0.2542955326460481,0.1443298969072164,0.8174807197943446,0.7959183673469389,1
3403,0.6000000000000001,0,1,0.9278350515463916,0.7295918367346939,0.3333333333333333,0.3966666666666667,0.4776632302405498,0.4278350515463917,0.8251928020565553,0.3333333333333333,0
3404,1.0,1,1,0.4742268041237113,0.4081632653061224,0.1111111111111111,0.3716666666666667,0.3024054982817869,0.1185567010309278,0.2493573264781491,0.1904761904761905,1
3405,0.8,0,0,0.268041237113402,0.2040816326530612,0.6666666666666665,0.135,0.1099656357388316,0.056701030927835,0.2262210796915167,0.1020408163265306,0
3406,0.2,1,1,0.3298969072164948,0.1709183673469387,0.1111111111111111,0.39,0.1065292096219931,0.0824742268041237,0.3264781491002571,0.272108843537415,0
3407,1.0,0,1,0.0618556701030927,0.048469387755102,0.6666666666666665,0.4566666666666668,0.0756013745704467,0.0618556701030927,0.0359897172236503,0.0748299319727891,1
3408,0.2,0,0,0.4020618556701031,0.2755102040816327,0.2222222222222222,0.175,0.4123711340206185,0.1494845360824742,0.2236503856041131,0.4013605442176871,0
3409,0.0,0,0,0.1752577319587628,0.0892857142857142,0.7777777777777777,0.4033333333333334,0.0274914089347079,0.0257731958762886,0.0951156812339331,0.1428571428571428,0
3410,1.0,1,1,0.6701030927835051,0.6403061224489796,0.6666666666666665,0.8666666666666667,0.3539518900343642,0.4175257731958763,0.467866323907455,0.2653061224489796,1
3411,0.0,1,0,0.5154639175257731,0.3341836734693877,0.0,0.3416666666666667,0.4123711340206185,0.4072164948453608,0.5167095115681235,0.4217687074829932,0
3412,0.6000000000000001,1,1,0.6701030927835051,0.4107142857142857,0.0,0.3466666666666667,0.1512027491408934,0.5618556701030928,0.6426735218508998,0.6258503401360545,0
3413,0.2,0,1,0.4639175257731959,0.375,1.0,0.8916666666666668,0.0721649484536082,0.1288659793814432,0.2519280205655527,0.2585034013605442,1
3414,0.0,0,0,0.5979381443298969,0.5535714285714285,0.5555555555555556,0.8766666666666667,0.0481099656357388,0.1030927835051546,0.3547557840616966,0.4761904761904762,1
3415,1.0,0,1,0.6494845360824741,0.4744897959183673,0.5555555555555556,0.2116666666666666,0.1752577319587628,0.0979381443298969,0.4601542416452442,0.5306122448979592,0
3416,0.6000000000000001,1,0,0.0309278350515463,0.0433673469387755,0.5555555555555556,0.9833333333333334,0.0274914089347079,0.0360824742268041,0.0385604113110539,0.0272108843537415,1
3417,0.8,0,0,0.5670103092783505,0.3316326530612244,0.0,0.055,0.3230240549828179,0.1546391752577319,0.2956298200514138,0.5578231292517007,0
3418,0.8,0,1,0.6804123711340205,0.5025510204081632,0.5555555555555556,0.6316666666666668,0.6941580756013745,0.5618556701030928,0.6838046272493574,0.4489795918367347,1
3419,1.0,0,0,0.2989690721649484,0.3061224489795918,0.8888888888888888,0.8416666666666668,0.1683848797250859,0.0979381443298969,0.1491002570694087,0.1904761904761905,1
3420,0.6000000000000001,0,0,0.5051546391752577,0.2729591836734694,0.7777777777777777,0.8766666666666667,0.4054982817869416,0.1494845360824742,0.3239074550128534,0.1836734693877551,1
3421,0.2,0,1,0.6288659793814433,0.6020408163265305,0.4444444444444445,0.9066666666666668,0.5601374570446735,0.2525773195876288,0.4241645244215938,0.3061224489795918,1
3422,1.0,1,1,0.4329896907216495,0.3520408163265306,0.4444444444444445,0.605,0.1821305841924398,0.2525773195876288,0.442159383033419,0.1768707482993197,1
3423,0.2,0,0,0.8144329896907216,0.5510204081632653,0.2222222222222222,0.9733333333333334,0.5189003436426116,0.2783505154639175,0.699228791773779,0.4489795918367347,1
3424,0.2,0,0,0.0927835051546391,0.086734693877551,0.0,0.3466666666666667,0.0068728522336769,0.0,0.0488431876606683,0.0884353741496598,1
3425,0.0,1,1,0.2268041237113401,0.1683673469387755,0.1111111111111111,0.4683333333333334,0.1752577319587628,0.2319587628865979,0.1465295629820051,0.2312925170068027,1
3426,0.6000000000000001,1,1,0.7010309278350515,0.6632653061224489,0.5555555555555556,0.3016666666666667,0.4914089347079037,0.6597938144329897,0.3804627249357326,0.6734693877551021,0
3427,0.2,1,1,0.8762886597938143,0.7576530612244897,0.5555555555555556,0.405,0.7525773195876289,0.654639175257732,0.7789203084832905,0.8639455782312926,0
3428,0.0,0,1,0.3402061855670103,0.3137755102040816,0.4444444444444445,0.2466666666666667,0.0412371134020618,0.1288659793814432,0.2596401028277635,0.2448979591836735,0
3429,0.2,1,1,0.1443298969072164,0.1275510204081632,0.1111111111111111,0.6883333333333335,0.0481099656357388,0.0721649484536082,0.1182519280205655,0.0884353741496598,1
3430,1.0,0,1,0.7835051546391752,0.4336734693877551,0.7777777777777777,0.3216666666666667,0.0274914089347079,0.2319587628865979,0.4113110539845758,0.6326530612244898,0
3431,0.4,0,0,0.3608247422680412,0.2270408163265306,0.4444444444444445,0.865,0.2920962199312715,0.1030927835051546,0.2544987146529563,0.2108843537414966,1
3432,0.8,1,0,0.0206185567010309,0.0280612244897959,0.8888888888888888,0.8783333333333334,0.0,0.0,0.0154241645244215,0.0408163265306122,1
3433,0.0,0,0,0.4742268041237113,0.3928571428571428,0.4444444444444445,0.1633333333333333,0.1683848797250859,0.3814432989690721,0.4318766066838046,0.435374149659864,0
3434,0.0,1,1,0.2783505154639175,0.183673469387755,0.8888888888888888,0.6533333333333333,0.1099656357388316,0.0154639175257731,0.1850899742930591,0.272108843537415,1
3435,1.0,1,1,0.4948453608247422,0.3647959183673469,0.8888888888888888,0.3483333333333334,0.4054982817869416,0.1288659793814432,0.5012853470437019,0.3333333333333333,0
3436,0.0,1,1,0.7628865979381443,0.4540816326530612,0.7777777777777777,0.2316666666666667,0.4398625429553264,0.3041237113402061,0.7583547557840618,0.7210884353741497,0
3437,0.2,1,0,0.288659793814433,0.2321428571428571,0.1111111111111111,0.5366666666666666,0.0206185567010309,0.1804123711340206,0.2390745501285347,0.1360544217687075,1
3438,0.6000000000000001,0,1,0.0,0.010204081632653,0.8888888888888888,0.3766666666666667,0.0137457044673539,0.0051546391752577,0.0051413881748071,0.0,0
3439,1.0,0,1,0.6804123711340205,0.4770408163265306,0.3333333333333333,0.9416666666666668,0.3264604810996563,0.3711340206185567,0.634961439588689,0.4285714285714286,1
3440,1.0,0,1,0.979381443298969,0.6913265306122448,0.0,0.0466666666666667,0.0,0.9484536082474226,0.557840616966581,0.5374149659863946,0
3441,0.0,1,1,0.1030927835051546,0.0994897959183673,0.1111111111111111,0.78,0.0962199312714776,0.1134020618556701,0.0642673521850899,0.1020408163265306,1
3442,1.0,0,1,0.7422680412371133,0.6045918367346939,0.7777777777777777,0.9233333333333332,0.1477663230240549,0.345360824742268,0.5218508997429306,0.5918367346938775,1
3443,0.8,1,0,0.6907216494845361,0.5229591836734693,0.1111111111111111,0.8983333333333334,0.0893470790378006,0.1237113402061855,0.4061696658097686,0.5034013605442177,1
3444,0.0,0,1,0.9175257731958762,0.586734693877551,0.8888888888888888,0.19,0.6082474226804123,0.1288659793814432,0.8611825192802057,0.435374149659864,0
3445,0.0,1,1,0.1134020618556701,0.1122448979591836,0.7777777777777777,0.3833333333333334,0.1099656357388316,0.0515463917525773,0.0899742930591259,0.054421768707483,0
3446,0.6000000000000001,1,0,0.6597938144329897,0.3647959183673469,0.4444444444444445,0.9016666666666668,0.5257731958762887,0.6237113402061856,0.3727506426735218,0.4081632653061224,1
3447,0.6000000000000001,0,1,0.1649484536082474,0.1377551020408163,0.6666666666666665,0.6166666666666667,0.1821305841924398,0.1597938144329896,0.0822622107969151,0.1836734693877551,1
3448,1.0,0,1,0.8247422680412371,0.5255102040816326,0.6666666666666665,0.7100000000000002,0.3917525773195876,0.2474226804123711,0.660668380462725,0.5714285714285715,1
3449,0.8,0,0,0.268041237113402,0.2040816326530612,0.6666666666666665,0.0866666666666666,0.1683848797250859,0.134020618556701,0.1748071979434447,0.2517006802721088,0
3450,0.2,1,1,0.7010309278350515,0.4005102040816326,0.1111111111111111,0.4233333333333333,0.4467353951890034,0.4432989690721649,0.6760925449871465,0.5374149659863946,1
3451,0.8,1,0,0.0515463917525773,0.0382653061224489,0.8888888888888888,0.7133333333333334,0.0137457044673539,0.0670103092783505,0.0488431876606683,0.0408163265306122,1
3452,0.0,0,0,0.7422680412371133,0.6428571428571428,0.2222222222222222,0.2716666666666667,0.0790378006872852,0.2886597938144329,0.6812339331619538,0.5714285714285715,0
3453,1.0,0,1,0.2164948453608247,0.1198979591836734,0.4444444444444445,0.2183333333333333,0.0103092783505154,0.190721649484536,0.2159383033419023,0.1972789115646258,0
3454,0.2,1,1,0.0412371134020618,0.0408163265306122,0.3333333333333333,0.2416666666666667,0.0412371134020618,0.0051546391752577,0.0334190231362467,0.0204081632653061,0
3455,1.0,1,0,0.0824742268041237,0.0688775510204081,0.1111111111111111,0.9933333333333334,0.0962199312714776,0.056701030927835,0.0437017994858611,0.0748299319727891,1
3456,0.2,0,1,0.2061855670103092,0.1249999999999999,0.3333333333333333,0.2,0.0996563573883161,0.0051546391752577,0.1208226221079691,0.1564625850340136,0
3457,0.2,0,0,0.8041237113402061,0.7806122448979591,0.0,0.025,0.8075601374570447,0.0618556701030927,0.493573264781491,0.4965986394557823,1
3458,0.8,0,0,0.8659793814432989,0.5255102040816326,0.4444444444444445,0.945,0.8350515463917526,0.3711340206185567,0.6015424164524422,0.6734693877551021,1
3459,0.6000000000000001,0,1,0.7525773195876289,0.6556122448979591,0.0,0.07,0.4776632302405498,0.0979381443298969,0.6838046272493574,0.761904761904762,1
3460,1.0,0,1,0.5154639175257731,0.2933673469387755,0.8888888888888888,0.685,0.4914089347079037,0.2628865979381443,0.390745501285347,0.3061224489795918,1
3461,0.4,0,0,0.7938144329896907,0.5255102040816326,0.0,0.7050000000000001,0.0584192439862542,0.0927835051546391,0.4113110539845758,0.4829931972789116,1
3462,0.2,1,1,0.4123711340206186,0.2806122448979591,0.1111111111111111,0.6733333333333333,0.1615120274914089,0.1443298969072164,0.3753213367609254,0.272108843537415,1
3463,0.0,1,0,0.6494845360824741,0.5076530612244897,0.7777777777777777,0.9033333333333332,0.2852233676975945,0.6288659793814433,0.3598971722365038,0.653061224489796,1
3464,0.0,1,1,0.7422680412371133,0.3801020408163265,0.5555555555555556,0.5,0.2130584192439862,0.4381443298969072,0.4755784061696658,0.2789115646258503,1
3465,0.6000000000000001,0,0,0.9175257731958762,0.645408163265306,0.5555555555555556,0.6466666666666667,0.3058419243986254,0.8402061855670103,0.7095115681233933,0.7551020408163266,1
3466,0.0,0,0,0.0618556701030927,0.0510204081632653,0.7777777777777777,0.7316666666666667,0.0618556701030927,0.0309278350515463,0.0437017994858611,0.0272108843537415,1
3467,0.2,1,1,0.0618556701030927,0.0637755102040816,0.4444444444444445,0.8300000000000001,0.0446735395189003,0.0670103092783505,0.0565552699228791,0.0272108843537415,1
3468,1.0,1,1,0.4020618556701031,0.2448979591836734,0.1111111111111111,0.0316666666666667,0.2611683848797251,0.3814432989690721,0.300771208226221,0.3741496598639456,0
3469,1.0,1,1,0.4123711340206186,0.2142857142857142,0.2222222222222222,0.4716666666666667,0.2061855670103092,0.0412371134020618,0.2107969151670951,0.1700680272108843,1
3470,0.6000000000000001,1,1,0.4742268041237113,0.2857142857142857,0.5555555555555556,0.3916666666666667,0.1237113402061855,0.4123711340206185,0.3933161953727506,0.3673469387755102,0
3471,0.6000000000000001,0,1,0.8350515463917525,0.6530612244897959,0.3333333333333333,0.6600000000000001,0.4948453608247422,0.6288659793814433,0.596401028277635,0.4829931972789116,1
3472,0.8,0,0,0.7628865979381443,0.6020408163265305,0.3333333333333333,0.6200000000000001,0.0859106529209622,0.0824742268041237,0.5115681233933163,0.4557823129251701,1
3473,0.8,1,0,0.5051546391752577,0.3061224489795918,1.0,0.1833333333333333,0.3161512027491409,0.4742268041237113,0.4730077120822622,0.380952380952381,0
3474,1.0,1,0,0.3505154639175258,0.288265306122449,0.6666666666666665,0.41,0.2920962199312715,0.0154639175257731,0.300771208226221,0.326530612244898,0
3475,0.6000000000000001,0,1,0.5360824742268041,0.4209183673469387,0.7777777777777777,0.4166666666666667,0.3676975945017182,0.3298969072164948,0.3367609254498714,0.4761904761904762,1
3476,1.0,0,0,0.0515463917525773,0.0280612244897959,0.1111111111111111,0.0733333333333333,0.0515463917525773,0.0412371134020618,0.0591259640102827,0.0204081632653061,0
3477,0.4,0,1,0.9896907216494844,0.9668367346938774,0.4444444444444445,0.7383333333333335,0.1855670103092783,0.7628865979381443,0.6169665809768639,0.3605442176870748,1
3478,0.8,1,0,0.979381443298969,0.9209183673469388,0.1111111111111111,0.7866666666666668,0.4742268041237113,0.5824742268041236,0.9717223650385604,0.9183673469387756,1
3479,0.0,1,1,0.9484536082474226,0.7551020408163265,0.5555555555555556,0.0033333333333334,0.422680412371134,0.0773195876288659,0.910025706940874,0.5578231292517007,0
3480,0.6000000000000001,1,1,0.3092783505154639,0.2244897959183673,0.8888888888888888,0.1266666666666667,0.1546391752577319,0.0412371134020618,0.2236503856041131,0.1156462585034013,0
3481,0.0,1,1,0.3608247422680412,0.288265306122449,0.4444444444444445,0.7450000000000001,0.0,0.2319587628865979,0.2236503856041131,0.2380952380952381,1
3482,0.4,1,1,0.4123711340206186,0.3954081632653061,0.2222222222222222,0.6833333333333333,0.422680412371134,0.190721649484536,0.3161953727506427,0.3129251700680272,1
3483,0.4,0,0,0.7010309278350515,0.6096938775510203,0.2222222222222222,0.9866666666666668,0.7079037800687284,0.0257731958762886,0.5424164524421594,0.6258503401360545,1
3484,0.6000000000000001,0,0,0.3092783505154639,0.2857142857142857,0.7777777777777777,0.32,0.1649484536082474,0.1185567010309278,0.2596401028277635,0.217687074829932,0
3485,1.0,1,0,0.7938144329896907,0.4438775510204081,0.0,0.4316666666666667,0.6769759450171822,0.1443298969072164,0.7352185089974294,0.3673469387755102,1
3486,0.6000000000000001,0,0,0.2061855670103092,0.2040816326530612,0.8888888888888888,0.0233333333333333,0.0378006872852233,0.0463917525773195,0.1413881748071979,0.1360544217687075,0
3487,0.0,1,1,0.2577319587628866,0.2066326530612244,0.2222222222222222,0.74,0.0412371134020618,0.211340206185567,0.1850899742930591,0.1360544217687075,1
3488,1.0,0,0,0.6804123711340205,0.4515306122448979,0.5555555555555556,0.6500000000000001,0.6116838487972508,0.6082474226804123,0.634961439588689,0.6326530612244898,1
3489,0.6000000000000001,1,1,0.6288659793814433,0.586734693877551,0.1111111111111111,0.0783333333333333,0.6288659793814433,0.6288659793814433,0.5347043701799487,0.5510204081632654,1
3490,1.0,1,1,0.9072164948453608,0.7933673469387754,0.0,0.6283333333333334,0.4123711340206185,0.5567010309278351,0.5244215938303343,0.5918367346938775,1
3491,0.2,1,0,0.4639175257731959,0.3928571428571428,0.1111111111111111,0.28,0.4570446735395189,0.2628865979381443,0.4087403598971722,0.2448979591836735,1
3492,0.4,0,0,0.8144329896907216,0.4387755102040816,0.1111111111111111,0.6233333333333333,0.3711340206185567,0.654639175257732,0.5886889460154242,0.6326530612244898,1
3493,0.4,0,0,0.9072164948453608,0.6887755102040816,0.6666666666666665,0.0883333333333333,0.7766323024054983,0.2268041237113402,0.6838046272493574,0.489795918367347,0
3494,0.8,0,0,0.3711340206185567,0.3520408163265306,0.3333333333333333,0.7116666666666667,0.134020618556701,0.2525773195876288,0.2030848329048843,0.3673469387755102,1
3495,0.8,0,1,0.8865979381443299,0.5586734693877551,0.4444444444444445,0.3533333333333334,0.2336769759450171,0.2061855670103092,0.8123393316195373,0.6734693877551021,0
3496,0.6000000000000001,0,1,0.8762886597938143,0.6862244897959183,0.8888888888888888,0.2566666666666667,0.3127147766323024,0.479381443298969,0.7866323907455014,0.8163265306122449,0
3497,1.0,0,0,0.4948453608247422,0.3086734693877551,0.6666666666666665,0.025,0.2542955326460481,0.4432989690721649,0.429305912596401,0.272108843537415,0
3498,0.0,0,1,0.5979381443298969,0.5714285714285714,0.4444444444444445,0.3,0.0068728522336769,0.61340206185567,0.3444730077120823,0.5918367346938775,0
3499,0.4,1,1,0.9175257731958762,0.6096938775510203,0.7777777777777777,0.6416666666666668,0.8797250859106529,0.0979381443298969,0.7917737789203085,0.6190476190476191,1
3500,0.2,1,0,0.7422680412371133,0.4489795918367347,0.2222222222222222,0.2666666666666667,0.0893470790378006,0.0670103092783505,0.6580976863753214,0.3401360544217687,0
3501,0.2,0,1,0.8350515463917525,0.7168367346938774,0.7777777777777777,0.6733333333333333,0.0481099656357388,0.6030927835051546,0.4267352185089974,0.7755102040816327,1
3502,0.2,1,1,0.7628865979381443,0.6020408163265305,0.5555555555555556,0.6533333333333333,0.0171821305841924,0.6288659793814433,0.686375321336761,0.3401360544217687,1
3503,0.2,0,1,0.3402061855670103,0.2372448979591836,0.1111111111111111,0.1633333333333333,0.0584192439862542,0.3092783505154639,0.1953727506426735,0.3129251700680272,0
3504,1.0,1,1,0.0824742268041237,0.0816326530612245,0.8888888888888888,0.9700000000000002,0.0309278350515463,0.0257731958762886,0.0668380462724935,0.0408163265306122,1
3505,1.0,1,1,1.0,0.6530612244897959,0.1111111111111111,0.9333333333333332,0.268041237113402,0.0103092783505154,0.9691516709511568,0.3673469387755102,1
3506,0.4,1,1,0.5670103092783505,0.3775510204081632,0.8888888888888888,0.05,0.2027491408934708,0.1958762886597938,0.4190231362467866,0.4217687074829932,0
3507,1.0,1,0,0.0515463917525773,0.0535714285714285,0.7777777777777777,0.245,0.0446735395189003,0.0360824742268041,0.0591259640102827,0.054421768707483,0
3508,0.0,0,1,0.9690721649484536,0.5994897959183673,0.5555555555555556,0.8133333333333335,0.3402061855670103,0.7422680412371134,0.5372750642673523,0.7074829931972789,1
3509,0.2,0,0,0.9381443298969072,0.7295918367346939,0.2222222222222222,0.3766666666666667,0.3814432989690721,0.0824742268041237,0.4987146529562982,0.7482993197278912,0
3510,0.0,1,0,0.958762886597938,0.7168367346938774,0.8888888888888888,0.4616666666666668,0.2130584192439862,0.5309278350515464,0.7686375321336761,0.9591836734693878,1
3511,0.8,1,1,0.8762886597938143,0.5892857142857142,0.7777777777777777,0.12,0.3642611683848797,0.6030927835051546,0.506426735218509,0.54421768707483,0
3512,1.0,1,1,0.7319587628865979,0.5280612244897959,0.6666666666666665,0.7650000000000001,0.5326460481099656,0.4123711340206185,0.5141388174807199,0.7346938775510204,1
3513,0.6000000000000001,1,1,0.4020618556701031,0.3163265306122449,0.4444444444444445,0.275,0.2199312714776632,0.0979381443298969,0.3547557840616966,0.217687074829932,0
3514,0.4,1,0,0.2783505154639175,0.2525510204081633,0.1111111111111111,0.8150000000000002,0.0412371134020618,0.211340206185567,0.1491002570694087,0.2448979591836735,1
3515,0.6000000000000001,1,1,0.7525773195876289,0.4489795918367347,0.0,0.6333333333333333,0.2405498281786941,0.6082474226804123,0.634961439588689,0.4285714285714286,1
3516,0.2,1,0,0.7938144329896907,0.6479591836734693,1.0,0.635,0.5120274914089347,0.1546391752577319,0.4575835475578406,0.5986394557823129,1
3517,0.2,1,1,0.6907216494845361,0.5612244897959183,0.7777777777777777,0.6216666666666668,0.5979381443298969,0.0051546391752577,0.5398457583547558,0.6122448979591837,1
3518,0.0,0,0,0.6907216494845361,0.5765306122448979,0.4444444444444445,0.0216666666666667,0.1924398625429553,0.479381443298969,0.6658097686375322,0.54421768707483,0
3519,0.0,0,0,0.4742268041237113,0.4719387755102041,0.7777777777777777,0.4183333333333334,0.2714776632302405,0.4845360824742268,0.4370179948586118,0.3741496598639456,1
3520,1.0,1,1,0.7731958762886597,0.6147959183673468,0.3333333333333333,0.255,0.0481099656357388,0.3969072164948453,0.557840616966581,0.6802721088435375,0
3521,0.6000000000000001,0,0,0.6907216494845361,0.5714285714285714,0.1111111111111111,0.5833333333333335,0.0309278350515463,0.6907216494845361,0.390745501285347,0.435374149659864,1
3522,0.2,0,0,0.1030927835051546,0.1071428571428571,0.1111111111111111,0.2316666666666667,0.1099656357388316,0.0927835051546391,0.0668380462724935,0.0816326530612245,1
3523,0.2,1,0,0.2783505154639175,0.2372448979591836,0.1111111111111111,0.5966666666666667,0.281786941580756,0.2216494845360824,0.1722365038560411,0.1836734693877551,1
3524,0.8,1,1,0.5463917525773195,0.4744897959183673,0.2222222222222222,0.1316666666666667,0.4776632302405498,0.4690721649484536,0.467866323907455,0.2108843537414966,0
3525,0.8,1,1,0.3092783505154639,0.2653061224489796,0.1111111111111111,0.25,0.2508591065292096,0.1546391752577319,0.2030848329048843,0.1224489795918367,1
3526,1.0,0,0,0.2474226804123711,0.2015306122448979,0.1111111111111111,0.915,0.2542955326460481,0.1030927835051546,0.2210796915167095,0.1836734693877551,1
3527,0.0,1,0,0.0309278350515463,0.0331632653061224,0.8888888888888888,0.9416666666666668,0.0481099656357388,0.0206185567010309,0.0179948586118251,0.0136054421768707,1
3528,0.0,1,0,0.1649484536082474,0.1683673469387755,0.4444444444444445,0.9216666666666667,0.0309278350515463,0.0206185567010309,0.0874035989717223,0.1156462585034013,0
3529,0.0,0,0,0.1134020618556701,0.1173469387755102,0.5555555555555556,0.425,0.0824742268041237,0.0618556701030927,0.0976863753213367,0.1156462585034013,1
3530,0.2,0,0,1.0,0.520408163265306,1.0,0.8683333333333334,0.436426116838488,0.422680412371134,0.9717223650385604,0.7551020408163266,1
3531,0.0,0,0,0.1855670103092783,0.1122448979591836,0.0,0.8666666666666667,0.1615120274914089,0.0257731958762886,0.1953727506426735,0.0816326530612245,1
3532,0.2,0,0,0.5051546391752577,0.3826530612244898,0.1111111111111111,0.7016666666666667,0.2405498281786941,0.3144329896907216,0.3856041131105398,0.4013605442176871,1
3533,0.8,1,1,0.8247422680412371,0.6045918367346939,1.0,0.885,0.7903780068728522,0.1546391752577319,0.6298200514138819,0.3673469387755102,1
3534,1.0,0,0,0.4123711340206186,0.3137755102040816,0.8888888888888888,0.4516666666666667,0.3058419243986254,0.1649484536082474,0.2930591259640103,0.4217687074829932,1
3535,0.4,0,1,0.1134020618556701,0.1173469387755102,0.3333333333333333,0.4700000000000001,0.0721649484536082,0.0927835051546391,0.0796915167095115,0.1156462585034013,1
3536,0.2,0,1,0.4536082474226804,0.3392857142857143,0.8888888888888888,0.3116666666666667,0.3848797250859106,0.4381443298969072,0.390745501285347,0.3673469387755102,0
3537,0.2,0,0,0.6597938144329897,0.4948979591836734,0.5555555555555556,0.7633333333333334,0.549828178694158,0.2268041237113402,0.4755784061696658,0.6462585034013606,1
3538,0.4,1,1,0.8350515463917525,0.760204081632653,0.7777777777777777,0.56,0.1786941580756013,0.2628865979381443,0.8431876606683806,0.489795918367347,1
3539,0.0,1,0,0.6907216494845361,0.520408163265306,0.7777777777777777,0.9283333333333336,0.5876288659793815,0.7061855670103092,0.3676092544987147,0.5986394557823129,1
3540,0.8,1,1,0.4639175257731959,0.3112244897959184,0.3333333333333333,0.6300000000000001,0.4707903780068728,0.0103092783505154,0.2442159383033419,0.4761904761904762,1
3541,0.2,1,0,0.7938144329896907,0.3954081632653061,0.3333333333333333,0.4183333333333334,0.0274914089347079,0.1804123711340206,0.4730077120822622,0.5646258503401361,1
3542,0.6000000000000001,0,0,0.8865979381443299,0.6275510204081632,0.7777777777777777,0.6133333333333335,0.5738831615120275,0.8865979381443299,0.763496143958869,0.7142857142857143,1
3543,0.2,1,0,0.6494845360824741,0.5892857142857142,0.0,0.6200000000000001,0.1718213058419244,0.5360824742268041,0.4215938303341902,0.5170068027210885,1
3544,0.6000000000000001,0,0,0.3402061855670103,0.3418367346938775,0.1111111111111111,0.2316666666666667,0.1786941580756013,0.1443298969072164,0.3264781491002571,0.2993197278911564,1
3545,0.4,0,1,0.8247422680412371,0.4923469387755102,0.7777777777777777,0.56,0.3951890034364261,0.1185567010309278,0.7326478149100257,0.7278911564625851,1
3546,0.0,0,1,0.1855670103092783,0.1454081632653061,0.6666666666666665,0.155,0.0515463917525773,0.0721649484536082,0.1439588688946015,0.1972789115646258,0
3547,1.0,0,0,0.2577319587628866,0.2015306122448979,0.0,0.9133333333333332,0.2405498281786941,0.0515463917525773,0.1516709511568123,0.1020408163265306,1
3548,0.0,1,1,0.5257731958762886,0.4413265306122449,0.1111111111111111,0.8166666666666667,0.0687285223367697,0.5257731958762887,0.4987146529562982,0.5238095238095238,1
3549,0.4,0,0,1.0,0.4999999999999999,0.2222222222222222,0.02,0.7353951890034364,0.1134020618556701,0.7994858611825193,0.7482993197278912,0
3550,0.4,0,1,0.4948453608247422,0.4897959183673469,0.6666666666666665,0.7916666666666667,0.1065292096219931,0.2422680412371134,0.2467866323907455,0.4421768707482993,1
3551,0.4,0,0,0.9175257731958762,0.4668367346938775,1.0,0.1716666666666667,0.6323024054982818,0.6030927835051546,0.5141388174807199,0.6258503401360545,0
3552,0.6000000000000001,0,1,0.7628865979381443,0.6658163265306122,0.6666666666666665,0.945,0.3161512027491409,0.0360824742268041,0.7095115681233933,0.5034013605442177,1
3553,0.0,1,0,0.5154639175257731,0.4464285714285714,0.8888888888888888,0.43,0.2852233676975945,0.2783505154639175,0.3264781491002571,0.2108843537414966,1
3554,1.0,1,0,0.1649484536082474,0.1454081632653061,0.1111111111111111,0.4133333333333334,0.0481099656357388,0.1237113402061855,0.1593830334190231,0.1768707482993197,1
3555,0.0,0,0,0.7319587628865979,0.711734693877551,0.7777777777777777,0.31,0.5257731958762887,0.4536082474226804,0.4138817480719794,0.5238095238095238,0
3556,0.8,1,0,0.3092783505154639,0.288265306122449,0.2222222222222222,0.5583333333333333,0.1134020618556701,0.2371134020618556,0.1593830334190231,0.2653061224489796,1
3557,1.0,1,0,0.5154639175257731,0.520408163265306,0.0,0.3966666666666667,0.1099656357388316,0.1030927835051546,0.3676092544987147,0.2448979591836735,1
3558,0.8,0,0,0.7113402061855669,0.711734693877551,0.6666666666666665,0.3266666666666667,0.2164948453608247,0.5618556701030928,0.7043701799485862,0.3129251700680272,0
3559,0.8,1,1,0.1237113402061855,0.1147959183673469,0.2222222222222222,0.185,0.0481099656357388,0.0154639175257731,0.1053984575835475,0.108843537414966,0
3560,0.8,0,0,0.2577319587628866,0.2653061224489796,0.2222222222222222,0.9283333333333336,0.2542955326460481,0.2164948453608247,0.2030848329048843,0.1904761904761905,1
3561,1.0,1,1,0.6494845360824741,0.4540816326530612,0.4444444444444445,0.1,0.5395189003436426,0.5463917525773195,0.5115681233933163,0.4149659863945578,0
3562,0.8,1,0,0.9381443298969072,0.9081632653061223,0.8888888888888888,0.2683333333333334,0.3367697594501718,0.654639175257732,0.6658097686375322,0.7755102040816327,0
3563,0.0,1,1,0.6701030927835051,0.3724489795918367,0.7777777777777777,0.5633333333333335,0.1134020618556701,0.3556701030927835,0.5655526992287918,0.5510204081632654,1
3564,1.0,1,0,0.6804123711340205,0.4846938775510204,0.2222222222222222,0.9416666666666668,0.415807560137457,0.0051546391752577,0.5809768637532134,0.6122448979591837,1
3565,1.0,0,0,0.556701030927835,0.3392857142857143,0.1111111111111111,0.2483333333333334,0.2027491408934708,0.2938144329896907,0.4755784061696658,0.2925170068027211,0
3566,0.2,0,1,0.1752577319587628,0.1122448979591836,0.0,0.9500000000000002,0.1615120274914089,0.1185567010309278,0.0925449871465295,0.1564625850340136,1
3567,1.0,0,0,0.845360824742268,0.4897959183673469,0.2222222222222222,0.8583333333333334,0.1821305841924398,0.1288659793814432,0.609254498714653,0.489795918367347,1
3568,0.4,0,1,0.2371134020618556,0.1760204081632652,0.7777777777777777,0.2566666666666667,0.1443298969072164,0.0515463917525773,0.1748071979434447,0.1428571428571428,0
3569,0.2,0,1,0.2783505154639175,0.2448979591836734,0.8888888888888888,0.8050000000000002,0.0446735395189003,0.0051546391752577,0.2750642673521851,0.1768707482993197,1
3570,0.6000000000000001,1,1,0.3092783505154639,0.1811224489795918,0.0,0.405,0.1237113402061855,0.2319587628865979,0.2802056555269923,0.3129251700680272,0
3571,0.8,0,1,0.288659793814433,0.2704081632653061,0.0,0.81,0.2611683848797251,0.1701030927835051,0.1979434447300771,0.217687074829932,1
3572,0.6000000000000001,1,1,0.0618556701030927,0.0561224489795918,1.0,0.1583333333333333,0.0515463917525773,0.0154639175257731,0.0334190231362467,0.0340136054421768,0
3573,0.4,0,1,0.0206185567010309,0.0255102040816326,0.0,0.975,0.0068728522336769,0.0154639175257731,0.0205655526992287,0.0340136054421768,1
3574,0.4,0,0,0.4329896907216495,0.2627551020408163,1.0,0.3133333333333333,0.3711340206185567,0.1237113402061855,0.3316195372750642,0.3129251700680272,0
3575,0.4,0,1,0.8762886597938143,0.4999999999999999,0.4444444444444445,0.8816666666666668,0.2577319587628865,0.5412371134020618,0.5115681233933163,0.5714285714285715,1
3576,0.8,0,0,0.7422680412371133,0.3852040816326531,0.2222222222222222,0.6283333333333334,0.7560137457044673,0.6958762886597938,0.7352185089974294,0.5034013605442177,1
3577,0.8,0,1,0.5670103092783505,0.3596938775510204,0.5555555555555556,0.5750000000000002,0.4982817869415807,0.4432989690721649,0.3239074550128534,0.3197278911564626,1
3578,1.0,0,1,0.979381443298969,0.6964285714285714,0.4444444444444445,0.8133333333333335,0.3230240549828179,0.1597938144329896,0.8097686375321338,0.7210884353741497,1
3579,0.4,0,0,0.7010309278350515,0.5637755102040816,0.2222222222222222,0.5816666666666668,0.4192439862542955,0.5103092783505154,0.4498714652956298,0.6054421768707483,1
3580,0.4,0,0,0.8969072164948453,0.5816326530612245,0.1111111111111111,0.3650000000000001,0.7835051546391752,0.0257731958762886,0.6401028277634963,0.3197278911564626,0
3581,0.6000000000000001,1,1,0.2989690721649484,0.2780612244897959,0.6666666666666665,0.7866666666666668,0.1168384879725085,0.2989690721649484,0.2056555269922879,0.1428571428571428,1
3582,0.8,1,0,0.2061855670103092,0.1479591836734693,0.5555555555555556,0.05,0.1890034364261168,0.1494845360824742,0.1208226221079691,0.1496598639455782,0
3583,1.0,0,1,0.7113402061855669,0.5408163265306122,0.1111111111111111,0.4283333333333333,0.3058419243986254,0.4123711340206185,0.6709511568123394,0.272108843537415,1
3584,0.8,1,1,0.8247422680412371,0.4770408163265306,0.2222222222222222,0.0566666666666667,0.8419243986254296,0.3505154639175257,0.7275064267352186,0.6938775510204083,0
3585,0.6000000000000001,1,1,0.9896907216494844,0.7168367346938774,0.5555555555555556,0.3116666666666667,0.3058419243986254,0.7938144329896907,0.7840616966580978,0.7551020408163266,0
3586,0.4,1,1,0.3814432989690722,0.2397959183673469,0.3333333333333333,0.3983333333333334,0.1512027491408934,0.3917525773195876,0.1953727506426735,0.3469387755102041,0
3587,0.4,1,1,0.2061855670103092,0.1989795918367346,0.3333333333333333,0.6833333333333333,0.0171821305841924,0.1494845360824742,0.1799485861182519,0.0680272108843537,1
3588,1.0,0,1,0.0412371134020618,0.0357142857142857,1.0,0.965,0.0378006872852233,0.0051546391752577,0.0514138817480719,0.0476190476190476,1
3589,0.8,0,1,0.6907216494845361,0.5535714285714285,0.4444444444444445,0.3533333333333334,0.2096219931271477,0.4690721649484536,0.5218508997429306,0.2653061224489796,0
3590,0.4,1,1,0.7422680412371133,0.6887755102040816,0.8888888888888888,0.435,0.4329896907216495,0.0206185567010309,0.6889460154241646,0.653061224489796,1
3591,0.6000000000000001,0,1,0.3917525773195876,0.288265306122449,0.2222222222222222,0.3983333333333334,0.2027491408934708,0.134020618556701,0.3033419023136247,0.3197278911564626,0
3592,0.6000000000000001,0,1,0.0515463917525773,0.0433673469387755,0.8888888888888888,0.4066666666666667,0.0274914089347079,0.0670103092783505,0.0308483290488431,0.0272108843537415,0
3593,0.4,0,1,0.1752577319587628,0.1096938775510204,0.7777777777777777,0.5516666666666667,0.1099656357388316,0.1391752577319587,0.1079691516709511,0.1836734693877551,1
3594,0.4,1,0,0.2061855670103092,0.1658163265306122,1.0,0.41,0.1580756013745704,0.0103092783505154,0.1079691516709511,0.1496598639455782,0
3595,0.2,1,1,0.1855670103092783,0.135204081632653,0.6666666666666665,0.4483333333333333,0.1718213058419244,0.056701030927835,0.1953727506426735,0.108843537414966,1
3596,0.8,0,0,0.7422680412371133,0.4489795918367347,0.2222222222222222,0.14,0.4604810996563573,0.634020618556701,0.5681233933161954,0.3197278911564626,0
3597,0.4,0,1,0.2164948453608247,0.221938775510204,0.2222222222222222,0.4716666666666667,0.1237113402061855,0.0670103092783505,0.1696658097686375,0.2312925170068027,1
3598,1.0,0,1,0.3917525773195876,0.3877551020408163,0.5555555555555556,0.3616666666666667,0.0,0.0309278350515463,0.3033419023136247,0.2380952380952381,0
3599,0.6000000000000001,1,1,0.134020618556701,0.1403061224489795,0.8888888888888888,0.2,0.0274914089347079,0.0979381443298969,0.0976863753213367,0.0952380952380952,0
3600,0.4,0,1,0.5154639175257731,0.3214285714285714,0.8888888888888888,0.5733333333333335,0.0137457044673539,0.2577319587628865,0.300771208226221,0.5102040816326531,1
3601,0.4,1,0,0.5360824742268041,0.3622448979591837,0.3333333333333333,0.0816666666666666,0.3711340206185567,0.2474226804123711,0.5347043701799487,0.4489795918367347,0
3602,0.6000000000000001,1,0,0.7731958762886597,0.6377551020408162,0.8888888888888888,0.6033333333333335,0.1168384879725085,0.5876288659793815,0.4832904884318766,0.6734693877551021,1
3603,0.0,0,1,0.1752577319587628,0.1556122448979591,1.0,0.6733333333333333,0.0309278350515463,0.1752577319587628,0.1285347043701799,0.1292517006802721,1
3604,0.8,0,1,0.6391752577319587,0.3877551020408163,0.0,0.04,0.6323024054982818,0.5721649484536082,0.3496143958868895,0.3061224489795918,0
3605,1.0,1,0,0.0515463917525773,0.0357142857142857,0.8888888888888888,0.7616666666666667,0.0652920962199312,0.0103092783505154,0.0462724935732647,0.0408163265306122,1
3606,0.6000000000000001,1,1,0.5773195876288659,0.5790816326530611,0.7777777777777777,0.1016666666666666,0.2061855670103092,0.520618556701031,0.5835475578406171,0.1904761904761905,0
3607,0.2,1,0,0.1649484536082474,0.1301020408163265,0.1111111111111111,0.1916666666666667,0.1512027491408934,0.1030927835051546,0.1362467866323907,0.1224489795918367,1
3608,1.0,1,1,0.422680412371134,0.3443877551020408,0.8888888888888888,0.53,0.3298969072164948,0.0412371134020618,0.352185089974293,0.163265306122449,1
3609,0.8,1,0,0.8041237113402061,0.6836734693877551,0.3333333333333333,0.3733333333333334,0.5807560137457044,0.5618556701030928,0.6503856041131106,0.5714285714285715,0
3610,0.0,0,0,0.0927835051546391,0.096938775510204,0.8888888888888888,0.9783333333333336,0.0137457044673539,0.0670103092783505,0.0591259640102827,0.0884353741496598,1
3611,0.4,0,1,0.8865979381443299,0.7857142857142856,0.5555555555555556,0.7150000000000001,0.422680412371134,0.1237113402061855,0.5552699228791774,0.6394557823129252,1
3612,0.8,1,0,0.4742268041237113,0.4668367346938775,0.6666666666666665,0.79,0.3711340206185567,0.2989690721649484,0.3187660668380462,0.4421768707482993,1
3613,0.0,0,1,0.0,0.010204081632653,1.0,0.7066666666666668,0.0206185567010309,0.0,0.0051413881748071,0.0204081632653061,1
3614,1.0,1,1,0.1237113402061855,0.0612244897959183,0.7777777777777777,0.0333333333333333,0.0309278350515463,0.1288659793814432,0.0616966580976863,0.1360544217687075,0
3615,1.0,1,0,0.2371134020618556,0.1556122448979591,0.7777777777777777,0.4833333333333334,0.1099656357388316,0.2010309278350515,0.1413881748071979,0.2380952380952381,1
3616,1.0,1,0,0.8144329896907216,0.6377551020408162,0.3333333333333333,0.8266666666666667,0.5463917525773195,0.6494845360824743,0.544987146529563,0.5306122448979592,1
3617,0.0,1,1,0.6082474226804123,0.4821428571428571,0.2222222222222222,0.9833333333333334,0.4776632302405498,0.3041237113402061,0.4215938303341902,0.5170068027210885,1
3618,0.0,0,1,0.1855670103092783,0.1096938775510204,0.7777777777777777,0.585,0.0721649484536082,0.1237113402061855,0.1773778920308483,0.108843537414966,1
3619,0.8,0,0,0.4742268041237113,0.2499999999999999,0.5555555555555556,0.5566666666666666,0.3161512027491409,0.0154639175257731,0.377892030848329,0.4693877551020408,1
3620,0.8,1,1,0.0721649484536082,0.0637755102040816,0.0,0.6000000000000001,0.0412371134020618,0.0721649484536082,0.0539845758354755,0.0612244897959183,1
3621,0.8,0,0,0.1134020618556701,0.0816326530612245,0.5555555555555556,0.3533333333333334,0.1134020618556701,0.0721649484536082,0.0745501285347043,0.0476190476190476,0
3622,0.8,0,1,0.4123711340206186,0.2244897959183673,0.0,1.0,0.2302405498281786,0.2731958762886597,0.2724935732647814,0.4013605442176871,1
3623,0.4,1,1,0.3195876288659794,0.2755102040816327,1.0,0.8716666666666668,0.1580756013745704,0.0773195876288659,0.2930591259640103,0.1972789115646258,1
3624,0.4,0,1,0.8762886597938143,0.7168367346938774,0.5555555555555556,0.9666666666666668,0.274914089347079,0.0927835051546391,0.4910025706940874,0.2993197278911564,1
3625,0.2,0,1,0.0618556701030927,0.058673469387755,0.0,0.2316666666666667,0.0206185567010309,0.0,0.0385604113110539,0.0272108843537415,1
3626,1.0,1,1,0.7422680412371133,0.4285714285714285,0.0,0.2350000000000001,0.5051546391752577,0.0824742268041237,0.5218508997429306,0.7346938775510204,0
3627,0.6000000000000001,0,0,0.6907216494845361,0.4642857142857143,0.2222222222222222,0.1,0.4810996563573883,0.0,0.4755784061696658,0.653061224489796,0
3628,0.2,1,1,0.8865979381443299,0.8520408163265305,0.6666666666666665,0.435,0.3505154639175257,0.3659793814432989,0.6529562982005142,0.8095238095238095,1
3629,0.4,1,1,0.8659793814432989,0.8214285714285714,0.1111111111111111,0.7633333333333334,0.718213058419244,0.0309278350515463,0.455012853470437,0.4693877551020408,1
3630,0.4,1,0,0.5360824742268041,0.5178571428571428,0.8888888888888888,0.5350000000000001,0.3848797250859106,0.1134020618556701,0.2904884318766066,0.3741496598639456,1
3631,0.8,1,1,0.2783505154639175,0.1428571428571428,0.8888888888888888,0.5350000000000001,0.0068728522336769,0.1597938144329896,0.2107969151670951,0.2380952380952381,1
3632,0.6000000000000001,1,0,0.9896907216494844,0.5280612244897959,0.5555555555555556,0.07,0.872852233676976,0.8556701030927835,0.6838046272493574,0.4761904761904762,0
3633,0.8,1,0,0.3195876288659794,0.2678571428571428,0.1111111111111111,0.42,0.1443298969072164,0.0463917525773195,0.2133676092544987,0.2244897959183673,1
3634,0.0,0,0,0.0103092783505154,0.0051020408163265,0.8888888888888888,0.1266666666666667,0.0103092783505154,0.0,0.0128534704370179,0.0204081632653061,0
3635,0.0,1,0,0.134020618556701,0.1020408163265306,0.5555555555555556,0.8350000000000002,0.1512027491408934,0.1134020618556701,0.0771208226221079,0.0748299319727891,1
3636,0.6000000000000001,0,1,0.5360824742268041,0.4081632653061224,0.1111111111111111,0.3533333333333334,0.0549828178694158,0.1752577319587628,0.3290488431876606,0.4081632653061224,1
3637,0.0,1,0,0.6597938144329897,0.3801020408163265,0.8888888888888888,0.3283333333333333,0.0515463917525773,0.3556701030927835,0.365038560411311,0.6326530612244898,0
3638,0.0,1,0,0.5670103092783505,0.4311224489795918,0.3333333333333333,0.1433333333333334,0.1443298969072164,0.3659793814432989,0.3624678663239074,0.1972789115646258,0
3639,0.6000000000000001,0,1,0.8556701030927835,0.6581632653061223,0.0,0.6383333333333334,0.2268041237113402,0.5360824742268041,0.6118251928020566,0.3877551020408163,1
3640,0.0,1,0,0.7422680412371133,0.6071428571428571,0.7777777777777777,0.7983333333333333,0.0274914089347079,0.1494845360824742,0.7352185089974294,0.3333333333333333,1
3641,0.6000000000000001,0,1,0.7835051546391752,0.4438775510204081,0.2222222222222222,0.9600000000000002,0.5360824742268041,0.7835051546391752,0.6375321336760926,0.7346938775510204,1
3642,0.6000000000000001,1,1,0.7216494845360825,0.413265306122449,0.8888888888888888,0.3583333333333334,0.268041237113402,0.3247422680412371,0.4370179948586118,0.7210884353741497,0
3643,0.4,0,0,0.7628865979381443,0.4846938775510204,0.5555555555555556,0.2716666666666667,0.1855670103092783,0.0773195876288659,0.403598971722365,0.653061224489796,0
3644,0.8,0,1,0.7010309278350515,0.673469387755102,0.1111111111111111,0.31,0.3642611683848797,0.6288659793814433,0.4755784061696658,0.4081632653061224,1
3645,0.0,0,0,0.5670103092783505,0.3239795918367347,0.2222222222222222,0.0466666666666667,0.268041237113402,0.3865979381443299,0.5244215938303343,0.5578231292517007,0
3646,0.4,0,0,0.8247422680412371,0.7729591836734693,0.4444444444444445,0.0716666666666666,0.3367697594501718,0.5927835051546392,0.4267352185089974,0.4761904761904762,0
3647,0.0,1,1,0.9072164948453608,0.7015306122448979,0.3333333333333333,0.6866666666666668,0.0309278350515463,0.345360824742268,0.6195372750642674,0.3945578231292517,1
3648,0.6000000000000001,0,0,0.3814432989690722,0.2959183673469387,0.2222222222222222,0.5116666666666667,0.2268041237113402,0.3092783505154639,0.2185089974293059,0.1360544217687075,1
3649,0.0,1,0,0.6494845360824741,0.4056122448979591,0.1111111111111111,0.8533333333333335,0.5910652920962199,0.5515463917525774,0.5115681233933163,0.4217687074829932,1
3650,0.8,0,1,0.2164948453608247,0.1887755102040816,0.7777777777777777,0.4816666666666667,0.2061855670103092,0.2268041237113402,0.1542416452442159,0.1564625850340136,1
3651,0.2,0,0,0.5670103092783505,0.548469387755102,0.8888888888888888,0.595,0.4845360824742268,0.1649484536082474,0.5526992287917738,0.217687074829932,1
3652,0.8,0,0,0.0618556701030927,0.0637755102040816,0.5555555555555556,0.255,0.0515463917525773,0.0154639175257731,0.0668380462724935,0.0408163265306122,0
3653,0.8,0,1,0.845360824742268,0.4948979591836734,0.6666666666666665,0.9816666666666668,0.7697594501718212,0.2989690721649484,0.557840616966581,0.8231292517006803,1
3654,0.2,1,1,0.422680412371134,0.4311224489795918,0.1111111111111111,0.44,0.3573883161512027,0.3402061855670103,0.2879177377892031,0.1496598639455782,1
3655,0.2,0,1,0.0103092783505154,0.0153061224489795,1.0,0.1983333333333333,0.0274914089347079,0.0,0.0077120822622107,0.0204081632653061,0
3656,0.2,1,0,0.8762886597938143,0.8596938775510203,0.7777777777777777,0.605,0.1855670103092783,0.5515463917525774,0.4498714652956298,0.5510204081632654,1
3657,0.2,0,0,0.4329896907216495,0.3010204081632653,0.1111111111111111,0.9733333333333334,0.3367697594501718,0.3350515463917525,0.377892030848329,0.4081632653061224,1
3658,0.2,1,1,0.556701030927835,0.4209183673469387,0.7777777777777777,0.38,0.2577319587628865,0.3350515463917525,0.3084832904884318,0.2653061224489796,0
3659,0.4,1,0,0.0412371134020618,0.0255102040816326,0.5555555555555556,0.2916666666666667,0.0034364261168384,0.056701030927835,0.0514138817480719,0.0408163265306122,0
3660,0.8,0,1,0.2371134020618556,0.1224489795918367,1.0,0.6583333333333334,0.0378006872852233,0.211340206185567,0.1645244215938303,0.2380952380952381,1
3661,1.0,0,0,0.3711340206185567,0.2602040816326531,0.4444444444444445,0.7650000000000001,0.0618556701030927,0.345360824742268,0.2005141388174807,0.3605442176870748,1
3662,0.4,0,0,0.2371134020618556,0.2372448979591836,0.1111111111111111,0.56,0.0309278350515463,0.0515463917525773,0.1799485861182519,0.1360544217687075,1
3663,0.6000000000000001,0,1,0.5463917525773195,0.5127551020408163,0.4444444444444445,0.41,0.3642611683848797,0.422680412371134,0.3393316195372751,0.272108843537415,0
3664,1.0,1,1,0.4432989690721649,0.4285714285714285,0.0,0.5650000000000002,0.3642611683848797,0.3865979381443299,0.300771208226221,0.4421768707482993,1
3665,0.8,0,0,0.1752577319587628,0.0943877551020408,0.4444444444444445,0.1466666666666667,0.0171821305841924,0.0721649484536082,0.1362467866323907,0.0612244897959183,0
3666,1.0,1,1,0.6391752577319587,0.5025510204081632,0.5555555555555556,0.4900000000000001,0.0034364261168384,0.1082474226804123,0.416452442159383,0.3741496598639456,1
3667,0.2,0,1,0.3711340206185567,0.2755102040816327,0.2222222222222222,0.7666666666666668,0.0721649484536082,0.0927835051546391,0.2159383033419023,0.3877551020408163,1
3668,0.8,0,1,0.6288659793814433,0.423469387755102,0.7777777777777777,0.4700000000000001,0.549828178694158,0.1855670103092783,0.6015424164524422,0.4081632653061224,1
3669,0.6000000000000001,0,0,0.0103092783505154,0.0076530612244897,0.2222222222222222,0.9933333333333334,0.0103092783505154,0.0206185567010309,0.0077120822622107,0.0272108843537415,1
3670,1.0,0,1,0.7113402061855669,0.548469387755102,0.8888888888888888,0.985,0.2405498281786941,0.0,0.4781491002570694,0.3197278911564626,1
3671,0.4,0,1,0.0412371134020618,0.0357142857142857,0.0,0.325,0.0584192439862542,0.0103092783505154,0.0231362467866323,0.0340136054421768,0
3672,0.6000000000000001,1,1,0.4329896907216495,0.3826530612244898,0.7777777777777777,0.9416666666666668,0.0412371134020618,0.4329896907216495,0.377892030848329,0.2312925170068027,1
3673,0.8,0,0,0.7628865979381443,0.5229591836734693,0.5555555555555556,0.7916666666666667,0.0652920962199312,0.7010309278350515,0.4858611825192802,0.435374149659864,1
3674,1.0,1,1,0.8762886597938143,0.6658163265306122,0.4444444444444445,0.03,0.4054982817869416,0.1494845360824742,0.5886889460154242,0.6258503401360545,0
3675,0.6000000000000001,1,1,0.556701030927835,0.3163265306122449,0.5555555555555556,0.1583333333333333,0.281786941580756,0.479381443298969,0.557840616966581,0.435374149659864,0
3676,0.8,0,0,0.4020618556701031,0.3265306122448979,0.6666666666666665,0.7866666666666668,0.3848797250859106,0.2164948453608247,0.2622107969151671,0.2585034013605442,1
3677,0.4,0,1,0.7938144329896907,0.4030612244897959,0.8888888888888888,0.03,0.5945017182130584,0.1494845360824742,0.7609254498714654,0.6326530612244898,0
3678,0.6000000000000001,0,1,0.556701030927835,0.5255102040816326,0.6666666666666665,0.5816666666666668,0.1374570446735395,0.5515463917525774,0.3264781491002571,0.5578231292517007,1
3679,0.6000000000000001,0,0,0.1030927835051546,0.0714285714285714,0.4444444444444445,0.2300000000000001,0.0515463917525773,0.1134020618556701,0.0925449871465295,0.0680272108843537,0
3680,1.0,1,0,0.6907216494845361,0.4948979591836734,0.2222222222222222,0.4800000000000001,0.3367697594501718,0.3865979381443299,0.4318766066838046,0.4965986394557823,1
3681,1.0,0,0,0.2577319587628866,0.135204081632653,0.0,0.8583333333333334,0.0378006872852233,0.1030927835051546,0.1748071979434447,0.1768707482993197,1
3682,0.8,1,1,0.9896907216494844,0.5561224489795917,0.1111111111111111,0.1066666666666666,0.5773195876288659,0.5721649484536082,0.673521850899743,0.4965986394557823,0
3683,0.4,0,0,0.9381443298969072,0.8163265306122448,0.1111111111111111,0.4766666666666667,0.4914089347079037,0.3298969072164948,0.9434447300771208,0.7074829931972789,1
3684,0.8,0,0,0.6701030927835051,0.6377551020408162,0.5555555555555556,0.425,0.5807560137457044,0.1855670103092783,0.596401028277635,0.3333333333333333,1
3685,0.8,1,0,0.1134020618556701,0.1096938775510204,0.4444444444444445,0.02,0.0618556701030927,0.0309278350515463,0.0719794344473007,0.054421768707483,0
3686,0.4,1,1,0.7938144329896907,0.4285714285714285,0.7777777777777777,0.5083333333333333,0.6597938144329897,0.7268041237113402,0.5552699228791774,0.7074829931972789,1
3687,1.0,0,0,0.6701030927835051,0.5841836734693877,0.8888888888888888,0.6200000000000001,0.0549828178694158,0.345360824742268,0.5269922879177379,0.3673469387755102,1
3688,0.4,0,1,0.1958762886597938,0.1071428571428571,0.8888888888888888,0.4850000000000001,0.0859106529209622,0.0257731958762886,0.1336760925449871,0.1020408163265306,1
3689,0.8,1,1,0.4639175257731959,0.2729591836734694,0.1111111111111111,0.035,0.3470790378006873,0.0051546391752577,0.2390745501285347,0.4693877551020408,0
3690,0.4,1,0,0.3608247422680412,0.3341836734693877,0.7777777777777777,0.155,0.2199312714776632,0.0309278350515463,0.3573264781491002,0.2380952380952381,0
3691,0.0,1,1,0.5773195876288659,0.548469387755102,0.0,0.435,0.1512027491408934,0.3711340206185567,0.377892030848329,0.2857142857142857,1
3692,1.0,1,1,0.2268041237113401,0.1683673469387755,1.0,0.7083333333333335,0.0584192439862542,0.0206185567010309,0.2185089974293059,0.163265306122449,1
3693,0.2,0,1,0.8144329896907216,0.6964285714285714,0.7777777777777777,0.2300000000000001,0.0343642611683848,0.5412371134020618,0.8200514138817482,0.54421768707483,0
3694,1.0,1,1,0.5360824742268041,0.5382653061224489,0.5555555555555556,0.165,0.1374570446735395,0.5,0.3110539845758355,0.4625850340136054,0
3695,0.0,1,0,0.1237113402061855,0.1301020408163265,0.3333333333333333,0.4866666666666667,0.140893470790378,0.0206185567010309,0.1028277634961439,0.054421768707483,1
3696,0.4,0,0,0.2371134020618556,0.211734693877551,0.3333333333333333,0.8916666666666668,0.0859106529209622,0.2061855670103092,0.1902313624678663,0.0884353741496598,1
3697,0.0,0,1,0.1443298969072164,0.1275510204081632,0.1111111111111111,0.7216666666666667,0.0137457044673539,0.1082474226804123,0.1336760925449871,0.0748299319727891,1
3698,0.0,0,0,0.3608247422680412,0.2627551020408163,1.0,0.3066666666666667,0.1993127147766323,0.0670103092783505,0.3496143958868895,0.2380952380952381,0
3699,1.0,0,1,0.0309278350515463,0.0382653061224489,1.0,0.5250000000000001,0.0171821305841924,0.0360824742268041,0.0205655526992287,0.0204081632653061,1
3700,0.6000000000000001,0,1,0.5257731958762886,0.4897959183673469,0.1111111111111111,0.4850000000000001,0.4536082474226804,0.2422680412371134,0.5012853470437019,0.5374149659863946,1
3701,0.0,1,1,0.268041237113402,0.1658163265306122,0.5555555555555556,0.0816666666666666,0.140893470790378,0.1030927835051546,0.2776349614395886,0.0952380952380952,0
3702,0.2,1,1,0.9690721649484536,0.7551020408163265,0.8888888888888888,0.2966666666666667,0.6357388316151202,0.7835051546391752,0.974293059125964,0.6394557823129252,0
3703,0.8,1,0,0.2061855670103092,0.1913265306122449,1.0,0.5550000000000002,0.0,0.2010309278350515,0.2082262210796915,0.1292517006802721,1
3704,0.2,0,1,0.845360824742268,0.7806122448979591,0.3333333333333333,0.13,0.6391752577319587,0.0515463917525773,0.6580976863753214,0.7551020408163266,0
3705,0.2,0,0,0.1958762886597938,0.1275510204081632,1.0,0.2683333333333334,0.0515463917525773,0.1958762886597938,0.2005141388174807,0.1156462585034013,0
3706,0.4,0,1,0.268041237113402,0.1709183673469387,0.0,0.8900000000000001,0.0171821305841924,0.1494845360824742,0.2005141388174807,0.0884353741496598,1
3707,0.0,0,0,0.2371134020618556,0.1403061224489795,1.0,0.6183333333333334,0.2542955326460481,0.0257731958762886,0.1850899742930591,0.1360544217687075,1
3708,0.6000000000000001,1,1,0.1546391752577319,0.1403061224489795,0.4444444444444445,0.3733333333333334,0.140893470790378,0.1494845360824742,0.1619537275064267,0.054421768707483,0
3709,0.6000000000000001,1,0,0.6082474226804123,0.520408163265306,0.1111111111111111,0.8600000000000001,0.5120274914089347,0.2783505154639175,0.6143958868894602,0.4013605442176871,1
3710,0.6000000000000001,1,0,0.4020618556701031,0.2908163265306122,0.4444444444444445,0.7150000000000001,0.2371134020618556,0.3195876288659793,0.3881748071979434,0.1428571428571428,1
3711,1.0,0,1,0.4432989690721649,0.3163265306122449,0.3333333333333333,0.0116666666666667,0.3780068728522336,0.1958762886597938,0.3161953727506427,0.1836734693877551,0
3712,0.4,1,1,0.556701030927835,0.4795918367346938,0.3333333333333333,0.0833333333333333,0.0927835051546391,0.0618556701030927,0.3573264781491002,0.2857142857142857,0
3713,0.6000000000000001,0,1,0.5773195876288659,0.4158163265306122,0.4444444444444445,0.2400000000000001,0.4570446735395189,0.3041237113402061,0.377892030848329,0.5782312925170069,0
3714,0.8,0,0,0.8659793814432989,0.673469387755102,0.4444444444444445,0.9916666666666668,0.0756013745704467,0.4536082474226804,0.5732647814910027,0.4693877551020408,1
3715,0.4,1,0,0.2783505154639175,0.2602040816326531,1.0,0.6800000000000002,0.1443298969072164,0.0309278350515463,0.1902313624678663,0.2925170068027211,1
3716,0.4,0,1,0.8350515463917525,0.4413265306122449,0.0,0.0916666666666666,0.0343642611683848,0.0360824742268041,0.7223650385604113,0.4625850340136054,0
3717,1.0,0,0,0.2268041237113401,0.1224489795918367,0.2222222222222222,0.76,0.0515463917525773,0.0103092783505154,0.1285347043701799,0.2312925170068027,1
3718,0.8,1,0,0.556701030927835,0.298469387755102,0.1111111111111111,0.6983333333333335,0.1924398625429553,0.1494845360824742,0.365038560411311,0.2312925170068027,1
3719,0.2,1,1,0.958762886597938,0.895408163265306,0.6666666666666665,0.2316666666666667,0.0137457044673539,0.0618556701030927,0.5115681233933163,0.9183673469387756,0
3720,0.8,0,1,0.4845360824742268,0.3979591836734694,0.4444444444444445,0.6133333333333335,0.3711340206185567,0.4278350515463917,0.3753213367609254,0.1904761904761905,1
3721,0.8,0,1,0.5876288659793814,0.413265306122449,0.0,0.7750000000000001,0.4467353951890034,0.4845360824742268,0.506426735218509,0.2380952380952381,1
3722,1.0,1,1,0.0309278350515463,0.0306122448979591,0.1111111111111111,0.2933333333333333,0.0068728522336769,0.0103092783505154,0.0205655526992287,0.0476190476190476,1
3723,0.6000000000000001,1,0,0.7010309278350515,0.5459183673469387,0.6666666666666665,0.8016666666666667,0.1855670103092783,0.4381443298969072,0.4884318766066838,0.653061224489796,1
3724,0.2,0,0,0.3402061855670103,0.3163265306122449,0.1111111111111111,0.0833333333333333,0.1786941580756013,0.3505154639175257,0.3239074550128534,0.1224489795918367,1
3725,0.0,1,0,0.5154639175257731,0.3035714285714285,0.7777777777777777,0.8050000000000002,0.1718213058419244,0.1030927835051546,0.2853470437017995,0.3469387755102041,1
3726,0.6000000000000001,1,1,0.6288659793814433,0.4999999999999999,0.5555555555555556,0.7833333333333334,0.0652920962199312,0.1237113402061855,0.390745501285347,0.2108843537414966,1
3727,0.4,0,0,0.845360824742268,0.7142857142857142,0.4444444444444445,0.8700000000000001,0.0618556701030927,0.8247422680412371,0.840616966580977,0.2993197278911564,1
3728,0.2,0,1,0.7525773195876289,0.5663265306122448,0.6666666666666665,0.2816666666666667,0.422680412371134,0.4948453608247422,0.4087403598971722,0.3061224489795918,0
3729,0.4,1,0,0.3195876288659794,0.3239795918367347,0.7777777777777777,0.0,0.1890034364261168,0.3041237113402061,0.1825192802056555,0.2108843537414966,0
3730,0.4,0,0,0.8865979381443299,0.5637755102040816,0.6666666666666665,0.6533333333333333,0.7457044673539519,0.2628865979381443,0.4704370179948586,0.7414965986394558,1
3731,1.0,1,0,0.0,0.010204081632653,0.8888888888888888,0.6783333333333335,0.0,0.0051546391752577,0.0051413881748071,0.0136054421768707,1
3732,1.0,0,1,0.8041237113402061,0.7346938775510203,0.1111111111111111,0.5966666666666667,0.3642611683848797,0.4432989690721649,0.7326478149100257,0.3129251700680272,1
3733,0.6000000000000001,1,0,0.0824742268041237,0.0943877551020408,0.2222222222222222,0.5416666666666667,0.0240549828178694,0.0051546391752577,0.0642673521850899,0.0340136054421768,1
3734,0.2,1,0,0.9484536082474226,0.673469387755102,0.4444444444444445,0.0716666666666666,0.2611683848797251,0.1288659793814432,0.7275064267352186,0.8979591836734695,0
3735,1.0,1,0,0.1958762886597938,0.1785714285714285,0.8888888888888888,0.0966666666666666,0.127147766323024,0.1649484536082474,0.1773778920308483,0.1496598639455782,0
3736,0.8,1,1,0.5360824742268041,0.2857142857142857,1.0,0.675,0.5017182130584192,0.1958762886597938,0.3393316195372751,0.4149659863945578,1
3737,0.4,1,1,0.4639175257731959,0.3775510204081632,0.3333333333333333,0.8316666666666668,0.3333333333333333,0.1288659793814432,0.2673521850899742,0.3197278911564626,1
3738,0.6000000000000001,1,0,0.8865979381443299,0.8520408163265305,0.5555555555555556,0.1616666666666667,0.5945017182130584,0.8247422680412371,0.5629820051413882,0.5986394557823129,0
3739,1.0,1,0,0.3092783505154639,0.3035714285714285,0.2222222222222222,0.3216666666666667,0.2646048109965636,0.3195876288659793,0.1645244215938303,0.1428571428571428,0
3740,0.0,1,1,0.7216494845360825,0.5510204081632653,0.1111111111111111,0.2433333333333334,0.6082474226804123,0.5618556701030928,0.622107969151671,0.5170068027210885,1
3741,0.4,0,1,0.2371134020618556,0.1760204081632652,0.7777777777777777,0.025,0.1890034364261168,0.1701030927835051,0.1182519280205655,0.1904761904761905,0
3742,1.0,0,1,0.6907216494845361,0.3928571428571428,0.6666666666666665,0.9783333333333336,0.4742268041237113,0.2731958762886597,0.6401028277634963,0.3061224489795918,1
3743,1.0,1,1,0.5670103092783505,0.5153061224489796,0.7777777777777777,0.215,0.0962199312714776,0.0979381443298969,0.5681233933161954,0.2653061224489796,0
3744,0.8,1,1,0.5463917525773195,0.3775510204081632,0.8888888888888888,0.6216666666666668,0.3608247422680412,0.4123711340206185,0.3496143958868895,0.489795918367347,1
3745,0.8,0,1,0.9278350515463916,0.7346938775510203,0.4444444444444445,0.7183333333333335,0.4982817869415807,0.4278350515463917,0.9125964010282775,0.3401360544217687,1
3746,1.0,1,1,0.5670103092783505,0.2857142857142857,0.0,0.72,0.5429553264604811,0.190721649484536,0.3933161953727506,0.3605442176870748,1
3747,1.0,1,1,0.4948453608247422,0.4107142857142857,0.6666666666666665,0.3750000000000001,0.4467353951890034,0.4690721649484536,0.3856041131105398,0.2244897959183673,0
3748,0.8,0,0,0.2164948453608247,0.1326530612244897,0.2222222222222222,0.0716666666666666,0.0,0.211340206185567,0.1156812339331619,0.217687074829932,0
3749,0.0,0,1,0.288659793814433,0.2729591836734694,0.7777777777777777,0.0516666666666667,0.274914089347079,0.2319587628865979,0.1619537275064267,0.163265306122449,0
3750,0.0,0,0,0.7938144329896907,0.6607142857142856,0.8888888888888888,0.9083333333333334,0.4879725085910653,0.7577319587628866,0.6966580976863754,0.4285714285714286,1
3751,0.4,1,0,0.1855670103092783,0.1505102040816326,0.7777777777777777,0.6600000000000001,0.140893470790378,0.0309278350515463,0.1311053984575835,0.0884353741496598,1
3752,1.0,0,0,0.2577319587628866,0.2142857142857142,0.6666666666666665,0.7866666666666668,0.0756013745704467,0.1443298969072164,0.1876606683804627,0.2517006802721088,1
3753,0.6000000000000001,1,1,0.6391752577319587,0.3954081632653061,0.8888888888888888,0.5466666666666666,0.2371134020618556,0.1391752577319587,0.6298200514138819,0.3605442176870748,1
3754,0.0,0,1,0.8247422680412371,0.4795918367346938,0.0,0.7733333333333334,0.7869415807560137,0.4587628865979381,0.519280205655527,0.272108843537415,1
3755,0.2,1,0,0.268041237113402,0.1683673469387755,0.6666666666666665,0.4216666666666667,0.0137457044673539,0.2525773195876288,0.1670951156812339,0.2857142857142857,1
3756,0.2,0,0,0.8969072164948453,0.5025510204081632,0.0,0.5883333333333334,0.436426116838488,0.0309278350515463,0.4498714652956298,0.6734693877551021,1
3757,0.2,0,0,0.5051546391752577,0.5025510204081632,0.1111111111111111,0.3433333333333334,0.2714776632302405,0.4587628865979381,0.5141388174807199,0.4557823129251701,1
3758,0.6000000000000001,1,0,0.268041237113402,0.2091836734693877,1.0,0.2183333333333333,0.2130584192439862,0.0876288659793814,0.1928020565552699,0.1496598639455782,0
3759,0.4,0,1,0.6082474226804123,0.3061224489795918,0.8888888888888888,0.6616666666666668,0.4845360824742268,0.4690721649484536,0.3161953727506427,0.2380952380952381,1
3760,0.4,0,0,0.845360824742268,0.6173469387755102,0.2222222222222222,0.4800000000000001,0.3780068728522336,0.0670103092783505,0.5809768637532134,0.7074829931972789,1
3761,0.2,0,0,0.1443298969072164,0.135204081632653,0.2222222222222222,0.91,0.0206185567010309,0.1443298969072164,0.1105398457583547,0.0816326530612245,1
3762,1.0,1,0,0.4020618556701031,0.2729591836734694,0.6666666666666665,0.1316666666666667,0.2130584192439862,0.0876288659793814,0.2107969151670951,0.3673469387755102,0
3763,0.2,0,0,0.0103092783505154,0.010204081632653,0.4444444444444445,0.7416666666666667,0.0,0.0,0.0154241645244215,0.0068027210884353,1
3764,0.6000000000000001,1,0,0.9690721649484536,0.8724489795918366,1.0,0.3716666666666667,0.8969072164948453,0.134020618556701,0.6169665809768639,0.3605442176870748,0
3765,0.8,1,1,0.8350515463917525,0.6403061224489796,0.1111111111111111,0.54,0.7869415807560137,0.2061855670103092,0.6298200514138819,0.3673469387755102,1
3766,0.2,1,0,0.4536082474226804,0.4183673469387755,0.7777777777777777,0.1783333333333333,0.4467353951890034,0.3092783505154639,0.2442159383033419,0.1904761904761905,0
3767,0.6000000000000001,0,1,0.556701030927835,0.288265306122449,0.5555555555555556,0.76,0.1134020618556701,0.0927835051546391,0.4652956298200514,0.5306122448979592,1
3768,0.6000000000000001,1,1,0.4020618556701031,0.2040816326530612,0.7777777777777777,0.085,0.2061855670103092,0.0051546391752577,0.2776349614395886,0.1496598639455782,0
3769,0.6000000000000001,0,0,0.3608247422680412,0.3341836734693877,0.8888888888888888,0.1216666666666667,0.0962199312714776,0.0051546391752577,0.3316195372750642,0.1700680272108843,0
3770,0.8,0,1,0.0618556701030927,0.0535714285714285,0.0,0.2683333333333334,0.0446735395189003,0.0670103092783505,0.0514138817480719,0.0204081632653061,1
3771,0.8,1,0,0.8144329896907216,0.7091836734693877,0.5555555555555556,0.6200000000000001,0.1924398625429553,0.4742268041237113,0.4344473007712082,0.6462585034013606,1
3772,0.4,1,1,0.2577319587628866,0.2346938775510204,0.4444444444444445,0.2233333333333333,0.0927835051546391,0.0773195876288659,0.2005141388174807,0.1224489795918367,0
3773,0.4,0,1,0.7010309278350515,0.5382653061224489,0.5555555555555556,0.4016666666666667,0.127147766323024,0.0670103092783505,0.5012853470437019,0.653061224489796,0
3774,0.6000000000000001,0,1,0.8144329896907216,0.7397959183673468,0.0,0.1883333333333333,0.2783505154639175,0.7783505154639175,0.647814910025707,0.435374149659864,1
3775,0.2,1,0,0.3092783505154639,0.1862244897959183,0.1111111111111111,0.4866666666666667,0.1030927835051546,0.0721649484536082,0.2005141388174807,0.3197278911564626,1
3776,0.8,0,1,0.0206185567010309,0.0280612244897959,0.4444444444444445,0.6083333333333334,0.0103092783505154,0.0154639175257731,0.0308483290488431,0.0136054421768707,1
3777,0.2,1,0,0.7835051546391752,0.6020408163265305,0.1111111111111111,0.0216666666666667,0.0893470790378006,0.788659793814433,0.5835475578406171,0.7414965986394558,1
3778,0.0,0,0,0.5773195876288659,0.4923469387755102,0.6666666666666665,0.6216666666666668,0.3058419243986254,0.5515463917525774,0.455012853470437,0.489795918367347,1
3779,0.0,0,1,0.2474226804123711,0.1454081632653061,0.3333333333333333,0.1366666666666667,0.0584192439862542,0.1134020618556701,0.2030848329048843,0.108843537414966,0
3780,1.0,0,0,0.5360824742268041,0.5306122448979591,0.5555555555555556,0.6016666666666668,0.5429553264604811,0.5360824742268041,0.5089974293059126,0.3673469387755102,1
3781,0.6000000000000001,1,1,0.0412371134020618,0.0357142857142857,0.1111111111111111,0.4600000000000001,0.0137457044673539,0.0051546391752577,0.0462724935732647,0.0340136054421768,1
3782,0.2,1,0,0.0412371134020618,0.0229591836734693,0.6666666666666665,0.2383333333333334,0.0240549828178694,0.0515463917525773,0.0488431876606683,0.054421768707483,0
3783,1.0,1,1,0.958762886597938,0.5459183673469387,0.7777777777777777,0.0116666666666667,0.9450171821305842,0.1391752577319587,0.724935732647815,0.6598639455782314,0
3784,0.8,1,1,0.1752577319587628,0.1147959183673469,0.5555555555555556,0.5933333333333335,0.0515463917525773,0.0824742268041237,0.1311053984575835,0.1156462585034013,1
3785,0.2,1,1,0.9896907216494844,0.5331632653061223,0.1111111111111111,0.975,0.6185567010309279,0.845360824742268,0.9511568123393316,0.7346938775510204,1
3786,0.6000000000000001,1,0,0.7835051546391752,0.4158163265306122,1.0,0.9933333333333334,0.4261168384879725,0.5567010309278351,0.776349614395887,0.3741496598639456,1
3787,1.0,0,0,0.4845360824742268,0.3520408163265306,0.0,0.8366666666666667,0.1134020618556701,0.3865979381443299,0.4061696658097686,0.1836734693877551,1
3788,0.6000000000000001,1,1,0.8350515463917525,0.5714285714285714,0.0,0.5833333333333335,0.1237113402061855,0.8247422680412371,0.455012853470437,0.3945578231292517,1
3789,0.8,0,1,0.3814432989690722,0.2193877551020407,0.4444444444444445,0.6083333333333334,0.3195876288659793,0.2061855670103092,0.2287917737789203,0.3605442176870748,1
3790,0.4,1,0,0.9072164948453608,0.903061224489796,0.5555555555555556,0.065,0.5223367697594502,0.4329896907216495,0.493573264781491,0.6122448979591837,0
3791,0.2,0,0,0.9690721649484536,0.818877551020408,1.0,0.245,0.5292096219931272,0.9484536082474226,0.5012853470437019,0.3197278911564626,0
3792,1.0,0,1,0.0824742268041237,0.0535714285714285,0.8888888888888888,0.5216666666666667,0.0549828178694158,0.0670103092783505,0.0591259640102827,0.0408163265306122,1
3793,1.0,1,0,0.268041237113402,0.1760204081632652,0.7777777777777777,0.2066666666666666,0.0309278350515463,0.2577319587628865,0.1491002570694087,0.217687074829932,0
3794,0.4,0,0,0.8350515463917525,0.5229591836734693,0.2222222222222222,0.6116666666666668,0.6632302405498282,0.211340206185567,0.6452442159383034,0.4625850340136054,1
3795,0.8,0,1,0.6907216494845361,0.4591836734693877,0.8888888888888888,0.6916666666666667,0.281786941580756,0.0309278350515463,0.377892030848329,0.5102040816326531,1
3796,1.0,0,1,0.3711340206185567,0.2244897959183673,0.8888888888888888,0.5900000000000001,0.3092783505154639,0.2061855670103092,0.2544987146529563,0.2040816326530612,1
3797,0.4,0,0,0.8041237113402061,0.4464285714285714,1.0,0.415,0.0824742268041237,0.5,0.6966580976863754,0.7346938775510204,0
3798,0.8,1,1,0.9896907216494844,0.7499999999999999,0.1111111111111111,0.1216666666666667,0.3814432989690721,0.2835051546391752,0.9640102827763496,0.6802721088435375,1
3799,0.0,1,1,0.2783505154639175,0.1760204081632652,0.7777777777777777,0.0533333333333333,0.1237113402061855,0.2938144329896907,0.1876606683804627,0.2448979591836735,0
3800,0.8,1,0,0.7938144329896907,0.7959183673469387,1.0,0.39,0.4261168384879725,0.4381443298969072,0.5475578406169667,0.435374149659864,0
3801,0.6000000000000001,0,0,0.4536082474226804,0.4489795918367347,0.3333333333333333,0.16,0.3676975945017182,0.2061855670103092,0.3084832904884318,0.1768707482993197,0
3802,0.4,1,0,0.0824742268041237,0.086734693877551,0.8888888888888888,0.9866666666666668,0.0756013745704467,0.0412371134020618,0.0694087403598971,0.0340136054421768,1
3803,1.0,1,0,0.9072164948453608,0.5357142857142857,0.6666666666666665,0.5033333333333334,0.1168384879725085,0.3969072164948453,0.9023136246786632,0.7482993197278912,1
3804,0.0,1,1,0.9484536082474226,0.9132653061224488,0.4444444444444445,0.5250000000000001,0.7285223367697594,0.1958762886597938,0.6966580976863754,0.6190476190476191,1
3805,1.0,1,1,0.7422680412371133,0.586734693877551,1.0,0.3033333333333333,0.5395189003436426,0.1855670103092783,0.7403598971722366,0.4625850340136054,0
3806,0.0,1,0,0.6597938144329897,0.5051020408163265,0.7777777777777777,0.1616666666666667,0.6597938144329897,0.3608247422680412,0.4344473007712082,0.5714285714285715,0
3807,0.0,0,0,0.1134020618556701,0.0790816326530612,0.4444444444444445,0.2733333333333334,0.0412371134020618,0.0103092783505154,0.0822622107969151,0.0952380952380952,0
3808,0.0,1,1,0.0927835051546391,0.0790816326530612,0.6666666666666665,0.8866666666666667,0.1099656357388316,0.0103092783505154,0.1053984575835475,0.108843537414966,1
3809,1.0,1,0,0.9278350515463916,0.8801020408163265,0.5555555555555556,0.8366666666666667,0.7560137457044673,0.5670103092783505,0.5012853470437019,0.8503401360544218,1
3810,0.4,1,0,0.7010309278350515,0.6020408163265305,0.8888888888888888,0.5466666666666666,0.4604810996563573,0.3402061855670103,0.6401028277634963,0.489795918367347,1
3811,0.8,1,0,0.5051546391752577,0.4719387755102041,0.4444444444444445,0.6566666666666667,0.2199312714776632,0.2731958762886597,0.3393316195372751,0.2789115646258503,1
3812,0.2,0,1,0.3092783505154639,0.2295918367346938,1.0,0.7350000000000001,0.1305841924398625,0.1804123711340206,0.1696658097686375,0.1564625850340136,1
3813,0.2,0,1,0.3608247422680412,0.2704081632653061,0.6666666666666665,0.7466666666666668,0.127147766323024,0.1443298969072164,0.3316195372750642,0.2789115646258503,1
3814,1.0,1,0,0.3505154639175258,0.3188775510204081,0.1111111111111111,0.0333333333333333,0.0859106529209622,0.1494845360824742,0.3161953727506427,0.1972789115646258,1
3815,0.2,1,0,0.556701030927835,0.2908163265306122,0.4444444444444445,0.79,0.3780068728522336,0.2216494845360824,0.3290488431876606,0.4421768707482993,1
3816,0.0,0,1,0.958762886597938,0.808673469387755,0.0,0.3333333333333333,0.2852233676975945,0.5,0.622107969151671,0.380952380952381,1
3817,0.8,0,0,0.134020618556701,0.0943877551020408,0.8888888888888888,0.6766666666666667,0.0,0.1391752577319587,0.1053984575835475,0.1156462585034013,1
3818,0.8,0,0,0.7422680412371133,0.4591836734693877,0.4444444444444445,0.5016666666666667,0.563573883161512,0.6494845360824743,0.7326478149100257,0.4149659863945578,1
3819,0.4,1,0,0.5979381443298969,0.4362244897959184,0.7777777777777777,0.8433333333333335,0.0618556701030927,0.1082474226804123,0.5115681233933163,0.2380952380952381,1
3820,0.0,1,1,0.288659793814433,0.2372448979591836,0.2222222222222222,0.5733333333333335,0.134020618556701,0.0360824742268041,0.2622107969151671,0.2040816326530612,1
3821,0.8,1,1,0.5979381443298969,0.3214285714285714,0.6666666666666665,0.7050000000000001,0.0240549828178694,0.0824742268041237,0.3419023136246786,0.2789115646258503,1
3822,1.0,1,1,0.0412371134020618,0.0306122448979591,0.5555555555555556,0.3483333333333334,0.0549828178694158,0.0051546391752577,0.0411311053984575,0.054421768707483,0
3823,0.0,1,0,0.1649484536082474,0.1607142857142857,0.1111111111111111,0.9966666666666668,0.0824742268041237,0.0051546391752577,0.1105398457583547,0.0952380952380952,1
3824,0.4,1,1,0.5463917525773195,0.298469387755102,0.0,0.445,0.2474226804123711,0.2422680412371134,0.2879177377892031,0.4761904761904762,1
3825,0.2,1,0,0.0824742268041237,0.0459183673469387,0.2222222222222222,0.6916666666666667,0.0756013745704467,0.0515463917525773,0.0488431876606683,0.0748299319727891,1
3826,0.4,0,1,0.1546391752577319,0.0816326530612245,0.4444444444444445,0.9233333333333332,0.1718213058419244,0.1237113402061855,0.0796915167095115,0.1156462585034013,1
3827,0.2,1,1,0.3298969072164948,0.3061224489795918,0.3333333333333333,0.3716666666666667,0.2096219931271477,0.2422680412371134,0.2056555269922879,0.1768707482993197,0
3828,0.2,1,1,0.9690721649484536,0.9081632653061223,0.3333333333333333,0.39,0.8419243986254296,0.9123711340206184,0.8123393316195373,0.3673469387755102,0
3829,0.0,0,1,0.2474226804123711,0.1862244897959183,0.8888888888888888,0.2833333333333334,0.0240549828178694,0.0360824742268041,0.1336760925449871,0.1972789115646258,0
3830,0.2,1,0,0.1443298969072164,0.0816326530612245,0.8888888888888888,0.5316666666666667,0.1099656357388316,0.0051546391752577,0.1542416452442159,0.1020408163265306,1
3831,0.0,1,1,0.422680412371134,0.3188775510204081,1.0,0.4533333333333333,0.2955326460481099,0.1134020618556701,0.2750642673521851,0.4149659863945578,1
3832,0.6000000000000001,1,0,0.1237113402061855,0.0816326530612245,0.7777777777777777,0.1083333333333333,0.0893470790378006,0.1134020618556701,0.0668380462724935,0.108843537414966,0
3833,0.0,0,0,0.8041237113402061,0.4515306122448979,0.7777777777777777,0.8183333333333334,0.4776632302405498,0.5309278350515464,0.5938303341902315,0.7210884353741497,1
3834,0.8,0,1,0.4948453608247422,0.4540816326530612,0.5555555555555556,0.2066666666666666,0.1786941580756013,0.1030927835051546,0.365038560411311,0.4149659863945578,0
3835,1.0,1,0,0.4432989690721649,0.2525510204081633,0.5555555555555556,0.7100000000000002,0.0996563573883161,0.4432989690721649,0.442159383033419,0.2857142857142857,1
3836,0.2,1,0,0.3298969072164948,0.2448979591836734,0.0,0.7266666666666668,0.134020618556701,0.2474226804123711,0.2647814910025707,0.3061224489795918,1
3837,1.0,1,1,0.5670103092783505,0.3188775510204081,0.6666666666666665,0.3133333333333333,0.4673539518900343,0.0515463917525773,0.3316195372750642,0.3741496598639456,0
3838,0.4,0,1,0.2474226804123711,0.1862244897959183,0.4444444444444445,0.1666666666666667,0.2336769759450171,0.1443298969072164,0.2519280205655527,0.217687074829932,0
3839,0.0,1,1,0.4432989690721649,0.3035714285714285,1.0,0.0183333333333333,0.3848797250859106,0.2577319587628865,0.3187660668380462,0.163265306122449,0
3840,0.4,0,1,0.5051546391752577,0.4209183673469387,0.0,0.3400000000000001,0.2199312714776632,0.1391752577319587,0.4318766066838046,0.2993197278911564,1
3841,0.8,0,1,0.5051546391752577,0.4668367346938775,1.0,0.02,0.3298969072164948,0.3092783505154639,0.416452442159383,0.3741496598639456,0
3842,1.0,1,1,0.1546391752577319,0.1581632653061224,0.6666666666666665,0.4783333333333334,0.0378006872852233,0.0515463917525773,0.1568123393316195,0.1020408163265306,1
3843,0.2,0,0,0.5154639175257731,0.2602040816326531,1.0,0.0283333333333333,0.1030927835051546,0.4123711340206185,0.4884318766066838,0.3605442176870748,0
3844,0.8,0,0,0.845360824742268,0.7321428571428571,0.0,0.2716666666666667,0.436426116838488,0.056701030927835,0.5089974293059126,0.4557823129251701,1
3845,0.2,0,1,0.9072164948453608,0.8596938775510203,0.7777777777777777,0.9033333333333332,0.2164948453608247,0.8711340206185567,0.5809768637532134,0.3945578231292517,1
3846,0.8,1,1,0.3298969072164948,0.2933673469387755,1.0,0.5266666666666668,0.1718213058419244,0.1701030927835051,0.2467866323907455,0.1972789115646258,1
3847,0.2,0,0,0.5360824742268041,0.4872448979591837,0.3333333333333333,0.8333333333333335,0.0274914089347079,0.3144329896907216,0.493573264781491,0.2040816326530612,1
3848,0.0,1,1,0.0515463917525773,0.0459183673469387,0.5555555555555556,0.855,0.0068728522336769,0.0670103092783505,0.0488431876606683,0.0340136054421768,1
3849,0.4,1,0,0.7628865979381443,0.6249999999999999,0.5555555555555556,0.44,0.4810996563573883,0.3195876288659793,0.6272493573264782,0.4557823129251701,1
3850,0.4,0,0,0.4948453608247422,0.3673469387755102,0.5555555555555556,0.895,0.0756013745704467,0.3711340206185567,0.2930591259640103,0.326530612244898,1
3851,1.0,0,1,0.2371134020618556,0.2321428571428571,0.7777777777777777,0.7250000000000001,0.0,0.1134020618556701,0.2365038560411311,0.1156462585034013,1
3852,0.8,0,1,0.1855670103092783,0.1249999999999999,0.7777777777777777,0.7066666666666668,0.1786941580756013,0.1958762886597938,0.1105398457583547,0.1904761904761905,1
3853,1.0,0,0,0.9072164948453608,0.6020408163265305,0.5555555555555556,0.5966666666666667,0.1958762886597938,0.2371134020618556,0.8174807197943446,0.4149659863945578,1
3854,1.0,1,0,0.8350515463917525,0.8035714285714285,0.7777777777777777,0.9300000000000002,0.845360824742268,0.5721649484536082,0.6683804627249358,0.5782312925170069,1
3855,0.0,0,1,0.2989690721649484,0.2091836734693877,0.3333333333333333,0.5233333333333334,0.0584192439862542,0.2371134020618556,0.2750642673521851,0.2244897959183673,1
3856,0.4,1,1,0.8556701030927835,0.645408163265306,0.7777777777777777,0.6900000000000002,0.3917525773195876,0.7628865979381443,0.4344473007712082,0.3877551020408163,1
3857,0.4,1,1,0.1030927835051546,0.1096938775510204,1.0,0.5083333333333333,0.1237113402061855,0.0773195876288659,0.1105398457583547,0.0408163265306122,1
3858,0.8,1,1,0.268041237113402,0.1326530612244897,0.3333333333333333,0.9583333333333336,0.2371134020618556,0.2061855670103092,0.1465295629820051,0.2244897959183673,1
3859,1.0,1,1,0.268041237113402,0.2704081632653061,0.2222222222222222,0.0983333333333333,0.1718213058419244,0.1701030927835051,0.1876606683804627,0.2040816326530612,0
3860,1.0,1,1,0.6494845360824741,0.6071428571428571,0.2222222222222222,0.2350000000000001,0.4845360824742268,0.4948453608247422,0.3856041131105398,0.3537414965986394,0
3861,0.8,1,0,0.8762886597938143,0.635204081632653,0.8888888888888888,0.8166666666666667,0.8591065292096219,0.4690721649484536,0.4652956298200514,0.5714285714285715,1
3862,0.2,0,1,0.5360824742268041,0.3392857142857143,0.1111111111111111,0.8683333333333334,0.3986254295532646,0.4484536082474226,0.5038560411311055,0.380952380952381,1
3863,0.4,0,0,0.8659793814432989,0.8418367346938774,0.7777777777777777,0.125,0.6735395189003436,0.5773195876288659,0.647814910025707,0.761904761904762,0
3864,0.6000000000000001,1,0,0.4639175257731959,0.2372448979591836,0.4444444444444445,0.4083333333333334,0.1786941580756013,0.3711340206185567,0.300771208226221,0.3605442176870748,0
3865,1.0,0,1,0.0927835051546391,0.0918367346938775,0.1111111111111111,0.985,0.0378006872852233,0.0103092783505154,0.0796915167095115,0.0612244897959183,1
3866,0.0,1,0,0.6391752577319587,0.3494897959183674,0.3333333333333333,0.31,0.1752577319587628,0.654639175257732,0.6066838046272495,0.2517006802721088,0
3867,0.0,1,0,0.422680412371134,0.2448979591836734,0.1111111111111111,0.6600000000000001,0.4261168384879725,0.1082474226804123,0.429305912596401,0.1428571428571428,1
3868,1.0,0,1,0.2783505154639175,0.2755102040816327,0.1111111111111111,0.6383333333333334,0.0584192439862542,0.2010309278350515,0.2339331619537275,0.2244897959183673,1
3869,1.0,0,0,0.9690721649484536,0.6836734693877551,0.3333333333333333,0.4900000000000001,0.8762886597938144,0.2371134020618556,0.6812339331619538,0.9047619047619048,1
3870,0.6000000000000001,0,1,0.0721649484536082,0.0561224489795918,1.0,0.3816666666666667,0.0309278350515463,0.0154639175257731,0.0745501285347043,0.0476190476190476,0
3871,1.0,0,0,0.8144329896907216,0.6632653061224489,0.1111111111111111,0.215,0.1237113402061855,0.4381443298969072,0.5629820051413882,0.4693877551020408,1
3872,0.0,0,1,0.8865979381443299,0.6301020408163265,0.1111111111111111,0.1666666666666667,0.3883161512027491,0.2061855670103092,0.5989717223650386,0.6394557823129252,0
3873,0.0,1,0,0.8865979381443299,0.4387755102040816,0.1111111111111111,0.9133333333333332,0.872852233676976,0.422680412371134,0.8046272493573265,0.3469387755102041,1
3874,0.2,0,0,0.6391752577319587,0.5408163265306122,0.2222222222222222,0.315,0.0549828178694158,0.2371134020618556,0.4447300771208226,0.6054421768707483,0
3875,0.4,1,0,0.2783505154639175,0.1607142857142857,0.4444444444444445,0.0433333333333333,0.2955326460481099,0.1134020618556701,0.1825192802056555,0.2312925170068027,0
3876,1.0,1,0,0.1443298969072164,0.1479591836734693,0.3333333333333333,0.605,0.134020618556701,0.0412371134020618,0.1568123393316195,0.0816326530612245,1
3877,0.2,0,0,0.1443298969072164,0.1224489795918367,0.8888888888888888,0.7150000000000001,0.0859106529209622,0.1030927835051546,0.1516709511568123,0.0612244897959183,1
3878,0.4,1,1,0.2989690721649484,0.2653061224489796,0.1111111111111111,0.1633333333333333,0.1065292096219931,0.1546391752577319,0.1825192802056555,0.1360544217687075,1
3879,0.4,0,1,0.556701030927835,0.4183673469387755,0.6666666666666665,0.9266666666666667,0.0137457044673539,0.5257731958762887,0.3701799485861182,0.3537414965986394,1
3880,0.6000000000000001,1,1,0.8144329896907216,0.4999999999999999,1.0,0.0783333333333333,0.7835051546391752,0.7422680412371134,0.7583547557840618,0.3741496598639456,0
3881,0.6000000000000001,0,0,0.9175257731958762,0.4846938775510204,0.5555555555555556,0.6600000000000001,0.9003436426116839,0.3969072164948453,0.7660668380462725,0.9047619047619048,1
3882,0.0,1,1,0.5463917525773195,0.4285714285714285,0.3333333333333333,0.0883333333333333,0.0137457044673539,0.0103092783505154,0.4318766066838046,0.3537414965986394,0
3883,0.2,1,1,0.979381443298969,0.8673469387755102,1.0,0.76,0.5395189003436426,0.9536082474226804,0.6812339331619538,0.9591836734693878,1
3884,0.8,1,0,0.2164948453608247,0.1301020408163265,0.7777777777777777,0.3166666666666667,0.2130584192439862,0.190721649484536,0.1336760925449871,0.1428571428571428,0
3885,0.2,0,1,0.556701030927835,0.4515306122448979,0.4444444444444445,0.385,0.2233676975945017,0.4639175257731958,0.5012853470437019,0.5714285714285715,0
3886,0.4,0,1,0.4432989690721649,0.4158163265306122,0.1111111111111111,0.6316666666666668,0.3539518900343642,0.1597938144329896,0.2930591259640103,0.3401360544217687,1
3887,0.2,1,1,0.0309278350515463,0.0382653061224489,0.3333333333333333,0.9616666666666668,0.0034364261168384,0.0103092783505154,0.0205655526992287,0.0408163265306122,1
3888,0.0,1,0,0.4123711340206186,0.2729591836734694,1.0,0.8616666666666668,0.2302405498281786,0.1237113402061855,0.2930591259640103,0.4149659863945578,1
3889,0.2,0,0,0.9175257731958762,0.586734693877551,0.8888888888888888,0.8200000000000001,0.0274914089347079,0.6494845360824743,0.8174807197943446,0.8435374149659864,1
3890,0.8,1,1,0.3092783505154639,0.3188775510204081,0.8888888888888888,0.6066666666666667,0.2164948453608247,0.1752577319587628,0.1876606683804627,0.1428571428571428,1
3891,0.8,1,1,0.6185567010309277,0.5357142857142857,0.7777777777777777,0.9700000000000002,0.4054982817869416,0.1804123711340206,0.3239074550128534,0.2789115646258503,1
3892,0.6000000000000001,0,1,0.2371134020618556,0.1887755102040816,0.4444444444444445,0.78,0.1546391752577319,0.0206185567010309,0.1979434447300771,0.1768707482993197,1
3893,0.0,1,0,0.9175257731958762,0.6836734693877551,0.5555555555555556,0.8116666666666668,0.8350515463917526,0.1494845360824742,0.8868894601542417,0.6462585034013606,1
3894,0.6000000000000001,1,1,0.0309278350515463,0.0153061224489795,0.5555555555555556,0.3966666666666667,0.0,0.0360824742268041,0.0308483290488431,0.0204081632653061,0
3895,0.8,0,0,0.6907216494845361,0.4515306122448979,0.3333333333333333,0.0783333333333333,0.563573883161512,0.479381443298969,0.4627249357326478,0.5918367346938775,0
3896,0.0,1,1,0.1649484536082474,0.1249999999999999,0.7777777777777777,0.0283333333333333,0.1683848797250859,0.0773195876288659,0.0951156812339331,0.0884353741496598,0
3897,0.0,1,1,0.3917525773195876,0.3622448979591837,0.0,0.6883333333333335,0.2130584192439862,0.2525773195876288,0.3059125964010282,0.3197278911564626,1
3898,0.2,0,0,0.3814432989690722,0.3061224489795918,0.4444444444444445,0.6383333333333334,0.0343642611683848,0.0360824742268041,0.2930591259640103,0.163265306122449,1
3899,0.4,0,1,0.8041237113402061,0.7091836734693877,0.8888888888888888,0.7750000000000001,0.8247422680412371,0.5412371134020618,0.4473007712082262,0.5578231292517007,1
3900,1.0,1,0,0.0721649484536082,0.0739795918367346,0.4444444444444445,0.8383333333333334,0.0549828178694158,0.0876288659793814,0.0514138817480719,0.054421768707483,1
3901,0.0,1,1,0.8247422680412371,0.7499999999999999,0.2222222222222222,0.175,0.134020618556701,0.0412371134020618,0.6066838046272495,0.3877551020408163,0
3902,1.0,1,0,0.2164948453608247,0.1173469387755102,0.1111111111111111,0.3816666666666667,0.2130584192439862,0.2010309278350515,0.2287917737789203,0.1360544217687075,0
3903,1.0,1,1,0.6907216494845361,0.4872448979591837,0.2222222222222222,0.8350000000000002,0.3470790378006873,0.4845360824742268,0.429305912596401,0.3741496598639456,1
3904,0.6000000000000001,0,0,0.8865979381443299,0.7755102040816326,0.5555555555555556,0.6783333333333335,0.5154639175257731,0.0051546391752577,0.8354755784061697,0.54421768707483,1
3905,0.2,1,0,0.2474226804123711,0.1760204081632652,0.3333333333333333,0.0816666666666666,0.2027491408934708,0.0721649484536082,0.2339331619537275,0.2040816326530612,0
3906,0.2,1,0,0.3608247422680412,0.2142857142857142,1.0,0.975,0.2130584192439862,0.1804123711340206,0.2724935732647814,0.1768707482993197,1
3907,0.4,1,1,0.6185567010309277,0.5994897959183673,0.1111111111111111,0.315,0.0996563573883161,0.3865979381443299,0.5398457583547558,0.2244897959183673,1
3908,0.6000000000000001,1,1,0.0824742268041237,0.058673469387755,0.2222222222222222,0.0683333333333333,0.0996563573883161,0.0876288659793814,0.0848329048843187,0.0748299319727891,0
3909,0.2,0,0,0.5979381443298969,0.5025510204081632,0.5555555555555556,0.5616666666666668,0.3711340206185567,0.2216494845360824,0.506426735218509,0.5850340136054423,1
3910,0.2,0,1,0.9175257731958762,0.7933673469387754,0.1111111111111111,0.0066666666666667,0.4845360824742268,0.8608247422680412,0.7686375321336761,0.653061224489796,1
3911,0.2,1,0,0.1546391752577319,0.1632653061224489,0.7777777777777777,0.395,0.1477663230240549,0.1494845360824742,0.0822622107969151,0.0748299319727891,0
3912,1.0,0,1,0.1546391752577319,0.1096938775510204,0.5555555555555556,0.3383333333333334,0.0309278350515463,0.1134020618556701,0.1156812339331619,0.0816326530612245,0
3913,0.2,1,0,0.7113402061855669,0.3571428571428571,0.5555555555555556,0.7000000000000002,0.1580756013745704,0.0257731958762886,0.6940874035989718,0.5714285714285715,1
3914,1.0,1,0,0.9484536082474226,0.9311224489795916,0.4444444444444445,0.3483333333333334,0.711340206185567,0.3814432989690721,0.5681233933161954,0.4285714285714286,0
3915,1.0,0,0,0.6185567010309277,0.4107142857142857,0.2222222222222222,0.1,0.0309278350515463,0.3711340206185567,0.5681233933161954,0.4285714285714286,0
3916,0.2,1,0,0.8350515463917525,0.8035714285714285,0.7777777777777777,0.8633333333333335,0.8041237113402062,0.3814432989690721,0.8200514138817482,0.5782312925170069,1
3917,0.2,1,1,0.8969072164948453,0.5331632653061223,0.3333333333333333,0.6933333333333334,0.1855670103092783,0.4742268041237113,0.6041131105398458,0.5374149659863946,1
3918,0.2,1,1,0.6494845360824741,0.3698979591836734,0.5555555555555556,0.1,0.120274914089347,0.1082474226804123,0.377892030848329,0.4965986394557823,0
3919,0.6000000000000001,1,1,0.8144329896907216,0.673469387755102,0.4444444444444445,0.9916666666666668,0.1752577319587628,0.5051546391752577,0.4318766066838046,0.6734693877551021,1
3920,0.4,0,0,0.4845360824742268,0.336734693877551,0.3333333333333333,0.0466666666666667,0.3608247422680412,0.4175257731958763,0.4627249357326478,0.2312925170068027,0
3921,0.8,1,0,0.9175257731958762,0.6709183673469387,0.0,0.8533333333333335,0.8006872852233676,0.61340206185567,0.8431876606683806,0.7074829931972789,1
3922,0.6000000000000001,1,1,0.9072164948453608,0.836734693877551,0.7777777777777777,0.26,0.8178694158075601,0.3608247422680412,0.660668380462725,0.4829931972789116,0
3923,0.8,1,1,0.1134020618556701,0.0918367346938775,0.7777777777777777,0.4433333333333333,0.0240549828178694,0.0103092783505154,0.0796915167095115,0.108843537414966,1
3924,0.2,0,0,0.6701030927835051,0.6301020408163265,1.0,0.4966666666666667,0.1821305841924398,0.6649484536082474,0.3419023136246786,0.4761904761904762,1
3925,1.0,0,0,0.3092783505154639,0.2295918367346938,0.2222222222222222,0.5933333333333335,0.2405498281786941,0.1649484536082474,0.3187660668380462,0.2857142857142857,1
3926,0.0,0,0,0.7525773195876289,0.7244897959183673,0.0,0.9916666666666668,0.0687285223367697,0.211340206185567,0.544987146529563,0.489795918367347,1
3927,0.6000000000000001,1,0,0.4845360824742268,0.3188775510204081,0.6666666666666665,0.5883333333333334,0.2508591065292096,0.0515463917525773,0.3264781491002571,0.489795918367347,1
3928,0.2,0,1,0.0515463917525773,0.0382653061224489,0.7777777777777777,0.5683333333333334,0.0721649484536082,0.0206185567010309,0.0334190231362467,0.0612244897959183,1
3929,0.4,1,0,0.6391752577319587,0.413265306122449,0.3333333333333333,0.4066666666666667,0.415807560137457,0.3247422680412371,0.3830334190231362,0.3673469387755102,0
3930,0.0,0,1,0.3814432989690722,0.3520408163265306,1.0,0.8516666666666668,0.1958762886597938,0.1855670103092783,0.2622107969151671,0.3605442176870748,1
3931,0.8,1,0,0.979381443298969,0.6785714285714285,0.4444444444444445,0.2666666666666667,0.3917525773195876,0.2010309278350515,0.7994858611825193,0.6326530612244898,0
3932,1.0,1,1,0.3505154639175258,0.3112244897959184,0.5555555555555556,0.8250000000000002,0.3642611683848797,0.1391752577319587,0.2776349614395886,0.326530612244898,1
3933,0.4,1,1,0.3298969072164948,0.2551020408163265,0.1111111111111111,0.7416666666666667,0.1683848797250859,0.2061855670103092,0.2493573264781491,0.2653061224489796,1
3934,0.0,0,0,0.9896907216494844,0.5051020408163265,0.7777777777777777,0.51,0.2130584192439862,0.0412371134020618,0.9511568123393316,0.5918367346938775,1
3935,0.2,0,0,0.5051546391752577,0.3545918367346938,0.2222222222222222,0.2516666666666667,0.2096219931271477,0.3917525773195876,0.2853470437017995,0.380952380952381,0
3936,0.8,1,1,0.5876288659793814,0.2933673469387755,0.3333333333333333,0.2983333333333333,0.3780068728522336,0.0618556701030927,0.3958868894601542,0.2653061224489796,0
3937,1.0,1,0,0.1030927835051546,0.0535714285714285,0.6666666666666665,0.325,0.0618556701030927,0.0927835051546391,0.0976863753213367,0.0884353741496598,0
3938,0.4,0,0,0.979381443298969,0.7627551020408162,0.6666666666666665,0.7816666666666667,0.8144329896907216,0.7010309278350515,0.6709511568123394,0.5102040816326531,1
3939,1.0,0,1,0.4639175257731959,0.2933673469387755,0.1111111111111111,0.5650000000000002,0.1237113402061855,0.0360824742268041,0.2339331619537275,0.3741496598639456,1
3940,1.0,1,0,0.4123711340206186,0.3112244897959184,0.8888888888888888,0.7050000000000001,0.0412371134020618,0.0154639175257731,0.3239074550128534,0.4149659863945578,1
3941,0.8,1,0,0.9381443298969072,0.6581632653061223,0.7777777777777777,0.5383333333333333,0.4020618556701031,0.5412371134020618,0.5347043701799487,0.7278911564625851,1
3942,0.6000000000000001,0,1,0.5257731958762886,0.5229591836734693,0.2222222222222222,0.3116666666666667,0.3333333333333333,0.1752577319587628,0.467866323907455,0.2857142857142857,0
3943,0.0,1,0,0.7628865979381443,0.760204081632653,0.0,0.7383333333333335,0.711340206185567,0.4484536082474226,0.7017994858611826,0.653061224489796,1
3944,0.4,1,0,0.6185567010309277,0.423469387755102,0.5555555555555556,0.7566666666666668,0.0790378006872852,0.2164948453608247,0.3856041131105398,0.5374149659863946,1
3945,0.0,1,0,0.8969072164948453,0.5433673469387754,0.4444444444444445,0.42,0.0790378006872852,0.5103092783505154,0.5244215938303343,0.8095238095238095,1
3946,0.8,0,1,0.7938144329896907,0.6887755102040816,0.4444444444444445,0.4333333333333333,0.7938144329896907,0.7422680412371134,0.724935732647815,0.7414965986394558,1
3947,0.2,1,1,0.3402061855670103,0.2678571428571428,0.6666666666666665,0.5533333333333335,0.2371134020618556,0.0773195876288659,0.2724935732647814,0.2857142857142857,1
3948,0.4,1,0,0.5257731958762886,0.4183673469387755,0.8888888888888888,0.065,0.1580756013745704,0.1701030927835051,0.300771208226221,0.2789115646258503,0
3949,0.4,0,0,0.1237113402061855,0.0714285714285714,0.1111111111111111,0.9683333333333336,0.127147766323024,0.0206185567010309,0.1208226221079691,0.0748299319727891,1
3950,0.2,0,1,0.9175257731958762,0.5943877551020408,1.0,0.3916666666666667,0.0962199312714776,0.9072164948453608,0.6709511568123394,0.3061224489795918,0
3951,0.8,0,0,0.4329896907216495,0.4311224489795918,0.1111111111111111,0.4383333333333333,0.140893470790378,0.190721649484536,0.3187660668380462,0.1972789115646258,1
3952,1.0,0,0,0.268041237113402,0.2015306122448979,0.6666666666666665,0.5250000000000001,0.2542955326460481,0.1701030927835051,0.1645244215938303,0.1836734693877551,1
3953,0.6000000000000001,0,0,0.1134020618556701,0.0765306122448979,0.3333333333333333,0.8250000000000002,0.0481099656357388,0.0412371134020618,0.1105398457583547,0.108843537414966,1
3954,0.8,1,0,0.845360824742268,0.7244897959183673,0.6666666666666665,0.9633333333333334,0.8041237113402062,0.4278350515463917,0.6066838046272495,0.5850340136054423,1
3955,1.0,1,1,0.5257731958762886,0.3494897959183674,0.2222222222222222,0.5550000000000002,0.4054982817869416,0.2319587628865979,0.3213367609254499,0.4149659863945578,1
3956,0.4,1,0,0.5979381443298969,0.3469387755102041,0.1111111111111111,0.3883333333333334,0.1030927835051546,0.4948453608247422,0.3676092544987147,0.2789115646258503,0
3957,0.4,0,1,0.1958762886597938,0.1658163265306122,0.5555555555555556,0.8250000000000002,0.2096219931271477,0.0979381443298969,0.1773778920308483,0.163265306122449,1
3958,0.0,0,0,0.422680412371134,0.2729591836734694,0.1111111111111111,0.1233333333333334,0.2439862542955326,0.3762886597938144,0.2313624678663239,0.3197278911564626,0
3959,0.8,0,1,0.7319587628865979,0.5765306122448979,0.5555555555555556,0.9133333333333332,0.2164948453608247,0.1494845360824742,0.724935732647815,0.2789115646258503,1
3960,0.4,1,0,0.5154639175257731,0.4056122448979591,0.5555555555555556,0.9833333333333334,0.3608247422680412,0.4948453608247422,0.3984575835475578,0.2653061224489796,1
3961,0.6000000000000001,1,0,0.4639175257731959,0.2423469387755102,0.6666666666666665,0.2400000000000001,0.281786941580756,0.0154639175257731,0.3958868894601542,0.2585034013605442,0
3962,0.8,1,0,0.7835051546391752,0.7193877551020408,0.1111111111111111,0.8383333333333334,0.5326460481099656,0.5824742268041236,0.5347043701799487,0.6666666666666667,1
3963,0.6000000000000001,1,1,0.0309278350515463,0.0408163265306122,0.8888888888888888,0.53,0.0,0.0309278350515463,0.0179948586118251,0.0272108843537415,1
3964,0.2,0,1,0.5979381443298969,0.510204081632653,0.6666666666666665,0.9083333333333334,0.1718213058419244,0.4020618556701031,0.6015424164524422,0.5918367346938775,1
3965,0.8,1,0,0.4742268041237113,0.2678571428571428,0.5555555555555556,0.8883333333333334,0.1030927835051546,0.2061855670103092,0.4138817480719794,0.4829931972789116,1
3966,0.6000000000000001,1,1,0.8969072164948453,0.4846938775510204,0.5555555555555556,0.7783333333333333,0.4123711340206185,0.1134020618556701,0.6272493573264782,0.5238095238095238,1
3967,0.2,1,1,0.1649484536082474,0.0943877551020408,0.7777777777777777,0.7450000000000001,0.0240549828178694,0.0103092783505154,0.1105398457583547,0.0612244897959183,1
3968,0.4,1,0,0.288659793814433,0.1709183673469387,0.1111111111111111,0.4800000000000001,0.1821305841924398,0.1752577319587628,0.2982005141388175,0.2312925170068027,1
3969,0.8,0,0,0.7731958762886597,0.6173469387755102,1.0,0.4700000000000001,0.3367697594501718,0.3402061855670103,0.7403598971722366,0.4421768707482993,1
3970,0.2,0,0,0.8350515463917525,0.5127551020408163,0.6666666666666665,0.08,0.1924398625429553,0.6443298969072164,0.7403598971722366,0.3197278911564626,0
3971,0.8,0,0,0.4123711340206186,0.2321428571428571,0.1111111111111111,0.7100000000000002,0.3436426116838488,0.4175257731958763,0.4061696658097686,0.3741496598639456,1
3972,0.8,1,1,0.8041237113402061,0.7882653061224489,0.2222222222222222,0.3033333333333333,0.6804123711340206,0.5927835051546392,0.5629820051413882,0.3877551020408163,0
3973,0.4,1,1,0.9484536082474226,0.7576530612244897,0.7777777777777777,0.4416666666666667,0.0412371134020618,0.2010309278350515,0.7172236503856042,0.6122448979591837,1
3974,0.2,1,0,0.0618556701030927,0.0535714285714285,0.7777777777777777,0.9533333333333334,0.0824742268041237,0.0618556701030927,0.0411311053984575,0.0612244897959183,1
3975,0.0,1,1,0.0309278350515463,0.0255102040816326,0.1111111111111111,0.875,0.0206185567010309,0.0,0.0385604113110539,0.0136054421768707,1
3976,0.4,1,1,0.6082474226804123,0.5612244897959183,0.3333333333333333,0.6566666666666667,0.5567010309278351,0.5618556701030928,0.5809768637532134,0.489795918367347,1
3977,0.6000000000000001,1,1,0.8556701030927835,0.7780612244897959,1.0,0.2466666666666667,0.7903780068728522,0.0721649484536082,0.5809768637532134,0.5374149659863946,0
3978,1.0,1,1,0.7628865979381443,0.4515306122448979,0.5555555555555556,0.2533333333333334,0.2714776632302405,0.2216494845360824,0.6041131105398458,0.3197278911564626,0
3979,0.6000000000000001,0,0,0.8762886597938143,0.4489795918367347,0.5555555555555556,0.995,0.563573883161512,0.1804123711340206,0.8046272493573265,0.8503401360544218,1
3980,0.8,0,0,0.9484536082474226,0.5076530612244897,0.4444444444444445,0.8383333333333334,0.852233676975945,0.0515463917525773,0.8766066838046274,0.326530612244898,1
3981,0.2,0,1,0.0206185567010309,0.0153061224489795,0.3333333333333333,0.8800000000000001,0.0206185567010309,0.0257731958762886,0.0308483290488431,0.0204081632653061,1
3982,0.0,1,0,0.2577319587628866,0.183673469387755,0.2222222222222222,0.8866666666666667,0.2646048109965636,0.0618556701030927,0.2493573264781491,0.1700680272108843,1
3983,0.2,0,1,0.2164948453608247,0.1326530612244897,0.2222222222222222,0.935,0.0549828178694158,0.0618556701030927,0.1131105398457583,0.1156462585034013,1
3984,0.0,1,0,0.7525773195876289,0.3979591836734694,0.0,0.3916666666666667,0.6013745704467354,0.2938144329896907,0.5989717223650386,0.3061224489795918,0
3985,0.8,0,1,0.7113402061855669,0.4872448979591837,0.7777777777777777,0.1050000000000001,0.6151202749140894,0.134020618556701,0.5732647814910027,0.272108843537415,0
3986,0.2,0,1,0.8865979381443299,0.721938775510204,0.3333333333333333,0.5516666666666667,0.3780068728522336,0.6804123711340206,0.634961439588689,0.5238095238095238,1
3987,0.4,0,0,0.845360824742268,0.520408163265306,0.2222222222222222,0.3550000000000001,0.0171821305841924,0.845360824742268,0.4755784061696658,0.5374149659863946,0
3988,0.0,1,1,0.4639175257731959,0.4056122448979591,0.7777777777777777,0.0283333333333333,0.436426116838488,0.0206185567010309,0.2339331619537275,0.1700680272108843,0
3989,0.2,1,0,0.6907216494845361,0.4897959183673469,0.0,0.8483333333333334,0.2096219931271477,0.5463917525773195,0.5809768637532134,0.6326530612244898,1
3990,0.6000000000000001,0,0,0.2268041237113401,0.2015306122448979,0.4444444444444445,0.385,0.2336769759450171,0.0979381443298969,0.1388174807197943,0.1360544217687075,0
3991,0.2,0,1,0.1443298969072164,0.1147959183673469,0.6666666666666665,0.4066666666666667,0.0756013745704467,0.0103092783505154,0.1516709511568123,0.0816326530612245,0
3992,0.0,1,0,0.3402061855670103,0.1913265306122449,0.6666666666666665,0.1099999999999999,0.2199312714776632,0.1546391752577319,0.3444730077120823,0.3333333333333333,0
3993,0.0,0,0,0.3608247422680412,0.3163265306122449,0.6666666666666665,0.8283333333333334,0.0446735395189003,0.056701030927835,0.3084832904884318,0.2517006802721088,1
3994,0.2,0,0,0.3092783505154639,0.298469387755102,0.7777777777777777,0.4950000000000001,0.2336769759450171,0.0979381443298969,0.1902313624678663,0.1496598639455782,1
3995,0.4,0,1,0.7010309278350515,0.5663265306122448,0.5555555555555556,0.5533333333333335,0.4295532646048109,0.2371134020618556,0.5167095115681235,0.3333333333333333,1
3996,1.0,0,0,0.9381443298969072,0.7142857142857142,0.5555555555555556,0.7350000000000001,0.2611683848797251,0.6649484536082474,0.8251928020565553,0.3537414965986394,1
3997,0.0,0,0,0.0,0.0127551020408163,1.0,0.0516666666666667,0.0103092783505154,0.0,0.0051413881748071,0.0068027210884353,0
3998,0.8,1,0,0.6907216494845361,0.413265306122449,0.3333333333333333,0.21,0.134020618556701,0.268041237113402,0.4627249357326478,0.6122448979591837,0
3999,0.6000000000000001,0,0,0.9072164948453608,0.6683673469387754,0.3333333333333333,0.3883333333333334,0.5876288659793815,0.6391752577319587,0.7069408740359898,0.4081632653061224,0
4000,0.2,0,0,0.6907216494845361,0.5714285714285714,0.7777777777777777,0.1566666666666667,0.1305841924398625,0.2216494845360824,0.6966580976863754,0.5918367346938775,0
4001,0.0,1,0,0.7525773195876289,0.6326530612244897,0.6666666666666665,0.9616666666666668,0.7216494845360825,0.5876288659793815,0.4267352185089974,0.7278911564625851,1
4002,1.0,0,0,0.9278350515463916,0.7066326530612245,0.3333333333333333,0.3783333333333334,0.6426116838487972,0.3969072164948453,0.6195372750642674,0.435374149659864,0
4003,0.2,1,0,0.4536082474226804,0.3163265306122449,0.3333333333333333,0.28,0.3573883161512027,0.0,0.365038560411311,0.2653061224489796,0
4004,0.8,1,1,0.4948453608247422,0.4923469387755102,0.8888888888888888,0.5183333333333333,0.4604810996563573,0.2268041237113402,0.3624678663239074,0.3129251700680272,1
4005,0.4,1,0,0.4432989690721649,0.4311224489795918,0.2222222222222222,0.8866666666666667,0.0927835051546391,0.4381443298969072,0.2724935732647814,0.4557823129251701,1
4006,0.0,1,0,0.7938144329896907,0.5714285714285714,0.8888888888888888,0.3466666666666667,0.2268041237113402,0.3608247422680412,0.8046272493573265,0.6054421768707483,0
4007,1.0,0,0,0.5051546391752577,0.336734693877551,1.0,0.9000000000000001,0.0481099656357388,0.2731958762886597,0.3701799485861182,0.3061224489795918,1
4008,0.8,1,0,0.3608247422680412,0.1862244897959183,0.6666666666666665,0.8233333333333335,0.3264604810996563,0.3762886597938144,0.3033419023136247,0.3061224489795918,1
4009,0.2,0,0,0.5257731958762886,0.4464285714285714,0.5555555555555556,0.9816666666666668,0.5257731958762887,0.0257731958762886,0.3753213367609254,0.4625850340136054,1
4010,0.8,0,0,0.0,0.0051020408163265,0.7777777777777777,0.7750000000000001,0.0206185567010309,0.0051546391752577,0.0077120822622107,0.0068027210884353,1
4011,0.6000000000000001,1,1,0.9072164948453608,0.4668367346938775,0.7777777777777777,0.3633333333333334,0.6323024054982818,0.9072164948453608,0.7352185089974294,0.7006802721088435,0
4012,0.6000000000000001,0,0,0.6907216494845361,0.4285714285714285,0.1111111111111111,0.6566666666666667,0.1443298969072164,0.3144329896907216,0.686375321336761,0.4081632653061224,1
4013,0.4,0,0,0.0515463917525773,0.0510204081632653,0.3333333333333333,0.605,0.0240549828178694,0.0257731958762886,0.0642673521850899,0.0680272108843537,1
4014,0.0,1,0,0.2371134020618556,0.2193877551020407,0.0,0.6033333333333335,0.1374570446735395,0.1082474226804123,0.2416452442159383,0.2040816326530612,1
4015,0.0,0,0,0.4536082474226804,0.3596938775510204,0.6666666666666665,0.5700000000000001,0.3470790378006873,0.4484536082474226,0.2776349614395886,0.326530612244898,1
4016,0.8,1,0,0.0824742268041237,0.0918367346938775,0.4444444444444445,0.6683333333333334,0.0756013745704467,0.0515463917525773,0.0951156812339331,0.0612244897959183,1
4017,0.8,0,1,0.9278350515463916,0.760204081632653,0.2222222222222222,0.5533333333333335,0.8144329896907216,0.3402061855670103,0.8714652956298201,0.4217687074829932,1
4018,0.6000000000000001,1,1,0.2061855670103092,0.1045918367346938,0.0,0.935,0.0446735395189003,0.134020618556701,0.1079691516709511,0.1564625850340136,1
4019,0.8,1,1,0.979381443298969,0.8418367346938774,0.5555555555555556,0.8066666666666666,0.5017182130584192,0.8144329896907216,0.9665809768637532,0.4421768707482993,1
4020,0.0,1,1,0.5463917525773195,0.4566326530612244,0.1111111111111111,0.0533333333333333,0.2783505154639175,0.2061855670103092,0.4138817480719794,0.380952380952381,1
4021,0.8,0,1,0.1134020618556701,0.0790816326530612,0.0,0.7716666666666667,0.1305841924398625,0.0103092783505154,0.1233933161953727,0.0952380952380952,1
4022,0.2,0,1,0.7938144329896907,0.4795918367346938,0.0,0.4883333333333334,0.7147766323024055,0.6288659793814433,0.6632390745501286,0.5306122448979592,1
4023,0.4,0,0,0.422680412371134,0.2168367346938775,0.2222222222222222,0.3533333333333334,0.2474226804123711,0.3350515463917525,0.4267352185089974,0.1836734693877551,0
4024,0.0,0,0,0.3711340206185567,0.3316326530612244,0.2222222222222222,0.5916666666666668,0.3298969072164948,0.0,0.2133676092544987,0.1768707482993197,1
4025,0.6000000000000001,0,0,0.8762886597938143,0.6224489795918366,0.3333333333333333,0.1149999999999999,0.1374570446735395,0.0412371134020618,0.7917737789203085,0.326530612244898,0
4026,0.6000000000000001,1,0,0.1134020618556701,0.0714285714285714,0.6666666666666665,0.08,0.0515463917525773,0.0309278350515463,0.0925449871465295,0.0408163265306122,0
4027,0.2,0,1,0.6804123711340205,0.4209183673469387,0.4444444444444445,0.7266666666666668,0.0687285223367697,0.134020618556701,0.6041131105398458,0.380952380952381,1
4028,0.2,0,0,0.9175257731958762,0.6045918367346939,1.0,0.0883333333333333,0.8625429553264604,0.4742268041237113,0.6632390745501286,0.7414965986394558,0
4029,0.0,1,0,0.288659793814433,0.2806122448979591,0.7777777777777777,0.2966666666666667,0.1924398625429553,0.1030927835051546,0.2442159383033419,0.1360544217687075,0
4030,0.0,0,1,0.1030927835051546,0.0688775510204081,0.1111111111111111,0.8783333333333334,0.1099656357388316,0.0309278350515463,0.0514138817480719,0.1020408163265306,1
4031,0.2,0,1,0.4948453608247422,0.423469387755102,0.5555555555555556,0.3616666666666667,0.0756013745704467,0.0773195876288659,0.390745501285347,0.3673469387755102,0
4032,1.0,1,1,0.979381443298969,0.6224489795918366,0.8888888888888888,0.5800000000000001,0.5189003436426116,0.0309278350515463,0.6401028277634963,0.4625850340136054,1
4033,0.4,0,1,0.7010309278350515,0.5994897959183673,0.4444444444444445,0.6483333333333334,0.2886597938144329,0.2783505154639175,0.3958868894601542,0.5306122448979592,1
4034,0.2,1,0,0.4020618556701031,0.2244897959183673,1.0,0.4166666666666667,0.3402061855670103,0.268041237113402,0.2699228791773779,0.326530612244898,1
4035,0.0,1,1,0.5257731958762886,0.3214285714285714,1.0,0.8766666666666667,0.5326460481099656,0.3505154639175257,0.300771208226221,0.3537414965986394,1
4036,0.2,0,0,0.7319587628865979,0.4821428571428571,0.6666666666666665,0.4983333333333334,0.6323024054982818,0.2783505154639175,0.4010282776349614,0.2517006802721088,1
4037,0.2,1,0,0.6494845360824741,0.4642857142857143,0.7777777777777777,0.8583333333333334,0.2164948453608247,0.5154639175257731,0.3367609254498714,0.272108843537415,1
4038,0.8,1,1,0.0412371134020618,0.0280612244897959,0.1111111111111111,0.7683333333333333,0.0274914089347079,0.0257731958762886,0.0462724935732647,0.0204081632653061,1
4039,0.6000000000000001,0,1,0.5154639175257731,0.375,1.0,0.22,0.2371134020618556,0.2577319587628865,0.3933161953727506,0.3469387755102041,0
4040,0.8,0,1,0.268041237113402,0.2270408163265306,0.8888888888888888,0.2366666666666667,0.1993127147766323,0.2474226804123711,0.2082262210796915,0.0884353741496598,0
4041,0.2,1,1,0.7835051546391752,0.586734693877551,0.2222222222222222,0.5333333333333334,0.120274914089347,0.1082474226804123,0.5629820051413882,0.5170068027210885,1
4042,0.4,1,0,0.288659793814433,0.1581632653061224,0.1111111111111111,0.2933333333333333,0.2714776632302405,0.0154639175257731,0.2339331619537275,0.1020408163265306,0
4043,0.8,1,0,0.9381443298969072,0.8826530612244897,0.2222222222222222,0.895,0.9415807560137456,0.0412371134020618,0.5424164524421594,0.5782312925170069,1
4044,0.6000000000000001,0,1,0.5051546391752577,0.4515306122448979,0.2222222222222222,0.3500000000000001,0.4604810996563573,0.3402061855670103,0.4344473007712082,0.5170068027210885,0
4045,0.8,0,1,0.422680412371134,0.4030612244897959,0.8888888888888888,0.915,0.1305841924398625,0.3402061855670103,0.4318766066838046,0.435374149659864,1
4046,0.6000000000000001,1,0,0.0927835051546391,0.0459183673469387,0.3333333333333333,0.7283333333333335,0.0996563573883161,0.1030927835051546,0.0565552699228791,0.0612244897959183,1
4047,0.4,1,0,0.6494845360824741,0.4056122448979591,0.4444444444444445,0.8483333333333334,0.4810996563573883,0.2422680412371134,0.3316195372750642,0.5850340136054423,1
4048,0.6000000000000001,0,0,0.6391752577319587,0.5790816326530611,0.3333333333333333,0.3666666666666667,0.415807560137457,0.5876288659793815,0.403598971722365,0.2585034013605442,0
4049,0.4,0,0,0.7422680412371133,0.5663265306122448,0.7777777777777777,0.8900000000000001,0.2199312714776632,0.6494845360824743,0.3958868894601542,0.4081632653061224,1
4050,0.8,1,0,0.8762886597938143,0.8112244897959183,0.3333333333333333,0.1616666666666667,0.3058419243986254,0.8762886597938144,0.8843187660668381,0.326530612244898,0
4051,0.0,0,0,0.9278350515463916,0.6224489795918366,0.6666666666666665,0.2300000000000001,0.1649484536082474,0.8247422680412371,0.5218508997429306,0.7278911564625851,0
4052,0.2,1,1,0.6185567010309277,0.4948979591836734,0.8888888888888888,0.8666666666666667,0.3848797250859106,0.1752577319587628,0.3933161953727506,0.3197278911564626,1
4053,0.2,0,0,0.1030927835051546,0.1096938775510204,1.0,0.0383333333333333,0.0687285223367697,0.0876288659793814,0.0591259640102827,0.0952380952380952,0
4054,0.2,0,1,0.7010309278350515,0.510204081632653,0.6666666666666665,0.895,0.2646048109965636,0.1134020618556701,0.4987146529562982,0.3741496598639456,1
4055,1.0,1,1,0.3711340206185567,0.2499999999999999,0.0,0.4516666666666667,0.2542955326460481,0.3402061855670103,0.3161953727506427,0.2244897959183673,1
4056,0.0,1,0,0.4845360824742268,0.4081632653061224,0.6666666666666665,0.2983333333333333,0.0549828178694158,0.3298969072164948,0.4704370179948586,0.1836734693877551,0
4057,0.4,1,1,0.7835051546391752,0.5561224489795917,0.2222222222222222,0.3883333333333334,0.40893470790378,0.1288659793814432,0.4884318766066838,0.7346938775510204,0
4058,0.2,0,1,0.7422680412371133,0.4311224489795918,0.3333333333333333,0.9983333333333336,0.5670103092783505,0.4484536082474226,0.4215938303341902,0.3333333333333333,1
4059,0.2,0,0,0.7010309278350515,0.6709183673469387,0.7777777777777777,0.2666666666666667,0.70446735395189,0.1701030927835051,0.7043701799485862,0.3129251700680272,0
4060,0.2,0,0,0.4845360824742268,0.3112244897959184,0.0,0.56,0.4879725085910653,0.3298969072164948,0.3496143958868895,0.3401360544217687,1
4061,0.6000000000000001,0,0,0.5773195876288659,0.5178571428571428,1.0,0.2233333333333333,0.2886597938144329,0.1391752577319587,0.5732647814910027,0.4761904761904762,0
4062,1.0,0,0,0.1855670103092783,0.1683673469387755,0.8888888888888888,0.3600000000000001,0.1580756013745704,0.1752577319587628,0.1593830334190231,0.108843537414966,0
4063,0.8,1,0,0.8350515463917525,0.6198979591836734,0.0,0.1366666666666667,0.0481099656357388,0.0618556701030927,0.4215938303341902,0.4489795918367347,0
4064,0.0,1,1,0.0824742268041237,0.0637755102040816,0.5555555555555556,0.5266666666666668,0.0240549828178694,0.0360824742268041,0.0925449871465295,0.0476190476190476,1
4065,0.6000000000000001,1,0,0.5463917525773195,0.288265306122449,0.2222222222222222,0.7416666666666667,0.3230240549828179,0.4123711340206185,0.3213367609254499,0.3673469387755102,1
4066,1.0,1,0,0.1237113402061855,0.0790816326530612,0.2222222222222222,0.6616666666666668,0.0687285223367697,0.0257731958762886,0.1105398457583547,0.108843537414966,1
4067,0.8,1,0,0.3608247422680412,0.3061224489795918,0.2222222222222222,0.1066666666666666,0.2027491408934708,0.2164948453608247,0.3444730077120823,0.2993197278911564,0
4068,0.4,0,1,0.1958762886597938,0.1683673469387755,0.0,0.4433333333333333,0.0240549828178694,0.0773195876288659,0.2005141388174807,0.0680272108843537,1
4069,0.8,0,0,0.6185567010309277,0.5510204081632653,0.5555555555555556,0.27,0.3230240549828179,0.1030927835051546,0.4190231362467866,0.5646258503401361,0
4070,0.0,0,0,0.9381443298969072,0.8061224489795917,0.0,0.0516666666666667,0.2439862542955326,0.5773195876288659,0.6015424164524422,0.54421768707483,1
4071,0.6000000000000001,0,1,0.5051546391752577,0.2551020408163265,0.5555555555555556,0.8983333333333334,0.4604810996563573,0.2783505154639175,0.2673521850899742,0.5102040816326531,1
4072,0.0,1,1,0.7010309278350515,0.3494897959183674,0.1111111111111111,0.6700000000000002,0.3092783505154639,0.1597938144329896,0.5424164524421594,0.5170068027210885,1
4073,0.6000000000000001,1,1,0.5257731958762886,0.4489795918367347,0.0,0.4666666666666667,0.3505154639175257,0.3298969072164948,0.2904884318766066,0.2448979591836735,1
4074,0.6000000000000001,1,0,0.0721649484536082,0.0637755102040816,0.4444444444444445,0.4333333333333333,0.0927835051546391,0.0154639175257731,0.0411311053984575,0.0884353741496598,1
4075,0.8,0,1,0.9484536082474226,0.6479591836734693,0.6666666666666665,0.9083333333333334,0.9381443298969072,0.211340206185567,0.673521850899743,0.8299319727891157,1
4076,0.8,0,1,0.2474226804123711,0.2091836734693877,0.1111111111111111,0.1533333333333333,0.1890034364261168,0.0051546391752577,0.2185089974293059,0.1972789115646258,1
4077,0.4,1,0,0.134020618556701,0.1173469387755102,0.7777777777777777,0.145,0.0,0.1237113402061855,0.0874035989717223,0.0884353741496598,0
4078,0.2,1,1,0.1649484536082474,0.1530612244897959,0.5555555555555556,0.7483333333333335,0.1443298969072164,0.0103092783505154,0.0899742930591259,0.1836734693877551,1
4079,0.6000000000000001,1,1,0.7835051546391752,0.5025510204081632,0.6666666666666665,0.7116666666666667,0.1580756013745704,0.3711340206185567,0.4370179948586118,0.5850340136054423,1
4080,0.6000000000000001,1,1,0.1958762886597938,0.1811224489795918,0.6666666666666665,0.5933333333333335,0.1924398625429553,0.0206185567010309,0.1259640102827763,0.1904761904761905,1
4081,0.0,0,1,0.8350515463917525,0.4387755102040816,1.0,0.5716666666666668,0.852233676975945,0.4587628865979381,0.4755784061696658,0.3469387755102041,1
4082,0.4,0,1,0.4329896907216495,0.4209183673469387,0.1111111111111111,0.0116666666666667,0.4398625429553264,0.3711340206185567,0.2416452442159383,0.3945578231292517,1
4083,0.4,0,0,0.2164948453608247,0.1198979591836734,0.7777777777777777,0.4800000000000001,0.0687285223367697,0.1804123711340206,0.1722365038560411,0.1020408163265306,1
4084,0.6000000000000001,1,1,0.7731958762886597,0.5612244897959183,1.0,0.9916666666666668,0.7628865979381443,0.6855670103092784,0.6066838046272495,0.6190476190476191,1
4085,0.0,0,1,0.9381443298969072,0.7423469387755102,0.4444444444444445,0.085,0.831615120274914,0.3505154639175257,0.9125964010282775,0.4149659863945578,0
4086,1.0,0,0,0.5876288659793814,0.4107142857142857,0.5555555555555556,0.985,0.3505154639175257,0.5360824742268041,0.4961439588688945,0.3197278911564626,1
4087,1.0,0,1,0.1752577319587628,0.1173469387755102,0.1111111111111111,0.2366666666666667,0.1099656357388316,0.1082474226804123,0.1413881748071979,0.0612244897959183,0
4088,0.0,0,0,0.6907216494845361,0.4897959183673469,1.0,0.6433333333333333,0.0790378006872852,0.4484536082474226,0.4138817480719794,0.4217687074829932,1
4089,0.8,1,1,0.1958762886597938,0.2015306122448979,1.0,0.22,0.2061855670103092,0.0463917525773195,0.1362467866323907,0.0680272108843537,0
4090,0.0,0,0,0.8247422680412371,0.5255102040816326,0.6666666666666665,0.7766666666666668,0.1512027491408934,0.634020618556701,0.4652956298200514,0.8231292517006803,1
4091,0.8,0,0,0.7731958762886597,0.4311224489795918,0.2222222222222222,0.435,0.2061855670103092,0.2577319587628865,0.3881748071979434,0.4625850340136054,1
4092,1.0,0,0,0.7731958762886597,0.4770408163265306,0.0,0.3983333333333334,0.1374570446735395,0.7474226804123711,0.7455012853470437,0.2789115646258503,0
4093,0.2,1,0,0.0515463917525773,0.0280612244897959,0.2222222222222222,0.7650000000000001,0.0343642611683848,0.0257731958762886,0.0591259640102827,0.0476190476190476,1
4094,1.0,1,0,0.7113402061855669,0.4566326530612244,0.3333333333333333,0.75,0.7216494845360825,0.4072164948453608,0.5269922879177379,0.3605442176870748,1
4095,0.4,1,0,0.3814432989690722,0.3392857142857143,0.4444444444444445,0.1216666666666667,0.3986254295532646,0.0515463917525773,0.2082262210796915,0.2448979591836735,0
4096,0.2,0,1,0.5154639175257731,0.5153061224489796,0.4444444444444445,0.1783333333333333,0.0378006872852233,0.1752577319587628,0.4601542416452442,0.2585034013605442,0
4097,0.8,0,0,0.5463917525773195,0.5076530612244897,0.6666666666666665,0.5183333333333333,0.4707903780068728,0.2938144329896907,0.3804627249357326,0.489795918367347,1
4098,0.6000000000000001,1,0,0.2474226804123711,0.1530612244897959,0.4444444444444445,0.8050000000000002,0.2233676975945017,0.1237113402061855,0.1593830334190231,0.1768707482993197,1
4099,0.0,0,1,0.7319587628865979,0.6045918367346939,0.8888888888888888,0.585,0.570446735395189,0.0051546391752577,0.4961439588688945,0.3061224489795918,1
4100,0.6000000000000001,1,0,0.8762886597938143,0.7857142857142856,0.7777777777777777,0.7666666666666668,0.0137457044673539,0.0927835051546391,0.4884318766066838,0.326530612244898,0
4101,0.6000000000000001,1,0,0.9072164948453608,0.5714285714285714,0.7777777777777777,0.8216666666666668,0.4020618556701031,0.5567010309278351,0.8920308483290489,0.4761904761904762,1
4102,0.8,1,0,0.0206185567010309,0.0127551020408163,0.7777777777777777,0.6416666666666668,0.0171821305841924,0.0154639175257731,0.0257069408740359,0.0408163265306122,1
4103,0.4,0,1,0.3195876288659794,0.2653061224489796,0.3333333333333333,0.8433333333333335,0.1958762886597938,0.0309278350515463,0.2879177377892031,0.3333333333333333,1
4104,0.2,0,0,0.6288659793814433,0.4464285714285714,0.5555555555555556,0.7833333333333334,0.2061855670103092,0.1546391752577319,0.429305912596401,0.217687074829932,1
4105,0.0,0,0,0.7010309278350515,0.5943877551020408,0.6666666666666665,0.605,0.4742268041237113,0.4690721649484536,0.5398457583547558,0.489795918367347,1
4106,0.4,1,1,0.1958762886597938,0.1989795918367346,0.1111111111111111,0.4866666666666667,0.0687285223367697,0.1288659793814432,0.1953727506426735,0.1836734693877551,1
4107,0.6000000000000001,0,0,0.7628865979381443,0.6632653061224489,0.8888888888888888,0.4666666666666667,0.6563573883161512,0.7525773195876289,0.647814910025707,0.3469387755102041,1
4108,0.2,1,0,0.8247422680412371,0.4387755102040816,0.1111111111111111,0.5150000000000001,0.1546391752577319,0.2886597938144329,0.6118251928020566,0.5238095238095238,1
4109,0.6000000000000001,0,1,0.9278350515463916,0.5841836734693877,0.3333333333333333,0.1333333333333334,0.4501718213058419,0.7989690721649484,0.4781491002570694,0.4149659863945578,0
4110,0.6000000000000001,1,0,0.3711340206185567,0.3010204081632653,1.0,0.1066666666666666,0.140893470790378,0.2628865979381443,0.2904884318766066,0.2040816326530612,0
4111,0.2,1,0,0.3092783505154639,0.2193877551020407,0.5555555555555556,0.9433333333333334,0.1752577319587628,0.0360824742268041,0.2467866323907455,0.163265306122449,1
4112,0.8,0,0,0.979381443298969,0.8010204081632653,0.4444444444444445,0.07,0.0240549828178694,0.0051546391752577,0.93573264781491,0.8163265306122449,0
4113,1.0,1,0,0.4639175257731959,0.3596938775510204,0.7777777777777777,0.9733333333333334,0.3402061855670103,0.2268041237113402,0.2313624678663239,0.2585034013605442,1
4114,0.8,1,1,0.3711340206185567,0.3112244897959184,0.8888888888888888,0.9316666666666668,0.134020618556701,0.2371134020618556,0.2030848329048843,0.1836734693877551,1
4115,0.8,1,0,0.0206185567010309,0.0178571428571428,1.0,0.6533333333333333,0.0171821305841924,0.0206185567010309,0.0334190231362467,0.0136054421768707,1
4116,0.8,0,1,0.3092783505154639,0.1658163265306122,0.7777777777777777,0.625,0.274914089347079,0.0979381443298969,0.1670951156812339,0.272108843537415,1
4117,1.0,1,1,0.3814432989690722,0.3163265306122449,0.3333333333333333,0.9766666666666668,0.120274914089347,0.2989690721649484,0.3753213367609254,0.3673469387755102,1
4118,0.2,1,1,0.3402061855670103,0.3265306122448979,0.4444444444444445,0.295,0.1099656357388316,0.3195876288659793,0.1850899742930591,0.2108843537414966,0
4119,0.4,1,0,0.2061855670103092,0.2040816326530612,0.2222222222222222,0.4933333333333334,0.1615120274914089,0.1546391752577319,0.2107969151670951,0.1224489795918367,1
4120,0.8,0,0,0.6391752577319587,0.4948979591836734,1.0,0.1666666666666667,0.0790378006872852,0.3144329896907216,0.5089974293059126,0.4217687074829932,0
4121,0.6000000000000001,1,0,0.9175257731958762,0.4999999999999999,0.0,0.685,0.0756013745704467,0.922680412371134,0.6169665809768639,0.8843537414965987,1
4122,0.0,0,1,0.3195876288659794,0.2193877551020407,0.0,0.1966666666666666,0.1443298969072164,0.3092783505154639,0.2313624678663239,0.2517006802721088,0
4123,0.6000000000000001,1,0,0.7835051546391752,0.548469387755102,0.3333333333333333,0.3616666666666667,0.2646048109965636,0.2628865979381443,0.493573264781491,0.6190476190476191,0
4124,0.0,0,1,0.6185567010309277,0.4056122448979591,0.2222222222222222,0.3466666666666667,0.1924398625429553,0.2938144329896907,0.544987146529563,0.2448979591836735,0
4125,0.6000000000000001,0,1,0.7010309278350515,0.6581632653061223,0.8888888888888888,0.6483333333333334,0.5910652920962199,0.2938144329896907,0.519280205655527,0.4013605442176871,1
4126,0.0,1,0,0.9278350515463916,0.711734693877551,0.5555555555555556,0.2583333333333334,0.6597938144329897,0.3298969072164948,0.8843187660668381,0.4013605442176871,0
4127,1.0,0,1,0.7525773195876289,0.5229591836734693,0.2222222222222222,0.5283333333333333,0.0034364261168384,0.7319587628865979,0.4884318766066838,0.5578231292517007,1
4128,0.4,1,0,0.5257731958762886,0.3290816326530612,0.4444444444444445,0.3333333333333333,0.1615120274914089,0.5051546391752577,0.5167095115681235,0.1972789115646258,0
4129,1.0,0,1,0.6804123711340205,0.5739795918367346,0.6666666666666665,0.1366666666666667,0.6048109965635738,0.0360824742268041,0.5501285347043703,0.3945578231292517,0
4130,0.2,0,0,0.7938144329896907,0.5229591836734693,0.8888888888888888,0.3966666666666667,0.3436426116838488,0.5,0.7609254498714654,0.7210884353741497,0
4131,0.0,0,1,0.6185567010309277,0.3724489795918367,0.3333333333333333,0.925,0.0,0.3711340206185567,0.3573264781491002,0.5578231292517007,1
4132,0.2,1,0,0.0824742268041237,0.0688775510204081,0.8888888888888888,0.5233333333333334,0.0618556701030927,0.0876288659793814,0.0874035989717223,0.0476190476190476,1
4133,0.4,1,1,0.7835051546391752,0.6403061224489796,0.4444444444444445,0.3550000000000001,0.7594501718213058,0.0309278350515463,0.596401028277635,0.6666666666666667,0
4134,1.0,1,1,0.288659793814433,0.2168367346938775,0.6666666666666665,0.17,0.1924398625429553,0.2731958762886597,0.2133676092544987,0.2857142857142857,0
4135,1.0,1,1,0.5670103092783505,0.375,1.0,0.865,0.5326460481099656,0.5051546391752577,0.3547557840616966,0.2312925170068027,1
4136,0.8,0,0,0.6597938144329897,0.6403061224489796,0.5555555555555556,0.5366666666666666,0.3161512027491409,0.1804123711340206,0.5038560411311055,0.5102040816326531,1
4137,0.8,1,1,0.7113402061855669,0.4566326530612244,0.1111111111111111,0.8166666666666667,0.0859106529209622,0.1134020618556701,0.647814910025707,0.653061224489796,1
4138,0.6000000000000001,1,1,0.1134020618556701,0.1147959183673469,0.6666666666666665,0.8466666666666667,0.1065292096219931,0.1030927835051546,0.1233933161953727,0.1020408163265306,1
4139,0.4,0,0,0.5154639175257731,0.4209183673469387,0.8888888888888888,0.1149999999999999,0.1855670103092783,0.4432989690721649,0.429305912596401,0.4625850340136054,0
4140,0.6000000000000001,1,0,0.556701030927835,0.510204081632653,0.1111111111111111,0.05,0.5532646048109966,0.2628865979381443,0.3856041131105398,0.2857142857142857,1
4141,0.4,1,0,0.7113402061855669,0.413265306122449,0.6666666666666665,0.9283333333333336,0.127147766323024,0.5515463917525774,0.467866323907455,0.5578231292517007,1
4142,0.4,1,0,0.5051546391752577,0.4795918367346938,0.3333333333333333,0.2616666666666667,0.4536082474226804,0.2628865979381443,0.4138817480719794,0.5170068027210885,0
4143,0.6000000000000001,0,1,0.7628865979381443,0.7397959183673468,0.3333333333333333,0.905,0.7388316151202748,0.1546391752577319,0.5784061696658098,0.761904761904762,1
4144,0.0,1,1,0.2371134020618556,0.1301020408163265,0.2222222222222222,0.2716666666666667,0.0652920962199312,0.1804123711340206,0.2030848329048843,0.1224489795918367,0
4145,0.6000000000000001,1,0,0.6907216494845361,0.5739795918367346,0.7777777777777777,0.4700000000000001,0.6082474226804123,0.1134020618556701,0.596401028277635,0.2993197278911564,1
4146,0.0,1,0,0.2989690721649484,0.1581632653061224,0.0,0.1516666666666667,0.0034364261168384,0.1958762886597938,0.2467866323907455,0.163265306122449,0
4147,0.4,1,1,0.979381443298969,0.8877551020408162,1.0,0.52,0.4604810996563573,0.6958762886597938,0.974293059125964,0.4421768707482993,1
4148,0.0,0,1,0.5773195876288659,0.3137755102040816,0.0,0.9316666666666668,0.4639175257731958,0.2422680412371134,0.5372750642673523,0.3061224489795918,1
4149,0.8,0,0,0.7628865979381443,0.4668367346938775,0.8888888888888888,0.7983333333333333,0.3127147766323024,0.2886597938144329,0.3830334190231362,0.6802721088435375,1
4150,1.0,0,0,0.0515463917525773,0.0637755102040816,0.0,0.435,0.0309278350515463,0.0206185567010309,0.0411311053984575,0.054421768707483,1
4151,0.6000000000000001,1,0,0.2164948453608247,0.135204081632653,0.8888888888888888,0.2,0.0446735395189003,0.0309278350515463,0.1645244215938303,0.1428571428571428,0
4152,0.6000000000000001,0,0,0.1443298969072164,0.0765306122448979,0.3333333333333333,0.5150000000000001,0.1615120274914089,0.0051546391752577,0.1465295629820051,0.054421768707483,1
4153,0.8,0,0,0.8144329896907216,0.4846938775510204,0.6666666666666665,0.8683333333333334,0.5670103092783505,0.4381443298969072,0.6555269922879178,0.5646258503401361,1
4154,0.2,1,0,0.7731958762886597,0.4285714285714285,0.6666666666666665,0.5050000000000001,0.3814432989690721,0.6237113402061856,0.7712082262210798,0.4829931972789116,1
4155,0.8,1,0,0.134020618556701,0.0790816326530612,0.4444444444444445,0.7966666666666669,0.1305841924398625,0.0154639175257731,0.0951156812339331,0.1496598639455782,1
4156,0.6000000000000001,0,0,0.7422680412371133,0.5918367346938774,0.0,0.2666666666666667,0.7079037800687284,0.6288659793814433,0.6580976863753214,0.6258503401360545,1
4157,0.8,0,1,0.8969072164948453,0.6836734693877551,0.8888888888888888,0.1050000000000001,0.268041237113402,0.4948453608247422,0.6452442159383034,0.8639455782312926,0
4158,0.0,1,0,0.2268041237113401,0.1275510204081632,0.7777777777777777,0.3033333333333333,0.1890034364261168,0.2164948453608247,0.2082262210796915,0.1768707482993197,0
4159,1.0,1,0,0.556701030927835,0.510204081632653,0.1111111111111111,0.7866666666666668,0.3642611683848797,0.3092783505154639,0.3419023136246786,0.5170068027210885,1
4160,0.8,1,0,0.5876288659793814,0.3596938775510204,0.2222222222222222,0.7416666666666667,0.5257731958762887,0.2628865979381443,0.416452442159383,0.2040816326530612,1
4161,0.2,1,0,0.1443298969072164,0.0765306122448979,0.0,0.3550000000000001,0.0137457044673539,0.0670103092783505,0.1105398457583547,0.1496598639455782,0
4162,1.0,0,0,0.0927835051546391,0.0943877551020408,0.0,0.1033333333333333,0.0618556701030927,0.0670103092783505,0.0822622107969151,0.0748299319727891,1
4163,0.4,1,1,0.6597938144329897,0.645408163265306,0.2222222222222222,0.7333333333333334,0.3745704467353952,0.0979381443298969,0.4781491002570694,0.6258503401360545,1
4164,0.6000000000000001,1,0,0.8969072164948453,0.6147959183673468,0.4444444444444445,0.79,0.3848797250859106,0.3144329896907216,0.7994858611825193,0.4965986394557823,1
4165,0.2,1,1,0.6391752577319587,0.4107142857142857,1.0,0.425,0.2061855670103092,0.1288659793814432,0.5089974293059126,0.5034013605442177,1
4166,0.8,0,1,0.8247422680412371,0.4336734693877551,0.5555555555555556,0.4800000000000001,0.3333333333333333,0.0618556701030927,0.5244215938303343,0.326530612244898,1
4167,0.2,1,0,0.0309278350515463,0.0255102040816326,0.6666666666666665,0.5316666666666667,0.0515463917525773,0.0051546391752577,0.0437017994858611,0.0340136054421768,1
4168,0.0,1,0,0.979381443298969,0.798469387755102,0.8888888888888888,0.5116666666666667,0.8350515463917526,0.4072164948453608,0.8251928020565553,0.5102040816326531,1
4169,0.6000000000000001,0,1,0.7113402061855669,0.4183673469387755,0.1111111111111111,0.2250000000000001,0.0584192439862542,0.4948453608247422,0.6169665809768639,0.4217687074829932,0
4170,0.8,0,1,0.1237113402061855,0.0790816326530612,0.6666666666666665,0.8916666666666668,0.1065292096219931,0.0051546391752577,0.0976863753213367,0.1428571428571428,1
4171,0.2,0,0,0.7216494845360825,0.7091836734693877,0.6666666666666665,0.7783333333333333,0.3436426116838488,0.5360824742268041,0.699228791773779,0.272108843537415,1
4172,0.2,1,1,0.845360824742268,0.6607142857142856,0.6666666666666665,0.5716666666666668,0.6666666666666666,0.5927835051546392,0.4524421593830334,0.4693877551020408,1
4173,0.8,0,0,0.422680412371134,0.3469387755102041,0.0,0.99,0.3470790378006873,0.0051546391752577,0.2133676092544987,0.2244897959183673,1
4174,0.0,0,1,0.8865979381443299,0.7525510204081632,0.3333333333333333,0.0716666666666666,0.6872852233676976,0.2525773195876288,0.8483290488431877,0.8299319727891157,0
4175,0.8,0,0,0.3917525773195876,0.3775510204081632,0.3333333333333333,0.8333333333333335,0.2989690721649484,0.3556701030927835,0.3059125964010282,0.2993197278911564,1
4176,0.6000000000000001,0,1,0.6907216494845361,0.4489795918367347,0.8888888888888888,0.3233333333333333,0.2646048109965636,0.5773195876288659,0.3881748071979434,0.5918367346938775,0
4177,0.8,1,0,0.9690721649484536,0.8341836734693877,0.6666666666666665,0.06,0.1993127147766323,0.4381443298969072,0.7660668380462725,0.3333333333333333,0
4178,0.4,0,0,0.6907216494845361,0.413265306122449,0.7777777777777777,0.8083333333333333,0.6735395189003436,0.4432989690721649,0.6889460154241646,0.2448979591836735,1
4179,0.2,0,1,0.3505154639175258,0.3341836734693877,0.7777777777777777,0.72,0.1786941580756013,0.345360824742268,0.1799485861182519,0.2244897959183673,1
4180,0.4,0,0,0.1752577319587628,0.1096938775510204,0.5555555555555556,0.4783333333333334,0.1030927835051546,0.0670103092783505,0.1156812339331619,0.0748299319727891,1
4181,0.6000000000000001,0,1,0.979381443298969,0.7780612244897959,0.8888888888888888,0.285,0.436426116838488,0.1958762886597938,0.9511568123393316,0.7074829931972789,0
4182,0.4,0,0,0.1030927835051546,0.096938775510204,0.3333333333333333,0.3283333333333333,0.0927835051546391,0.0360824742268041,0.0874035989717223,0.0884353741496598,0
4183,0.2,0,0,0.0206185567010309,0.0331632653061224,0.7777777777777777,0.8066666666666666,0.0274914089347079,0.0360824742268041,0.0102827763496143,0.0068027210884353,1
4184,0.4,1,0,0.6597938144329897,0.5408163265306122,0.8888888888888888,0.285,0.4707903780068728,0.5051546391752577,0.4318766066838046,0.326530612244898,0
4185,0.4,1,0,0.134020618556701,0.0765306122448979,0.1111111111111111,0.7716666666666667,0.0103092783505154,0.0618556701030927,0.1311053984575835,0.0476190476190476,1
4186,0.8,0,0,0.3402061855670103,0.2346938775510204,0.0,0.5916666666666668,0.3402061855670103,0.3402061855670103,0.2339331619537275,0.2108843537414966,1
4187,0.6000000000000001,0,1,0.3917525773195876,0.211734693877551,0.1111111111111111,0.6116666666666668,0.3951890034364261,0.3247422680412371,0.3856041131105398,0.2380952380952381,1
4188,0.6000000000000001,0,0,0.4020618556701031,0.3520408163265306,0.3333333333333333,0.1116666666666666,0.0309278350515463,0.0412371134020618,0.2210796915167095,0.3605442176870748,0
4189,0.8,1,0,0.5773195876288659,0.4642857142857143,0.7777777777777777,0.2266666666666666,0.0481099656357388,0.2835051546391752,0.4318766066838046,0.4421768707482993,0
4190,0.8,1,1,0.8659793814432989,0.586734693877551,0.5555555555555556,0.8083333333333333,0.6460481099656358,0.1958762886597938,0.596401028277635,0.3061224489795918,1
4191,0.4,1,0,0.4432989690721649,0.2831632653061224,0.4444444444444445,0.1466666666666667,0.3986254295532646,0.1546391752577319,0.3598971722365038,0.1972789115646258,0
4192,0.4,1,1,1.0,0.943877551020408,0.3333333333333333,0.1416666666666667,0.0206185567010309,0.0463917525773195,0.6966580976863754,0.9659863945578232,0
4193,0.2,0,1,0.3092783505154639,0.1989795918367346,0.4444444444444445,0.6166666666666667,0.3127147766323024,0.1958762886597938,0.2287917737789203,0.1292517006802721,1
4194,1.0,1,1,0.8969072164948453,0.4795918367346938,1.0,0.0483333333333333,0.4570446735395189,0.5876288659793815,0.750642673521851,0.6802721088435375,0
4195,1.0,0,1,0.1958762886597938,0.1173469387755102,0.5555555555555556,0.585,0.0859106529209622,0.1082474226804123,0.1491002570694087,0.1224489795918367,1
4196,0.2,1,0,0.7113402061855669,0.6556122448979591,0.7777777777777777,0.7116666666666667,0.1477663230240549,0.4896907216494845,0.4781491002570694,0.6054421768707483,1
4197,0.4,1,1,0.7835051546391752,0.7295918367346939,0.6666666666666665,0.5766666666666667,0.0618556701030927,0.0927835051546391,0.4473007712082262,0.7482993197278912,1
4198,0.6000000000000001,0,1,0.8659793814432989,0.5841836734693877,0.5555555555555556,0.99,0.7594501718213058,0.7164948453608248,0.7429305912596402,0.3061224489795918,1
4199,0.6000000000000001,1,1,0.5051546391752577,0.4260204081632653,0.4444444444444445,0.295,0.0584192439862542,0.1701030927835051,0.3444730077120823,0.4285714285714286,0
4200,1.0,0,0,0.0412371134020618,0.0433673469387755,1.0,0.8516666666666668,0.0103092783505154,0.0206185567010309,0.0411311053984575,0.0408163265306122,1
4201,0.0,1,1,0.6597938144329897,0.5331632653061223,0.8888888888888888,0.1283333333333334,0.0343642611683848,0.4948453608247422,0.3727506426735218,0.6462585034013606,0
4202,0.0,0,1,0.4639175257731959,0.4260204081632653,0.8888888888888888,0.8366666666666667,0.1237113402061855,0.0824742268041237,0.4498714652956298,0.1836734693877551,1
4203,0.4,1,1,0.7731958762886597,0.4948979591836734,0.6666666666666665,0.975,0.6838487972508591,0.7525773195876289,0.557840616966581,0.54421768707483,1
4204,0.8,1,1,0.6391752577319587,0.5510204081632653,0.2222222222222222,0.2283333333333334,0.2405498281786941,0.5154639175257731,0.6246786632390746,0.2789115646258503,0
4205,0.4,1,0,0.0927835051546391,0.0561224489795918,1.0,0.5250000000000001,0.0962199312714776,0.0876288659793814,0.0514138817480719,0.0884353741496598,1
4206,0.4,0,0,0.8969072164948453,0.4464285714285714,1.0,0.5050000000000001,0.1134020618556701,0.9072164948453608,0.737789203084833,0.8911564625850341,1
4207,0.0,0,1,0.1958762886597938,0.2040816326530612,1.0,0.7750000000000001,0.0,0.1855670103092783,0.1902313624678663,0.1428571428571428,1
4208,0.8,0,1,0.2164948453608247,0.1403061224489795,0.3333333333333333,0.2816666666666667,0.2096219931271477,0.2164948453608247,0.1953727506426735,0.163265306122449,0
4209,0.6000000000000001,1,0,0.8350515463917525,0.4438775510204081,0.7777777777777777,0.9133333333333332,0.3608247422680412,0.056701030927835,0.4730077120822622,0.4013605442176871,1
4210,0.8,1,0,0.0721649484536082,0.0612244897959183,1.0,0.045,0.0137457044673539,0.0618556701030927,0.0488431876606683,0.0816326530612245,0
4211,0.6000000000000001,0,1,0.9278350515463916,0.885204081632653,0.1111111111111111,0.6933333333333334,0.0378006872852233,0.5257731958762887,0.8560411311053985,0.7755102040816327,1
4212,0.6000000000000001,1,0,0.9896907216494844,0.7142857142857142,0.0,0.6916666666666667,0.6701030927835051,0.4948453608247422,0.7326478149100257,0.6258503401360545,1
4213,0.0,0,0,0.0,0.0076530612244897,0.5555555555555556,0.6383333333333334,0.0137457044673539,0.0103092783505154,0.0025706940874035,0.0,1
4214,0.4,0,1,0.3092783505154639,0.2397959183673469,0.2222222222222222,0.7283333333333335,0.2508591065292096,0.1804123711340206,0.2416452442159383,0.1768707482993197,1
4215,1.0,0,0,0.7835051546391752,0.6811224489795917,0.2222222222222222,0.7133333333333334,0.1512027491408934,0.6752577319587628,0.467866323907455,0.5034013605442177,1
4216,0.2,1,0,0.8350515463917525,0.7576530612244897,0.8888888888888888,0.0833333333333333,0.4398625429553264,0.5567010309278351,0.6041131105398458,0.6394557823129252,0
4217,0.2,1,1,0.1958762886597938,0.1249999999999999,0.6666666666666665,0.8366666666666667,0.0034364261168384,0.0309278350515463,0.1568123393316195,0.1700680272108843,1
4218,1.0,0,1,0.0206185567010309,0.0280612244897959,0.1111111111111111,0.305,0.0378006872852233,0.0360824742268041,0.0128534704370179,0.0068027210884353,1
4219,0.6000000000000001,1,1,0.7731958762886597,0.548469387755102,0.8888888888888888,0.6400000000000001,0.0034364261168384,0.0309278350515463,0.3933161953727506,0.3741496598639456,1
4220,0.8,1,1,0.556701030927835,0.413265306122449,1.0,0.6533333333333333,0.4982817869415807,0.4020618556701031,0.455012853470437,0.5034013605442177,1
4221,0.0,1,0,0.845360824742268,0.7831632653061223,0.1111111111111111,0.8050000000000002,0.6529209621993127,0.6855670103092784,0.7789203084832905,0.4693877551020408,1
4222,0.6000000000000001,1,1,0.1134020618556701,0.1020408163265306,0.8888888888888888,0.1866666666666667,0.0206185567010309,0.0463917525773195,0.1259640102827763,0.0816326530612245,0
4223,0.0,0,0,0.8762886597938143,0.7627551020408162,0.4444444444444445,0.245,0.4879725085910653,0.7628865979381443,0.7172236503856042,0.4149659863945578,0
4224,0.0,0,0,0.2577319587628866,0.2066326530612244,0.6666666666666665,0.5166666666666668,0.0309278350515463,0.0979381443298969,0.1491002570694087,0.1904761904761905,1
4225,1.0,1,1,0.0618556701030927,0.0382653061224489,0.3333333333333333,0.9683333333333336,0.0103092783505154,0.056701030927835,0.0591259640102827,0.0272108843537415,1
4226,1.0,1,1,0.3711340206185567,0.2551020408163265,0.7777777777777777,0.51,0.2646048109965636,0.0979381443298969,0.2467866323907455,0.1836734693877551,1
4227,1.0,1,1,0.0515463917525773,0.058673469387755,0.0,0.9483333333333336,0.0378006872852233,0.0257731958762886,0.0282776349614395,0.0340136054421768,1
4228,0.8,1,1,0.0206185567010309,0.0280612244897959,0.0,0.3266666666666667,0.0137457044673539,0.0103092783505154,0.0205655526992287,0.0272108843537415,1
4229,0.2,1,1,0.3092783505154639,0.2295918367346938,0.2222222222222222,0.305,0.2302405498281786,0.0979381443298969,0.1928020565552699,0.2448979591836735,0
4230,0.6000000000000001,1,0,0.7525773195876289,0.5586734693877551,0.3333333333333333,0.7350000000000001,0.2268041237113402,0.3556701030927835,0.4447300771208226,0.7482993197278912,1
4231,0.4,0,0,0.3608247422680412,0.336734693877551,0.1111111111111111,0.8666666666666667,0.1615120274914089,0.0824742268041237,0.352185089974293,0.3605442176870748,1
4232,1.0,1,0,0.3195876288659794,0.2244897959183673,0.8888888888888888,0.6616666666666668,0.3024054982817869,0.0927835051546391,0.2827763496143959,0.1768707482993197,1
4233,0.2,1,1,0.0,0.0051020408163265,1.0,0.6883333333333335,0.0,0.0103092783505154,0.0051413881748071,0.0068027210884353,1
4234,0.2,0,0,0.7113402061855669,0.4260204081632653,0.2222222222222222,0.7566666666666668,0.0378006872852233,0.0257731958762886,0.686375321336761,0.4625850340136054,1
4235,0.6000000000000001,0,1,0.134020618556701,0.1224489795918367,0.6666666666666665,0.895,0.140893470790378,0.0515463917525773,0.0771208226221079,0.0952380952380952,1
4236,0.0,0,0,0.288659793814433,0.1581632653061224,0.0,0.6516666666666668,0.268041237113402,0.2319587628865979,0.2210796915167095,0.1700680272108843,1
4237,0.6000000000000001,1,1,0.1752577319587628,0.1275510204081632,0.5555555555555556,0.2266666666666666,0.0790378006872852,0.1804123711340206,0.1208226221079691,0.1768707482993197,0
4238,0.0,0,0,0.9175257731958762,0.760204081632653,0.3333333333333333,0.0366666666666667,0.9003436426116839,0.4896907216494845,0.4755784061696658,0.4013605442176871,0
4239,0.0,0,0,0.2061855670103092,0.183673469387755,0.0,0.055,0.1168384879725085,0.0309278350515463,0.1516709511568123,0.1020408163265306,1
4240,0.0,0,1,0.845360824742268,0.5790816326530611,0.6666666666666665,0.2583333333333334,0.0137457044673539,0.6907216494845361,0.7583547557840618,0.6394557823129252,0
4241,0.2,1,1,0.0206185567010309,0.010204081632653,0.4444444444444445,0.8116666666666668,0.0343642611683848,0.0103092783505154,0.0334190231362467,0.0340136054421768,1
4242,0.4,1,1,0.556701030927835,0.3954081632653061,0.7777777777777777,0.7466666666666668,0.3539518900343642,0.0051546391752577,0.5501285347043703,0.4285714285714286,1
4243,1.0,0,1,0.8247422680412371,0.6836734693877551,0.1111111111111111,0.5716666666666668,0.5292096219931272,0.3969072164948453,0.5398457583547558,0.2789115646258503,1
4244,0.0,0,1,0.1443298969072164,0.0790816326530612,0.3333333333333333,0.945,0.0,0.1391752577319587,0.1028277634961439,0.0884353741496598,1
4245,0.6000000000000001,0,0,0.1649484536082474,0.135204081632653,1.0,0.9333333333333332,0.0652920962199312,0.0876288659793814,0.1028277634961439,0.0612244897959183,1
4246,1.0,0,1,0.6494845360824741,0.6020408163265305,0.0,0.3450000000000001,0.0171821305841924,0.5257731958762887,0.4010282776349614,0.54421768707483,1
4247,0.2,1,1,0.2989690721649484,0.2857142857142857,0.1111111111111111,0.9516666666666668,0.0515463917525773,0.1237113402061855,0.1748071979434447,0.2448979591836735,1
4248,0.6000000000000001,0,0,0.2989690721649484,0.2423469387755102,0.5555555555555556,0.8666666666666667,0.2199312714776632,0.268041237113402,0.2724935732647814,0.2993197278911564,1
4249,0.8,1,1,0.5257731958762886,0.3622448979591837,0.1111111111111111,0.0866666666666666,0.4329896907216495,0.2525773195876288,0.2622107969151671,0.2380952380952381,0
4250,0.8,1,0,0.0927835051546391,0.0943877551020408,0.6666666666666665,0.9783333333333336,0.0824742268041237,0.0773195876288659,0.1002570694087403,0.108843537414966,1
4251,0.2,1,1,0.5979381443298969,0.3341836734693877,0.5555555555555556,0.7183333333333335,0.0446735395189003,0.2216494845360824,0.5398457583547558,0.4693877551020408,1
4252,0.0,1,1,0.6082474226804123,0.3647959183673469,0.8888888888888888,0.5750000000000002,0.4982817869415807,0.0103092783505154,0.5835475578406171,0.3129251700680272,1
4253,0.6000000000000001,0,0,0.4020618556701031,0.3520408163265306,0.4444444444444445,0.0,0.2611683848797251,0.1082474226804123,0.2082262210796915,0.1496598639455782,0
4254,1.0,1,1,0.7010309278350515,0.6607142857142856,0.5555555555555556,0.9933333333333334,0.4501718213058419,0.3402061855670103,0.5989717223650386,0.3877551020408163,1
4255,0.0,0,1,0.8969072164948453,0.6989795918367346,0.2222222222222222,0.12,0.6254295532646048,0.768041237113402,0.8586118251928021,0.4149659863945578,0
4256,0.8,1,0,0.4742268041237113,0.298469387755102,0.2222222222222222,0.2350000000000001,0.2886597938144329,0.0670103092783505,0.4601542416452442,0.217687074829932,0
4257,0.6000000000000001,1,1,0.7422680412371133,0.4591836734693877,0.1111111111111111,0.08,0.4914089347079037,0.6494845360824743,0.4524421593830334,0.6666666666666667,0
4258,0.0,1,0,0.979381443298969,0.693877551020408,0.8888888888888888,0.0716666666666666,0.4604810996563573,0.8505154639175257,0.506426735218509,0.5578231292517007,0
4259,1.0,1,1,0.979381443298969,0.568877551020408,0.7777777777777777,0.0766666666666666,0.8075601374570447,0.6649484536082474,0.6812339331619538,0.8843537414965987,0
4260,0.0,0,1,0.4432989690721649,0.2857142857142857,0.6666666666666665,0.3483333333333334,0.4604810996563573,0.1185567010309278,0.3881748071979434,0.4013605442176871,0
4261,1.0,1,0,0.8865979381443299,0.7397959183673468,0.4444444444444445,0.4333333333333333,0.5773195876288659,0.7164948453608248,0.7917737789203085,0.6734693877551021,1
4262,0.6000000000000001,1,1,0.288659793814433,0.183673469387755,0.2222222222222222,0.9683333333333336,0.0481099656357388,0.2319587628865979,0.1491002570694087,0.1564625850340136,1
4263,1.0,1,0,0.1134020618556701,0.0688775510204081,1.0,0.4,0.0343642611683848,0.1185567010309278,0.0745501285347043,0.1292517006802721,0
4264,0.6000000000000001,1,0,0.4948453608247422,0.3163265306122449,0.6666666666666665,0.9416666666666668,0.1615120274914089,0.4175257731958763,0.493573264781491,0.4285714285714286,1
4265,1.0,1,1,0.0824742268041237,0.0510204081632653,0.5555555555555556,0.0283333333333333,0.0962199312714776,0.0257731958762886,0.0771208226221079,0.054421768707483,0
4266,0.0,0,1,0.3195876288659794,0.2806122448979591,1.0,0.4316666666666667,0.1443298969072164,0.1494845360824742,0.2750642673521851,0.1292517006802721,1
4267,0.4,0,0,0.6494845360824741,0.6020408163265305,0.8888888888888888,0.2616666666666667,0.0412371134020618,0.6391752577319587,0.4575835475578406,0.4965986394557823,0
4268,0.2,0,0,0.4020618556701031,0.3188775510204081,0.3333333333333333,0.8,0.281786941580756,0.0360824742268041,0.3547557840616966,0.3945578231292517,1
4269,0.2,1,0,0.9278350515463916,0.7499999999999999,0.4444444444444445,0.5116666666666667,0.6116838487972508,0.6082474226804123,0.910025706940874,0.8163265306122449,1
